First Name,Last Name,Display Name,Mobile Number,Home Number,Email,Additional Emails,Company,Role,Work Number,Bills to,Accepts bills from,Tags,Notes,ID,Customer Type,Customer notifications enabled,Customer is Contractor,Lead Source,Customer created at,Do Not Service,Last service date,Lifetime value,Address_1 Street Line 1,Address_1 Street Line 2,Address_1 City,Address_1 State,Address_1 Postal Code,Address_1 Billing?,Address_1 Notes,Address_2 Street Line 1,Address_2 Street Line 2,Address_2 City,Address_2 State,Address_2 Postal Code,Address_2 Billing?,Address_2 Notes
Samantha,Anderson,Samantha Anderson,2258595506,,samantha.anderson251@yahoo.com,,,,,,,'New Client',,229345092,renter,false,false,,2023-04-22T00:00:00Z,false,2024-01-12T00:00:00Z,"$2,889.69",6817 Spruce St,,Herndon,VA,20170,,,,,,,,,
Laura,Bennett,Laura Bennett,4849281106,,laura.bennett778@yahoo.com,,,,,,,'Large Yard',,250992979,renter,true,false,Nextdoor,2022-07-18T00:00:00Z,false,2023-01-24T00:00:00Z,"$4,067.97",22398 High St,,Martinsburg,WV,25401,,,,,,,,,
Jonathan,Thomas,Jonathan Thomas,5871805803,,jonathan.thomas850@outlook.com,,,manager,,,,'Weekly Client',Gate around back,210709497,homeowner,true,false,Facebook,2023-04-22T00:00:00Z,false,2023-06-19T00:00:00Z,"$1,824.61",37937 Valley Rd,Unit B,Burke,VA,22015,,,,,,,,,
Melissa,Rivera,Melissa Rivera,4147865374,,melissa.rivera719@gmail.com,,,,,,,'New Client',Call before arriving,207507864,homeowner,true,false,,2023-04-15T00:00:00Z,false,2023-05-08T00:00:00Z,"$3,864.22",35105 Church St,,Fairfax,VA,22030,,,,,,,,,
Larry,Ortiz,Larry Ortiz,5223179179,,larry.ortiz406@icloud.com,,,,,,,'Auto Pay',Large friendly dogs,248586340,homeowner,true,false,,2023-03-26T00:00:00Z,false,2023-06-11T00:00:00Z,"$2,445.73",17459 Hill Rd,,Reston,VA,20190,,,,,,,,,
Karen,Hughes,Karen Hughes,3639117916,,karen.hughes611@gmail.com,,,,,,,'Gate Code Required',,291497616,condo,true,false,,2025-01-04T00:00:00Z,false,2026-01-30T00:00:00Z,"$1,280.76",25109 Hawthorn Dr,,Clifton,VA,20124,,,,,,,,,
Sharon,Lee,Sharon Lee,6641035315,,sharon.lee996@outlook.com,,,,,,,'Small Yard',2 dogs - Goldendoodle. Gate code: 9317,220513739,renter,true,false,Yard Sign,2024-02-05T00:00:00Z,false,2025-03-08T00:00:00Z,$775.44,33371 Park Ave,Suite 100,Vienna,VA,22180,,,,,,,,,
John,Anderson,John Anderson,5719996038,,john.anderson246@gmail.com,,,,,,,'Small Yard',,217232410,renter,false,false,,2024-08-31T00:00:00Z,false,2025-06-15T00:00:00Z,$792.61,37282 Washington Blvd,,Springfield,VA,22150,,,,,,,,,
Anna,Gutierrez,Anna Gutierrez,9063056107,,anna.gutierrez409@hotmail.com,,,,,,,'VIP',,278961459,homeowner,true,false,Nextdoor,2025-02-08T00:00:00Z,false,2025-06-12T00:00:00Z,"$2,824.51",34019 Hickory Ln,,Shepherdstown,WV,25443,,,,,,,,,
William,Jones,William Jones,5381729423,,william.jones244@hotmail.com,,,,,,,'Needs Reminder',No gate,254634663,homeowner,false,false,,2023-01-25T00:00:00Z,false,2023-03-21T00:00:00Z,$465.27,14140 Spruce St,,Rockville,MD,20850,,,,,,,,,
Cynthia,Gutierrez,Cynthia Gutierrez,2557892612,,cynthia.gutierrez63@icloud.com,,,,,,,'Auto Pay',Large friendly dogs,224627347,homeowner,true,false,Nextdoor,2023-07-25T00:00:00Z,false,2024-03-24T00:00:00Z,"$1,199.07",7261 Church St,,Centreville,VA,20120,,,,,,,,,
Katherine,Cox,Katherine Cox,2151954872,,katherine.cox171@icloud.com,,,,,,,,Large friendly dogs,200289289,homeowner,false,false,,2024-03-10T00:00:00Z,true,,"$4,447.29",31646 Spring St,Suite 100,Rockville,MD,20850,,,,,,,,,
Raymond,Ortiz,Raymond Ortiz,6982584111,,raymond.ortiz304@yahoo.com,,,owner,,,,'Weekly Client',,207634247,homeowner,true,false,Other,2024-11-06T00:00:00Z,false,2024-12-24T00:00:00Z,"$4,086.44",38057 Spruce St,,Hamilton,VA,20158,,,,,,,,,
Stephanie,Thomas,Stephanie Thomas,7833521651,,stephanie.thomas635@gmail.com,,,,,,,,Call before arriving,232035886,condo,false,false,Other,2023-06-28T00:00:00Z,false,2024-01-23T00:00:00Z,$628.22,38351 Chestnut St,Apt 2,Ranson,WV,25438,,,,,,,,,
Barbara,Johnson,Barbara Johnson,6697362638,,barbara.johnson76@outlook.com,,,,,,,,Call before arriving,238250360,condo,true,false,Other,2022-11-20T00:00:00Z,true,,"$4,001.98",33253 Main St,,Arlington,VA,22201,,,,,,,,,
Kenneth,Foster,Kenneth Foster,3069993200,,kenneth.foster271@gmail.com,,,,,,,'Needs Reminder',4 dogs. Gate code: 6617,292274302,homeowner,false,false,Yard Sign,2023-06-25T00:00:00Z,false,2024-03-16T00:00:00Z,"$2,344.95",36356 River Rd,,Ashburn,VA,20147,,,,,,,,,
Jennifer,Smith,Jennifer Smith,5418893143,,jennifer.smith653@hotmail.com,,,owner,,,,'Auto Pay',,292747083,homeowner,true,false,,2022-11-02T00:00:00Z,false,2023-08-15T00:00:00Z,$172.94,29056 Aspen Ct,Unit B,Fairfax,VA,22030,,,,,,,,,
Thomas,Garcia,Thomas Garcia,5154731653,,thomas.garcia921@hotmail.com,,,,,,,,,231774346,homeowner,true,false,,2022-11-29T00:00:00Z,false,2023-03-06T00:00:00Z,"$4,230.80",16453 Park Ave,,Arlington,VA,22201,,,,,,,,,
Christine,Perry,Christine Perry,4543733608,,christine.perry807@gmail.com,,,,,,,'Small Yard',Gate around back,230547349,homeowner,true,false,Nextdoor,2023-04-02T00:00:00Z,false,2023-04-21T00:00:00Z,"$3,168.16",2637 Cherry St,,Clifton,VA,20124,,,,,,,,,
Kimberly,Hall,Kimberly Hall,8566217548,,kimberly.hall696@outlook.com,,,,,,,'Needs Reminder',,280070438,homeowner,true,false,Referral,2024-06-08T00:00:00Z,false,2024-12-08T00:00:00Z,"$3,497.02",1908 Lake Dr,,Centreville,VA,20120,,,,,,,,,
Pamela,Harris,Pamela Harris,4601458144,,pamela.harris2@outlook.com,,,,,,,'Back Yard Only',,296603781,homeowner,false,false,Facebook,2023-09-08T00:00:00Z,false,2024-05-31T00:00:00Z,"$1,484.57",13012 Grove St,,Germantown,MD,20874,,,,,,,,,
Stephen,Taylor,Stephen Taylor,3965307211,,stephen.taylor694@yahoo.com,,,,,,,'Gate Code Required',Large friendly dogs,277844239,condo,false,false,Google,2023-10-22T00:00:00Z,false,2024-06-23T00:00:00Z,"$2,120.57",26712 Aspen Ct,Suite 100,Haymarket,VA,20169,,,,,,,,,
Raymond,Hernandez,Raymond Hernandez,4906276491,,raymond.hernandez96@yahoo.com,,,manager,,,,'Weekly Client',,261124923,condo,false,false,Google,2024-04-28T00:00:00Z,false,2025-03-23T00:00:00Z,"$2,763.22",14822 Valley Rd,,Haymarket,VA,20169,,,,,,,,,
Stephanie,Young,Stephanie Young,3517711090,,stephanie.young915@gmail.com,,,owner,,,,'Long Term',,261265269,renter,true,false,,2022-10-01T00:00:00Z,false,2023-06-02T00:00:00Z,"$3,204.37",14441 Sunset Blvd,Suite 100,Martinsburg,WV,25401,,,,,,,,,
Brandon,Jenkins,Brandon Jenkins,7165369976,,brandon.jenkins457@yahoo.com,,,,,,,'Small Yard',No gate,284120751,condo,true,false,Nextdoor,2023-05-05T00:00:00Z,false,2023-09-29T00:00:00Z,"$2,111.39",29595 Main St,Suite 100,Gaithersburg,MD,20877,,,,,,,,,
Joshua,Green,Joshua Green,7531823267,,joshua.green155@yahoo.com,,,,,,,'New Client',No gate,255804273,homeowner,true,false,,2022-05-08T00:00:00Z,true,,"$3,997.88",10114 Spring St,,Clifton,VA,20124,,,,,,,,,
Edward,Cooper,Edward Cooper,2064605892,,edward.cooper772@icloud.com,,,manager,,,,,4 dogs. Gate code: 8999,236632757,homeowner,false,false,,2024-06-11T00:00:00Z,false,2025-02-21T00:00:00Z,$139.32,35372 Spruce St,Suite 100,Ranson,WV,25438,,,,,,,,,
Cynthia,Taylor,Cynthia Taylor,8376461441,,cynthia.taylor929@icloud.com,,,,,,,'Small Yard',,234917589,homeowner,false,false,Referral,2024-02-16T00:00:00Z,false,2024-08-08T00:00:00Z,"$1,015.97",5601 Linden Ln,,Leesburg,VA,20175,,,,,,,,,
Rebecca,Allen,Rebecca Allen,2835811317,,rebecca.allen768@outlook.com,,,,,,,'Large Yard',,233189803,homeowner,false,false,Facebook,2023-02-13T00:00:00Z,false,2023-03-02T00:00:00Z,"$2,982.41",23035 Mill Rd,Unit B,Hamilton,VA,20158,,,,,,,,,
Larry,Ramirez,Larry Ramirez,6768165198,,larry.ramirez786@hotmail.com,,,manager,,,,'Large Yard',Gate around back,214508768,renter,false,false,Facebook,2025-03-31T00:00:00Z,false,2025-04-20T00:00:00Z,"$4,458.66",39807 Hawthorn Dr,Unit B,Fairfax,VA,22030,,,,,,,,,
Carolyn,Sanchez,Carolyn Sanchez,2777064978,,carolyn.sanchez105@hotmail.com,,,,,,,'New Client',,267908907,homeowner,false,false,,2023-11-30T00:00:00Z,false,2023-12-13T00:00:00Z,"$4,077.96",37188 Cedar Ln,,Sterling,VA,20164,,,,,,,,,
Samantha,Rogers,Samantha Rogers,9242568135,,samantha.rogers181@outlook.com,,,,,,,'Small Yard',Call before arriving,232949803,homeowner,false,false,,2022-06-27T00:00:00Z,true,,"$4,231.83",35369 Cherry St,,Woodbridge,VA,22191,,,,,,,,,
Brandon,Sanders,Brandon Sanders,5884441470,,brandon.sanders507@hotmail.com,,,,,,,'Multiple Dogs',,269340535,homeowner,true,false,Yard Sign,2023-01-27T00:00:00Z,false,2023-03-18T00:00:00Z,"$1,158.51",32052 Spring St,,Vienna,VA,22180,,,,,,,,,
Samuel,Ortiz,Samuel Ortiz,7025581282,,samuel.ortiz96@hotmail.com,,,,,,,'Multiple Dogs',Call before arriving,257110154,homeowner,true,false,,2025-02-01T00:00:00Z,false,2025-07-27T00:00:00Z,"$1,688.69",26602 Church St,,Alexandria,VA,22301,,,,,,,,,
Sandra,Thomas,Sandra Thomas,9382976169,,sandra.thomas123@outlook.com,,,,,,,'Gate Code Required',Gate around back,213492385,homeowner,true,false,,2023-02-02T00:00:00Z,true,,"$1,091.92",12652 Spring St,Unit B,Vienna,VA,22180,,,,,,,,,
Thomas,Scott,Thomas Scott,2461555786,,thomas.scott715@yahoo.com,,,,,,,'Long Term',Call before arriving,224744872,homeowner,true,false,Yard Sign,2022-04-16T00:00:00Z,false,2022-08-30T00:00:00Z,"$4,517.11",6823 Oak St,Apt 2,Rockville,MD,20850,,,,,,,,,
Gary,Martinez,Gary Martinez,7907441878,,gary.martinez156@yahoo.com,,,,,,,'Large Yard',Large friendly dogs,260467027,homeowner,true,false,,2024-06-25T00:00:00Z,true,,"$4,128.80",5682 Church St,,Haymarket,VA,20169,,,,,,,,,
Raymond,Gonzalez,Raymond Gonzalez,9813124457,,raymond.gonzalez271@gmail.com,,,manager,,,,'Monthly Client',No gate,292525827,homeowner,true,false,Facebook,2024-08-20T00:00:00Z,false,2025-01-23T00:00:00Z,$156.67,15819 Sunset Blvd,Apt 2,Fairfax,VA,22030,,,,,,,,,
Barbara,Morales,Barbara Morales,4393704241,,barbara.morales436@gmail.com,,,,,,,'Small Yard',,222269779,renter,false,false,Yard Sign,2023-09-22T00:00:00Z,false,2024-07-29T00:00:00Z,"$3,595.00",14833 Linden Ln,,Germantown,MD,20874,,,,,,,,,
Cynthia,Powell,Cynthia Powell,5118167594,,cynthia.powell966@hotmail.com,,,,,,,'Needs Reminder',Call before arriving,281029073,condo,true,false,Facebook,2023-05-28T00:00:00Z,false,2023-06-17T00:00:00Z,$438.37,35488 Dogwood Dr,,Bethesda,MD,20814,,,,,,,,,
Pamela,Garcia,Pamela Garcia,9818743870,,pamela.garcia482@outlook.com,,,,,,,'Back Yard Only',,263083727,condo,true,false,,2023-12-14T00:00:00Z,false,2024-07-17T00:00:00Z,"$1,599.88",18329 Sunset Blvd,Apt 2,Shepherdstown,WV,25443,,,,,,,,,
Timothy,Powell,Timothy Powell,7073957561,,timothy.powell834@outlook.com,,,owner,,,,'Multiple Dogs',,288269682,homeowner,true,false,Yard Sign,2025-01-16T00:00:00Z,true,,"$1,983.59",29907 Washington Blvd,,Purcellville,VA,20132,,,,,,,,,
Amy,Hughes,Amy Hughes,6528781845,,amy.hughes209@hotmail.com,,,,,,,'Bi-Weekly Client',,241708177,homeowner,true,false,,2025-02-02T00:00:00Z,false,2025-02-16T00:00:00Z,"$2,650.81",18976 Hickory Ln,Unit B,Herndon,VA,20170,,,,,,,,,
Jessica,Myers,Jessica Myers,3576105781,,jessica.myers522@hotmail.com,,,,,,,'Auto Pay',3 dogs. Gate code: 7284,280447099,homeowner,false,false,,2024-11-06T00:00:00Z,false,2025-11-30T00:00:00Z,"$4,220.77",31721 Cherry St,,Ranson,WV,25438,,,,,,,,,
Nicholas,Wright,Nicholas Wright,2023895891,,nicholas.wright858@outlook.com,,,owner,,,,'Multiple Dogs',Large friendly dogs,261115319,homeowner,false,false,,2023-10-22T00:00:00Z,false,2024-02-02T00:00:00Z,"$4,707.72",9838 Hickory Ln,Apt 2,Rockville,MD,20850,,,,,,,,,
Timothy,Garcia,Timothy Garcia,5258628749,,timothy.garcia723@icloud.com,,,manager,,,,'Auto Pay',,259096899,homeowner,true,false,Referral,2022-07-24T00:00:00Z,false,2023-04-26T00:00:00Z,"$4,370.12",10068 Dogwood Dr,,Clifton,VA,20124,,,,,,,,,
Katherine,Martin,Katherine Martin,2765805342,,katherine.martin347@outlook.com,,,,,,,'New Client',,282874006,homeowner,true,false,,2022-05-21T00:00:00Z,false,2022-09-25T00:00:00Z,"$3,029.57",5363 Summit Ave,Suite 100,Charles Town,WV,25414,,,,,,,,,
Richard,Price,Richard Price,9209932646,,richard.price455@yahoo.com,,,,,,,'Gate Code Required',Large friendly dogs,219538047,condo,true,false,Google,2023-05-16T00:00:00Z,false,2024-02-18T00:00:00Z,"$1,977.85",1997 Cedar Ln,,Haymarket,VA,20169,,,,,,,,,
Daniel,Hernandez,Daniel Hernandez,8249917267,,daniel.hernandez635@yahoo.com,,,owner,,,,'Back Yard Only',Gate around back,289501846,condo,true,false,,2022-01-20T00:00:00Z,false,2022-09-22T00:00:00Z,"$4,325.81",38317 River Rd,,Rockville,MD,20850,,,,,,,,,
Jeffrey,Hall,Jeffrey Hall,8014067951,,jeffrey.hall707@hotmail.com,,,,,,,'Bi-Weekly Client',Call before arriving,277149951,condo,true,false,,2023-08-29T00:00:00Z,false,2024-08-28T00:00:00Z,"$1,417.11",19899 Valley Rd,,Frederick,MD,21701,,,,,,,,,
Larry,Morales,Larry Morales,9968621803,,larry.morales933@outlook.com,,,manager,,,,'VIP',Gate around back,290968005,condo,true,false,Other,2022-10-08T00:00:00Z,false,2023-09-01T00:00:00Z,$466.39,18856 Mill Rd,Apt 2,Rockville,MD,20850,,,,,,,,,
Jeffrey,Jones,Jeffrey Jones,7934733153,,jeffrey.jones93@hotmail.com,,,manager,,,,'Large Yard',Gate around back,222084778,homeowner,true,false,Referral,2023-06-11T00:00:00Z,false,2024-02-19T00:00:00Z,"$4,643.44",27330 Sunset Blvd,,Warrenton,VA,20186,,,,,,,,,
Cynthia,Martinez,Cynthia Martinez,3448724696,,cynthia.martinez881@icloud.com,,,,,,,'Auto Pay',Call before arriving,290305496,condo,true,false,Yard Sign,2023-06-21T00:00:00Z,false,2024-04-22T00:00:00Z,"$1,828.92",6018 Willow Dr,,Burke,VA,22015,,,,,,,,,
Jacob,Brown,Jacob Brown,8346746374,,jacob.brown938@outlook.com,,,,,,,,Large friendly dogs,215659979,homeowner,true,false,,2022-10-14T00:00:00Z,false,2022-11-13T00:00:00Z,"$4,542.06",4242 Cypress Ave,Suite 100,Alexandria,VA,22301,,,,,,,,,
Donald,Ward,Donald Ward,3384978432,,donald.ward380@outlook.com,,,,,,,'Small Yard',Gate around back,204391105,homeowner,true,false,Facebook,2024-01-29T00:00:00Z,false,2024-05-26T00:00:00Z,"$2,128.24",38591 River Rd,,Ranson,WV,25438,,,,,,,,,
Debra,Mitchell,Debra Mitchell,7577606876,,debra.mitchell63@icloud.com,,,,,,,'Bi-Weekly Client',,206788532,renter,true,false,,2023-11-15T00:00:00Z,true,,"$4,746.34",12539 Lake Dr,Suite 100,Woodbridge,VA,22191,,,,,,,,,
Anthony,Bennett,Anthony Bennett,4219324817,,anthony.bennett337@yahoo.com,,,owner,,,,'Gate Code Required',,288725654,homeowner,true,false,,2022-02-22T00:00:00Z,false,2022-05-07T00:00:00Z,$71.33,18271 River Rd,,Round Hill,VA,20141,,,,,,,,,
Daniel,King,Daniel King,2532297897,,daniel.king539@gmail.com,,,owner,,,,'Auto Pay',No gate,267624084,condo,true,false,Other,2023-03-30T00:00:00Z,false,2024-02-14T00:00:00Z,$208.15,31311 Hickory Ln,Suite 100,Lovettsville,VA,20180,,,,,,,,,
Samuel,Brown,Samuel Brown,2625907580,,samuel.brown437@gmail.com,,,owner,,,,'Needs Reminder',,236912022,homeowner,true,false,Other,2025-04-13T00:00:00Z,false,2026-01-25T00:00:00Z,"$3,418.33",29169 Elm St,,Rockville,MD,20850,,,,,,,,,
Nicholas,James,Nicholas James,6402012874,,nicholas.james874@outlook.com,,,,,,,'Multiple Dogs',Large friendly dogs,255833185,condo,true,false,,2022-07-14T00:00:00Z,false,2022-12-28T00:00:00Z,"$2,048.47",28285 Hickory Ln,,Arlington,VA,22201,,,,,,,,,
Debra,Peterson,Debra Peterson,2681932398,,debra.peterson96@icloud.com,,,,,,,'Needs Reminder',,255137801,homeowner,true,false,Google,2023-12-26T00:00:00Z,false,2024-12-07T00:00:00Z,"$4,517.42",24521 Hill Rd,Apt 2,Ashburn,VA,20147,,,,,,,,,
Scott,Flores,Scott Flores,5602069313,,scott.flores218@yahoo.com,,,manager,,,,'Multiple Dogs',2 dogs. Gate code: 5564,257594492,renter,true,false,,2025-02-22T00:00:00Z,true,,"$3,928.45",14796 Park Ave,,Gaithersburg,MD,20877,,,,,,,,,
Raymond,Powell,Raymond Powell,4731293955,,raymond.powell280@hotmail.com,,,,,,,'Needs Reminder',,219042093,homeowner,false,false,Referral,2022-03-04T00:00:00Z,false,2022-04-26T00:00:00Z,"$3,581.34",23104 Oak St,,Centreville,VA,20120,,,,,,,,,
Carol,Lee,Carol Lee,5784196314,,carol.lee796@outlook.com,,,,,,,'Weekly Client',Gate around back,259473616,homeowner,true,false,,2024-05-18T00:00:00Z,true,,"$2,913.96",3547 River Rd,,Bluemont,VA,20135,,,,,,,,,
Joseph,Hall,Joseph Hall,6402135640,,joseph.hall695@outlook.com,,,,,,,'New Client',,227437207,homeowner,true,false,Nextdoor,2023-09-10T00:00:00Z,false,2024-01-03T00:00:00Z,"$3,683.28",34633 Union St,,Rockville,MD,20850,,,,,,,,,
James,Bailey,James Bailey,9645403878,,james.bailey133@icloud.com,,,,,,,'Bi-Weekly Client',Large friendly dogs,202515446,renter,false,false,Other,2024-07-30T00:00:00Z,false,2024-09-14T00:00:00Z,"$4,138.13",15180 Magnolia Ave,Apt 2,Germantown,MD,20874,,,,,,,,,
Emily,Anderson,Emily Anderson,6141216321,,emily.anderson176@outlook.com,,,,,,,'VIP',,253118906,homeowner,true,false,Facebook,2023-09-28T00:00:00Z,false,2024-10-20T00:00:00Z,"$1,629.66",23814 Washington Blvd,,Frederick,MD,21701,,,,,,,,,
Angela,Price,Angela Price,3166439355,,angela.price199@hotmail.com,,,,,,,'Gate Code Required',,287980930,condo,false,false,Referral,2022-06-04T00:00:00Z,true,,"$4,566.20",9779 Church St,,Chantilly,VA,20151,,,,,,,,,
Justin,Cook,Justin Cook,8976786295,,justin.cook885@hotmail.com,,,,,,,'Back Yard Only',,247236885,homeowner,true,false,,2024-11-05T00:00:00Z,false,2024-12-19T00:00:00Z,"$1,489.96",28920 Elm St,,Reston,VA,20190,,,,,,,,,
Andrew,Martinez,Andrew Martinez,8609842479,,andrew.martinez630@outlook.com,,,,,,,'Large Yard',No gate,276726461,renter,true,false,,2023-01-21T00:00:00Z,false,2023-07-11T00:00:00Z,"$2,904.03",25297 Poplar St,Apt 2,Bethesda,MD,20814,,,,,,,,,
Susan,Baker,Susan Baker,9311869266,,susan.baker662@yahoo.com,,,manager,,,,'Auto Pay',Call before arriving,250043345,homeowner,true,false,,2023-08-03T00:00:00Z,false,2024-02-24T00:00:00Z,"$1,962.09",16336 Hickory Ln,,Purcellville,VA,20132,,,,,,,,,
William,Nelson,William Nelson,2966717333,,william.nelson291@hotmail.com,,,,,,,,Large friendly dogs,217307598,condo,true,false,Referral,2022-06-23T00:00:00Z,false,2022-12-05T00:00:00Z,"$2,682.83",21947 Washington Blvd,Apt 2,Reston,VA,20190,,,,,,,,,
Christine,Sullivan,Christine Sullivan,9568019624,,christine.sullivan96@icloud.com,,,,,,,'Monthly Client',No gate,225770506,homeowner,true,false,Yard Sign,2023-04-09T00:00:00Z,true,,$743.74,23812 Maple Ave,,Bethesda,MD,20814,,,,,,,,,
Anna,Perry,Anna Perry,7391386517,,anna.perry898@outlook.com,,,,,,,'Monthly Client',No gate,205864298,homeowner,true,false,Referral,2024-04-21T00:00:00Z,false,2024-10-31T00:00:00Z,"$3,246.54",39241 Meadow Ln,,Herndon,VA,20170,,,,,,,,,
Sandra,Ward,Sandra Ward,4444168684,,sandra.ward926@yahoo.com,,,,,,,'Large Yard',Large friendly dogs,221751079,homeowner,false,false,Yard Sign,2023-02-13T00:00:00Z,false,2023-12-26T00:00:00Z,$664.31,37483 Hickory Ln,,Burke,VA,22015,,,,,,,,,
Stephen,Wilson,Stephen Wilson,9289669452,,stephen.wilson872@gmail.com,,,,,,,,Large friendly dogs,212309586,homeowner,true,false,,2023-03-31T00:00:00Z,false,2023-11-23T00:00:00Z,"$4,246.22",5596 Forest Dr,,Gainesville,VA,20155,,,,,,,,,
Nicholas,Mitchell,Nicholas Mitchell,4414952337,,nicholas.mitchell384@yahoo.com,,,,,,,'Large Yard',,238504300,condo,false,false,Other,2024-08-25T00:00:00Z,true,,"$3,989.33",20985 Park Ave,Suite 100,Leesburg,VA,20175,,,,,,,,,
James,Hernandez,James Hernandez,2193624533,,james.hernandez856@yahoo.com,,,,,,,'VIP',,232002808,homeowner,true,false,Yard Sign,2024-05-09T00:00:00Z,false,2025-04-08T00:00:00Z,"$3,810.72",27838 Lake Dr,Suite 100,Silver Spring,MD,20901,,,,,,,,,
Scott,Ward,Scott Ward,2167479443,,scott.ward589@yahoo.com,,,owner,,,,'Multiple Dogs',,289170406,homeowner,true,false,,2022-06-25T00:00:00Z,false,2023-03-27T00:00:00Z,"$4,678.34",19188 Walnut Ave,,Reston,VA,20190,,,,,,,,,
Jacob,Garcia,Jacob Garcia,8504967116,,jacob.garcia260@gmail.com,,,,,,,'Large Yard',,205950635,condo,false,false,Facebook,2023-12-23T00:00:00Z,false,2024-10-04T00:00:00Z,"$1,625.03",4527 Creek Rd,,Chantilly,VA,20151,,,,,,,,,
Benjamin,White,Benjamin White,3381648498,,benjamin.white38@hotmail.com,,,,,,,,Large friendly dogs,272884346,condo,true,false,Other,2024-08-27T00:00:00Z,false,2025-01-10T00:00:00Z,$175.78,2970 Valley Rd,,McLean,VA,22101,,,,,,,,,
Michael,Long,Michael Long,5393793039,,michael.long819@hotmail.com,,,,,,,'Monthly Client',Call before arriving,269696025,homeowner,true,false,Other,2023-07-01T00:00:00Z,true,,"$3,489.99",26315 Hickory Ln,,Martinsburg,WV,25401,,,,,,,,,
Emily,Adams,Emily Adams,3051816372,,emily.adams677@hotmail.com,,,owner,,,,'Monthly Client',Call before arriving,260012727,homeowner,false,false,,2022-03-28T00:00:00Z,false,2023-04-11T00:00:00Z,"$4,176.18",29323 Hawthorn Dr,Unit B,Haymarket,VA,20169,,,,,,,,,
Samantha,Davis,Samantha Davis,2767877655,,samantha.davis373@outlook.com,,,,,,,'Back Yard Only',,216942307,homeowner,false,false,,2022-05-18T00:00:00Z,true,,"$3,736.87",2140 River Rd,Suite 100,Fairfax,VA,22030,,,,,,,,,
Robert,James,Robert James,3577958371,,robert.james972@hotmail.com,,,manager,,,,'Auto Pay',Call before arriving,287182566,homeowner,true,false,Referral,2023-07-25T00:00:00Z,false,2023-12-06T00:00:00Z,"$4,610.50",29194 Elm St,Apt 2,Burke,VA,22015,,,,,,,,,
Eric,Roberts,Eric Roberts,7752205288,,eric.roberts794@hotmail.com,,,,,,,'VIP',,260672142,homeowner,true,false,,2022-12-20T00:00:00Z,false,2023-12-27T00:00:00Z,"$2,136.53",14162 Juniper Rd,,Shepherdstown,WV,25443,,,,,,,,,
Alexander,Rodriguez,Alexander Rodriguez,7636555757,,alexander.rodriguez913@hotmail.com,,,,,,,'Bi-Weekly Client',4 dogs. Gate code: 3275,266306502,homeowner,true,false,Nextdoor,2022-02-23T00:00:00Z,true,,"$2,659.30",11509 Grove St,Apt 2,Fairfax,VA,22030,,,,,,,,,
Elizabeth,Rodriguez,Elizabeth Rodriguez,5165078842,,elizabeth.rodriguez539@icloud.com,,,manager,,,,'Back Yard Only',No gate,291282683,renter,true,false,Other,2024-11-25T00:00:00Z,false,2025-05-27T00:00:00Z,$616.01,37776 Elm St,,Ranson,WV,25438,,,,,,,,,
Sharon,Bell,Sharon Bell,2569513034,,sharon.bell531@yahoo.com,,,,,,,'Multiple Dogs',,233635675,homeowner,true,false,Nextdoor,2023-02-07T00:00:00Z,true,,"$4,590.49",10890 Forest Dr,,Haymarket,VA,20169,,,,,,,,,
Jonathan,Lopez,Jonathan Lopez,7147563762,,jonathan.lopez607@outlook.com,,,manager,,,,'Multiple Dogs',,210901547,homeowner,true,false,,2022-04-04T00:00:00Z,true,,"$3,700.91",11319 Juniper Rd,Unit B,Reston,VA,20190,,,,,,,,,
Rebecca,Cruz,Rebecca Cruz,8541319159,,rebecca.cruz911@outlook.com,,,,,,,'Gate Code Required',,221217198,homeowner,true,false,,2024-06-19T00:00:00Z,false,2025-01-24T00:00:00Z,"$2,324.41",19898 Cherry St,,Gainesville,VA,20155,,,,,,,,,
Carolyn,Green,Carolyn Green,9519816658,,carolyn.green999@icloud.com,,,,,,,'Multiple Dogs',,235899440,homeowner,false,false,Facebook,2024-07-09T00:00:00Z,true,,$676.21,24383 Magnolia Ave,Apt 2,Herndon,VA,20170,,,,,,,,,
Rebecca,Young,Rebecca Young,3639336364,,rebecca.young957@outlook.com,,,,,,,'Long Term',No gate,203110670,homeowner,true,false,,2022-07-04T00:00:00Z,false,2023-01-28T00:00:00Z,"$2,426.13",12540 Forest Dr,,Warrenton,VA,20186,,,,,,,,,
Michael,Torres,Michael Torres,7067118710,,michael.torres293@outlook.com,,,,,,,'Front and Back',Call before arriving,206072331,homeowner,true,false,Yard Sign,2024-03-31T00:00:00Z,false,2024-05-03T00:00:00Z,"$2,737.35",7144 Walnut Ave,,Round Hill,VA,20141,,,,,,,,,
Deborah,Bell,Deborah Bell,6618825582,,deborah.bell846@outlook.com,,,,,,,'Large Yard',,226717096,homeowner,true,false,Other,2024-11-08T00:00:00Z,false,2025-06-08T00:00:00Z,"$2,400.37",8532 Park Ave,,Sterling,VA,20164,,,,,,,,,
Jacob,Kelly,Jacob Kelly,6672529446,,jacob.kelly144@hotmail.com,,,,,,,'Needs Reminder',No gate,295125446,homeowner,true,false,Yard Sign,2025-02-26T00:00:00Z,false,2025-08-05T00:00:00Z,"$2,279.48",10749 Willow Dr,Apt 2,Warrenton,VA,20186,,,,,,,,,
Rebecca,Brooks,Rebecca Brooks,5159151436,,rebecca.brooks612@icloud.com,,,,,,,'Needs Reminder',Large friendly dogs,219834119,condo,true,false,Google,2023-05-12T00:00:00Z,false,2023-06-04T00:00:00Z,"$2,748.34",38010 Chestnut St,,Manassas,VA,20110,,,,,,,,,
Jeffrey,Green,Jeffrey Green,6282557765,,jeffrey.green708@yahoo.com,,,,,,,'Front and Back',3 dogs. Gate code: 9498,275280948,homeowner,true,false,Google,2023-10-28T00:00:00Z,false,2024-10-08T00:00:00Z,"$2,296.18",32987 Juniper Rd,,Ranson,WV,25438,,,,,,,,,
Jonathan,Baker,Jonathan Baker,7594625331,,jonathan.baker625@icloud.com,,,,,,,'VIP',1 large dog. Gate code: 5735,292642432,renter,true,false,Yard Sign,2024-09-28T00:00:00Z,false,2025-03-16T00:00:00Z,"$2,303.06",16255 High St,Apt 2,McLean,VA,22101,,,,,,,,,
Jessica,Watson,Jessica Watson,8926567220,,jessica.watson918@icloud.com,,,,,,,'Front and Back',No gate,288043078,homeowner,true,false,Yard Sign,2023-06-10T00:00:00Z,true,,"$2,299.58",9699 School St,,Chantilly,VA,20151,,,,,,,,,
Rachel,Wright,Rachel Wright,3402114920,,rachel.wright249@gmail.com,,,,,,,'Bi-Weekly Client',No gate,213494908,homeowner,false,false,Google,2022-10-09T00:00:00Z,false,2022-10-18T00:00:00Z,"$4,629.69",14889 Cypress Ave,,Silver Spring,MD,20901,,,,,,,,,
Katherine,Sanchez,Katherine Sanchez,9743946262,,katherine.sanchez293@gmail.com,,,,,,,,,204877451,condo,true,false,Google,2024-03-24T00:00:00Z,false,2024-12-09T00:00:00Z,$894.30,37726 Mill Rd,Apt 2,Bluemont,VA,20135,,,,,,,,,
Mary,Hill,Mary Hill,7817172758,,mary.hill951@hotmail.com,,,,,,,'Long Term',No gate,236619573,condo,true,false,,2023-01-30T00:00:00Z,false,2023-04-04T00:00:00Z,"$1,587.28",29876 Linden Ln,Apt 2,Gainesville,VA,20155,,,,,,,,,
Mary,Perry,Mary Perry,5459095833,,mary.perry582@yahoo.com,,,,,,,'Bi-Weekly Client',,218872606,homeowner,false,false,Other,2024-09-04T00:00:00Z,false,2025-02-23T00:00:00Z,"$4,491.96",26674 Walnut Ave,Apt 2,Vienna,VA,22180,,,,,,,,,
Laura,Wright,Laura Wright,5374091187,,laura.wright268@hotmail.com,,,,,,,'Monthly Client',Gate around back,292649206,homeowner,true,false,Yard Sign,2022-08-29T00:00:00Z,false,2023-07-29T00:00:00Z,"$4,397.43",4171 Lake Dr,,Springfield,VA,22150,,,,,,,,,
Sarah,Cooper,Sarah Cooper,3565657121,,sarah.cooper426@outlook.com,,,,,,,'Back Yard Only',No gate,270890196,homeowner,true,false,Nextdoor,2024-01-11T00:00:00Z,true,,"$4,402.77",35326 Spring St,Suite 100,Gaithersburg,MD,20877,,,,,,,,,
Jonathan,Martin,Jonathan Martin,3684359525,,jonathan.martin453@gmail.com,,,owner,,,,'Long Term',No gate,217709269,homeowner,false,false,,2024-11-17T00:00:00Z,false,2025-06-24T00:00:00Z,"$2,192.63",38317 Dogwood Dr,,Arlington,VA,22201,,,,,,,,,
Patrick,Williams,Patrick Williams,6053601049,,patrick.williams764@yahoo.com,,,,,,,'Auto Pay',No gate,204259382,homeowner,false,false,Facebook,2023-08-11T00:00:00Z,false,2024-03-14T00:00:00Z,$863.91,3068 Walnut Ave,,Lovettsville,VA,20180,,,,,,,,,
Edward,Cook,Edward Cook,5864842314,,edward.cook700@outlook.com,,,owner,,,,'New Client',3 dogs. Gate code: 3086,200466177,condo,false,false,,2022-02-16T00:00:00Z,true,,"$2,222.42",22891 Lake Dr,,Herndon,VA,20170,,,,,,,,,
Edward,Robinson,Edward Robinson,4535716671,,edward.robinson159@hotmail.com,,,owner,,,,'Needs Reminder',2 medium dogs. Gate code: 1256,227659807,homeowner,true,false,,2022-05-18T00:00:00Z,false,2022-07-15T00:00:00Z,"$2,850.93",7495 Cedar Ln,Suite 100,McLean,VA,22101,,,,,,,,,
Raymond,Garcia,Raymond Garcia,6115494839,,raymond.garcia553@yahoo.com,,,,,,,'Small Yard',Call before arriving,231796721,renter,false,false,Nextdoor,2023-09-11T00:00:00Z,false,2023-11-30T00:00:00Z,"$4,731.34",9283 Magnolia Ave,,Hamilton,VA,20158,,,,,,,,,
Kimberly,Davis,Kimberly Davis,7707053869,,kimberly.davis642@icloud.com,,,,,,,'Large Yard',Large friendly dogs,254795619,renter,true,false,,2022-11-02T00:00:00Z,false,2023-04-11T00:00:00Z,"$1,807.01",3172 Creek Rd,Unit B,Rockville,MD,20850,,,,,,,,,
Kenneth,Russell,Kenneth Russell,3479258586,,kenneth.russell937@gmail.com,,,owner,,,,'New Client',4 dogs. Gate code: 5177,244327148,homeowner,true,false,Referral,2022-06-11T00:00:00Z,false,2023-02-03T00:00:00Z,"$4,066.24",27396 Aspen Ct,Apt 2,Ranson,WV,25438,,,,,,,,,
Paul,Carter,Paul Carter,8897191647,,paul.carter895@gmail.com,,,manager,,,,'VIP',Gate around back,202058055,homeowner,false,false,,2023-03-10T00:00:00Z,false,2023-06-22T00:00:00Z,"$4,617.97",38607 Aspen Ct,,McLean,VA,22101,,,,,,,,,
Rachel,James,Rachel James,9203097498,,rachel.james938@yahoo.com,,,,,,,'Back Yard Only',Gate around back,248270683,condo,true,false,,2024-11-16T00:00:00Z,false,2025-08-04T00:00:00Z,"$2,236.82",18650 Meadow Ln,,Warrenton,VA,20186,,,,,,,,,
Melissa,Green,Melissa Green,6231464625,,melissa.green760@yahoo.com,,,,,,,'Front and Back',,226332415,homeowner,true,false,,2023-11-07T00:00:00Z,false,2024-03-10T00:00:00Z,"$1,823.23",17190 Aspen Ct,Apt 2,Leesburg,VA,20175,,,,,,,,,
Gary,Jenkins,Gary Jenkins,8578579037,,gary.jenkins472@yahoo.com,,,,,,,'Long Term',,270322629,condo,true,false,,2022-03-11T00:00:00Z,false,2022-04-25T00:00:00Z,"$4,536.90",11192 Hill Rd,Unit B,Chantilly,VA,20151,,,,,,,,,
Sarah,Hughes,Sarah Hughes,4361693474,,sarah.hughes10@yahoo.com,,,,,,,'Back Yard Only',No gate,202111482,homeowner,true,false,,2022-01-14T00:00:00Z,true,,"$2,647.89",29985 Grove St,,Bethesda,MD,20814,,,,,,,,,
Andrew,Williams,Andrew Williams,7149328054,,andrew.williams826@yahoo.com,,,,,,,'VIP',Gate around back,247572279,homeowner,true,false,Nextdoor,2023-07-02T00:00:00Z,false,2024-01-28T00:00:00Z,$379.29,6412 Sycamore Ln,,Ashburn,VA,20147,,,,,,,,,
Kenneth,Morales,Kenneth Morales,2827691519,,kenneth.morales96@icloud.com,,,,,,,'Back Yard Only',,267089857,renter,true,false,Google,2024-06-07T00:00:00Z,true,,"$3,765.01",24818 Aspen Ct,,Clifton,VA,20124,,,,,,,,,
Jennifer,Robinson,Jennifer Robinson,4169888790,,jennifer.robinson278@gmail.com,,,,,,,'Monthly Client',,227804291,homeowner,true,false,Google,2022-10-23T00:00:00Z,false,2023-11-19T00:00:00Z,"$3,939.32",18474 Spruce St,Apt 2,Lovettsville,VA,20180,,,,,,,,,
Larry,Walker,Larry Walker,7809547375,,larry.walker694@outlook.com,,,owner,,,,'Auto Pay',,213111164,homeowner,false,false,Facebook,2024-06-14T00:00:00Z,false,2024-10-17T00:00:00Z,"$4,025.64",25255 Hill Rd,Suite 100,Centreville,VA,20120,,,,,,,,,
Patricia,Price,Patricia Price,4799028381,,patricia.price503@yahoo.com,,,,,,,'Back Yard Only',,283029219,homeowner,true,false,Referral,2023-08-28T00:00:00Z,false,2024-01-08T00:00:00Z,"$3,422.92",36343 Meadow Ln,,Chantilly,VA,20151,,,,,,,,,
Carolyn,Price,Carolyn Price,3578577383,,carolyn.price325@hotmail.com,,,owner,,,,'Multiple Dogs',,217784789,renter,false,false,,2022-06-28T00:00:00Z,false,2022-10-08T00:00:00Z,"$2,068.70",6097 Oak St,,Ashburn,VA,20147,,,,,,,,,
Patricia,Lopez,Patricia Lopez,5626672524,,patricia.lopez612@outlook.com,,,,,,,'New Client',2 medium dogs. Gate code: 2387,276767229,homeowner,true,false,,2024-12-03T00:00:00Z,false,2025-03-06T00:00:00Z,"$3,289.52",25346 Oak St,,Warrenton,VA,20186,,,,,,,,,
Paul,Bailey,Paul Bailey,3491643739,,paul.bailey446@hotmail.com,,,,,,,'Multiple Dogs',No gate,279699345,homeowner,false,false,Facebook,2023-02-05T00:00:00Z,false,2023-10-04T00:00:00Z,$513.47,19744 Cherry St,Suite 100,Ranson,WV,25438,,,,,,,,,
Helen,Carter,Helen Carter,5375506484,,helen.carter441@outlook.com,,,owner,,,,'Long Term',Large friendly dogs,242833932,homeowner,true,false,Nextdoor,2023-08-20T00:00:00Z,false,2024-09-06T00:00:00Z,"$3,335.80",19789 Ridge Rd,Apt 2,Herndon,VA,20170,,,,,,,,,
Edward,Scott,Edward Scott,6024732865,,edward.scott955@outlook.com,,,manager,,,,'Weekly Client',1 small dog. Gate code: 8563,258848427,homeowner,false,false,,2023-08-20T00:00:00Z,false,2024-08-15T00:00:00Z,$331.96,38912 Spruce St,,McLean,VA,22101,,,,,,,,,
Samantha,Hill,Samantha Hill,4473583525,,samantha.hill733@icloud.com,,,owner,,,,'Needs Reminder',Large friendly dogs,272966824,renter,true,false,,2022-03-17T00:00:00Z,false,2022-09-24T00:00:00Z,"$3,367.84",4947 Hickory Ln,Apt 2,Clifton,VA,20124,,,,,,,,,
Ashley,Foster,Ashley Foster,8804633725,,ashley.foster663@outlook.com,,,owner,,,,'Large Yard',,201415698,condo,true,false,,2022-07-21T00:00:00Z,false,2022-12-07T00:00:00Z,"$1,065.61",37011 Linden Ln,Unit B,Purcellville,VA,20132,,,,,,,,,
Melissa,Turner,Melissa Turner,6748909199,,melissa.turner155@hotmail.com,,,owner,,,,,,246751880,homeowner,false,false,,2023-10-01T00:00:00Z,false,2024-03-31T00:00:00Z,"$2,185.60",31738 Park Ave,,Leesburg,VA,20175,,,,,,,,,
Jacob,Gonzalez,Jacob Gonzalez,6488398412,,jacob.gonzalez327@gmail.com,,,,,,,'Back Yard Only',2 dogs. Gate code: 3692,269255529,renter,false,false,Other,2022-12-24T00:00:00Z,false,2023-10-09T00:00:00Z,$768.65,3028 Lake Dr,,Haymarket,VA,20169,,,,,,,,,
Stephanie,Hughes,Stephanie Hughes,3882908080,,stephanie.hughes406@gmail.com,,,,,,,'Weekly Client',1 small dog. Gate code: 4519,237358810,renter,true,false,,2022-05-09T00:00:00Z,false,2023-03-07T00:00:00Z,$488.41,29563 Mulberry Ln,,McLean,VA,22101,,,,,,,,,
Betty,Rogers,Betty Rogers,3163689019,,betty.rogers541@hotmail.com,,,,,,,'Multiple Dogs',,290407566,condo,true,false,Other,2023-09-02T00:00:00Z,false,2024-07-19T00:00:00Z,"$2,832.81",25825 Mulberry Ln,,Clifton,VA,20124,,,,,,,,,
Donald,Flores,Donald Flores,3192877116,,donald.flores711@yahoo.com,,,owner,,,,'Needs Reminder',,265319770,homeowner,true,false,Referral,2025-01-05T00:00:00Z,false,2026-01-02T00:00:00Z,"$4,411.97",25558 Birch St,Apt 2,Bethesda,MD,20814,,,,,,,,,
Andrew,Moore,Andrew Moore,3914228389,,andrew.moore635@gmail.com,,,,,,,'Small Yard',No gate,254913082,homeowner,true,false,Nextdoor,2024-10-04T00:00:00Z,false,2025-05-11T00:00:00Z,"$3,408.68",728 Dogwood Dr,,Chantilly,VA,20151,,,,,,,,,
Larry,Brown,Larry Brown,9793255785,,larry.brown34@hotmail.com,,,owner,,,,'Needs Reminder',,276868379,homeowner,true,false,,2022-08-22T00:00:00Z,false,2023-01-13T00:00:00Z,"$3,720.54",35332 School St,,Alexandria,VA,22301,,,,,,,,,
Anna,Ramirez,Anna Ramirez,6352045055,,anna.ramirez305@gmail.com,,,,,,,'Long Term',1 dog - Husky. Gate code: 2923,228169370,homeowner,true,false,Facebook,2023-12-20T00:00:00Z,false,2024-12-24T00:00:00Z,"$2,929.26",17323 Creek Rd,Suite 100,Shepherdstown,WV,25443,,,,,,,,,
Anthony,Davis,Anthony Davis,7834599720,,anthony.davis288@outlook.com,,,,,,,'Gate Code Required',,218198434,condo,true,false,Yard Sign,2024-04-22T00:00:00Z,false,2024-05-29T00:00:00Z,"$4,763.93",11134 Ridge Rd,Unit B,Germantown,MD,20874,,,,,,,,,
Charles,Ortiz,Charles Ortiz,5299485055,,charles.ortiz780@icloud.com,,,manager,,,,'Back Yard Only',No gate,210135622,homeowner,true,false,Yard Sign,2022-07-10T00:00:00Z,false,2023-02-08T00:00:00Z,"$2,474.94",9417 Chestnut St,Unit B,Rockville,MD,20850,,,,,,,,,
Gary,Adams,Gary Adams,7951022526,,gary.adams749@icloud.com,,,,,,,'New Client',No gate,236042404,renter,false,false,Nextdoor,2023-10-24T00:00:00Z,false,2024-03-24T00:00:00Z,"$1,621.22",4250 Spruce St,,Chantilly,VA,20151,,,,,,,,,
Debra,Miller,Debra Miller,2472018529,,debra.miller17@gmail.com,,,,,,,'VIP',Gate around back,221337593,homeowner,true,false,,2023-07-16T00:00:00Z,false,2023-09-08T00:00:00Z,"$3,142.02",29020 Poplar St,,Fairfax,VA,22030,,,,,,,,,
Michael,Turner,Michael Turner,8404124836,,michael.turner440@gmail.com,,,,,,,'Monthly Client',No gate,201246473,homeowner,false,false,Facebook,2022-01-17T00:00:00Z,false,2023-01-15T00:00:00Z,"$1,649.16",171 Spring St,,Ashburn,VA,20147,,,,,,,,,
Kathleen,Martinez,Kathleen Martinez,4344922463,,kathleen.martinez749@gmail.com,,,,,,,'New Client',,209182050,condo,false,false,Referral,2024-12-22T00:00:00Z,false,2025-10-13T00:00:00Z,$40.68,20635 Grove St,,Ashburn,VA,20147,,,,,,,,,
Patrick,Ramirez,Patrick Ramirez,8438663480,,patrick.ramirez942@icloud.com,,,,,,,'Large Yard',Call before arriving,257631581,condo,true,false,Referral,2023-10-07T00:00:00Z,true,,"$1,189.37",14337 Washington Blvd,,Shepherdstown,WV,25443,,,,,,,,,
Scott,Gray,Scott Gray,9387225668,,scott.gray798@gmail.com,,,,,,,'VIP',Gate around back,286727439,homeowner,false,false,,2022-04-22T00:00:00Z,true,,"$2,375.46",13564 Sycamore Ln,Apt 2,Haymarket,VA,20169,,,,,,,,,
Barbara,Howard,Barbara Howard,2124696185,,barbara.howard136@icloud.com,,,,,,,'Large Yard',,278834594,homeowner,false,false,Referral,2022-05-19T00:00:00Z,true,,"$1,258.49",24047 Spruce St,Unit B,Ranson,WV,25438,,,,,,,,,
Andrew,Hughes,Andrew Hughes,9296137806,,andrew.hughes434@icloud.com,,,owner,,,,'Gate Code Required',,268626154,homeowner,true,false,Referral,2023-02-21T00:00:00Z,false,2023-05-18T00:00:00Z,"$2,574.67",35264 Spruce St,Apt 2,Bluemont,VA,20135,,,,,,,,,
Rachel,Morris,Rachel Morris,9479664909,,rachel.morris60@yahoo.com,,,,,,,'Needs Reminder',,216031369,homeowner,false,false,,2022-01-26T00:00:00Z,false,2023-01-30T00:00:00Z,$658.62,28574 Lake Dr,,Bluemont,VA,20135,,,,,,,,,
Eric,Kelly,Eric Kelly,9383653735,,eric.kelly381@yahoo.com,,,owner,,,,'Gate Code Required',Gate around back,295606407,homeowner,true,false,,2025-03-26T00:00:00Z,false,2026-02-17T00:00:00Z,$369.94,7836 Maple Ave,,Woodbridge,VA,22191,,,,,,,,,
Amy,Wood,Amy Wood,3704763577,,amy.wood262@gmail.com,,,,,,,'Small Yard',1 dog - Husky. Gate code: 1201,206171536,homeowner,true,false,Google,2024-08-24T00:00:00Z,true,,"$1,838.30",15068 Magnolia Ave,,Sterling,VA,20164,,,,,,,,,
Carolyn,Perry,Carolyn Perry,8715294678,,carolyn.perry330@yahoo.com,,,,,,,'Needs Reminder',,224071191,homeowner,false,false,Facebook,2023-04-03T00:00:00Z,false,2023-12-30T00:00:00Z,"$4,710.79",21067 High St,Suite 100,Ranson,WV,25438,,,,,,,,,
Donna,Adams,Donna Adams,2886668483,,donna.adams9@hotmail.com,,,,,,,'Front and Back',No gate,249428849,renter,true,false,Yard Sign,2024-10-07T00:00:00Z,false,2025-01-22T00:00:00Z,"$3,515.82",19209 Chestnut St,Suite 100,McLean,VA,22101,,,,,,,,,
James,Evans,James Evans,2243389872,,james.evans355@gmail.com,,,manager,,,,'Bi-Weekly Client',4 dogs. Gate code: 9680,256346728,homeowner,true,false,Yard Sign,2024-10-04T00:00:00Z,false,2024-11-10T00:00:00Z,"$4,668.28",195 Meadow Ln,Suite 100,Centreville,VA,20120,,,,,,,,,
Jennifer,Robinson,Jennifer Robinson,7325227102,,jennifer.robinson470@gmail.com,,,,,,,'Bi-Weekly Client',Large friendly dogs,288911718,homeowner,false,false,,2022-09-25T00:00:00Z,false,2023-01-31T00:00:00Z,"$1,400.04",33223 Hill Rd,Unit B,Ashburn,VA,20147,,,,,,,,,
George,Cook,George Cook,4783392223,,george.cook967@yahoo.com,,,,,,,'Monthly Client',Call before arriving,254561191,homeowner,true,false,Facebook,2022-09-05T00:00:00Z,false,2023-06-13T00:00:00Z,"$1,719.78",38419 Park Ave,,Herndon,VA,20170,,,,,,,,,
Dorothy,Thomas,Dorothy Thomas,2922615984,,dorothy.thomas847@outlook.com,,,,,,,'Front and Back',Large friendly dogs,268915391,homeowner,false,false,Facebook,2022-04-11T00:00:00Z,false,2023-03-30T00:00:00Z,"$1,434.44",14191 Ridge Rd,,Purcellville,VA,20132,,,,,,,,,
Brenda,Butler,Brenda Butler,7633552551,,brenda.butler474@gmail.com,,,,,,,'Monthly Client',Call before arriving,292111648,homeowner,true,false,Nextdoor,2022-06-22T00:00:00Z,false,2023-04-23T00:00:00Z,"$2,813.37",8059 Oak St,,Herndon,VA,20170,,,,,,,,,
Samuel,Murphy,Samuel Murphy,3311946432,,samuel.murphy126@gmail.com,,,,,,,'Small Yard',No gate,203957046,homeowner,true,false,,2024-02-23T00:00:00Z,false,2025-02-13T00:00:00Z,"$2,047.99",3418 Forest Dr,Apt 2,Frederick,MD,21701,,,,,,,,,
Kimberly,Cook,Kimberly Cook,3521355026,,kimberly.cook663@hotmail.com,,,,,,,'Bi-Weekly Client',,256268745,renter,true,false,Google,2023-02-13T00:00:00Z,false,2024-01-15T00:00:00Z,"$4,246.33",27100 Aspen Ct,,Rockville,MD,20850,,,,,,,,,
Carolyn,Rivera,Carolyn Rivera,6916578940,,carolyn.rivera353@outlook.com,,,,,,,'Weekly Client',,237706144,renter,true,false,Referral,2022-04-30T00:00:00Z,false,2023-01-03T00:00:00Z,"$2,541.28",21176 Meadow Ln,,Bethesda,MD,20814,,,,,,,,,
Ashley,Foster,Ashley Foster,4463729743,,ashley.foster836@gmail.com,,,owner,,,,'Monthly Client',Call before arriving,279398174,renter,true,false,Referral,2022-02-27T00:00:00Z,true,,"$3,362.69",37828 Meadow Ln,,Alexandria,VA,22301,,,,,,,,,
Matthew,Bailey,Matthew Bailey,7554163876,,matthew.bailey503@gmail.com,,,,,,,'Weekly Client',,244524582,homeowner,true,false,Nextdoor,2023-02-17T00:00:00Z,false,2023-05-01T00:00:00Z,"$1,635.64",3781 Mill Rd,Apt 2,Bluemont,VA,20135,,,,,,,,,
John,Jackson,John Jackson,8008213320,,john.jackson793@gmail.com,,,,,,,'Needs Reminder',Gate around back,243299069,homeowner,false,false,,2022-10-07T00:00:00Z,false,2023-01-02T00:00:00Z,"$3,515.29",24013 Elm St,,Silver Spring,MD,20901,,,,,,,,,
Daniel,Russell,Daniel Russell,7758106846,,daniel.russell229@outlook.com,,,,,,,'Monthly Client',Large friendly dogs,276166246,renter,true,false,Yard Sign,2022-03-08T00:00:00Z,false,2022-06-16T00:00:00Z,"$2,891.47",24897 Union St,Unit B,Vienna,VA,22180,,,,,,,,,
Charles,Nelson,Charles Nelson,9631794899,,charles.nelson356@hotmail.com,,,manager,,,,'Long Term',1 dog. Gate code: 5345,233492807,homeowner,true,false,Other,2022-05-19T00:00:00Z,false,2022-11-21T00:00:00Z,"$1,231.96",5914 Cypress Ave,Unit B,Fairfax,VA,22030,,,,,,,,,
Deborah,Murphy,Deborah Murphy,9505293725,,deborah.murphy906@icloud.com,,,,,,,'Bi-Weekly Client',1 dog - Husky. Gate code: 8855,221831387,homeowner,true,false,,2024-07-13T00:00:00Z,false,2024-08-26T00:00:00Z,"$3,836.13",24919 Creek Rd,Apt 2,Rockville,MD,20850,,,,,,,,,
Dorothy,Wilson,Dorothy Wilson,2754503787,,dorothy.wilson910@icloud.com,,,,,,,'Needs Reminder',,257891237,homeowner,true,false,Other,2022-12-04T00:00:00Z,false,2023-10-17T00:00:00Z,"$4,270.82",5015 Aspen Ct,,Fairfax,VA,22030,,,,,,,,,
Anthony,Harris,Anthony Harris,6198139849,,anthony.harris272@hotmail.com,,,,,,,'Needs Reminder',,207315517,homeowner,false,false,,2024-01-09T00:00:00Z,false,2024-01-17T00:00:00Z,"$2,052.51",15667 Park Ave,,Haymarket,VA,20169,,,,,,,,,
Richard,Brown,Richard Brown,4112745781,,richard.brown84@icloud.com,,,,,,,,,286149847,homeowner,true,false,,2025-01-19T00:00:00Z,false,2025-08-12T00:00:00Z,$887.43,20308 Willow Dr,,Sterling,VA,20164,,,,,,,,,
Jennifer,King,Jennifer King,6505765315,,jennifer.king232@hotmail.com,,,owner,,,,'Large Yard',3 dogs. Gate code: 7782,274303190,homeowner,false,false,Other,2022-05-05T00:00:00Z,true,,"$3,928.35",10004 Park Ave,,Hamilton,VA,20158,,,,,,,,,
Donald,Peterson,Donald Peterson,5061807468,,donald.peterson925@gmail.com,,,,,,,'Back Yard Only',,260269093,homeowner,true,false,,2022-12-21T00:00:00Z,false,2023-03-23T00:00:00Z,"$4,666.39",37535 Sycamore Ln,Suite 100,Bethesda,MD,20814,,,,,,,,,
David,Morales,David Morales,6453063422,,david.morales855@outlook.com,,,owner,,,,'Auto Pay',Gate around back,269751366,renter,false,false,,2024-07-27T00:00:00Z,false,2024-08-09T00:00:00Z,"$3,775.44",21055 Elm St,,Manassas,VA,20110,,,,,,,,,
Rebecca,Martin,Rebecca Martin,3516802641,,rebecca.martin948@gmail.com,,,owner,,,,'Gate Code Required',No gate,205028557,renter,false,false,,2022-12-19T00:00:00Z,false,2023-05-16T00:00:00Z,"$1,934.28",18849 Spruce St,,Ashburn,VA,20147,,,,,,,,,
Ronald,Nelson,Ronald Nelson,9073431807,,ronald.nelson764@icloud.com,,,,,,,'Gate Code Required',,230595926,homeowner,true,false,Yard Sign,2022-10-03T00:00:00Z,false,2023-03-12T00:00:00Z,"$4,676.25",24508 Maple Ave,,Woodbridge,VA,22191,,,,,,,,,
Janet,Collins,Janet Collins,8197612462,,janet.collins193@icloud.com,,,,,,,'Small Yard',,208806960,homeowner,true,false,,2023-09-30T00:00:00Z,false,2024-10-04T00:00:00Z,"$2,432.62",26784 Dogwood Dr,Suite 100,Arlington,VA,22201,,,,,,,,,
Matthew,Sanchez,Matthew Sanchez,2593551541,,matthew.sanchez468@gmail.com,,,,,,,'Auto Pay',,232472381,homeowner,false,false,,2024-02-02T00:00:00Z,true,,"$2,851.41",13148 High St,,Burke,VA,22015,,,,,,,,,
Stephen,Hall,Stephen Hall,5522675237,,stephen.hall767@gmail.com,,,,,,,'Small Yard',1 dog - German Shepherd. Gate code: 4511,286889858,condo,true,false,Referral,2023-04-07T00:00:00Z,false,2024-03-25T00:00:00Z,$992.31,1898 Meadow Ln,,Gainesville,VA,20155,,,,,,,,,
Jacob,Taylor,Jacob Taylor,8622771138,,jacob.taylor230@hotmail.com,,,,,,,'Long Term',No gate,240553227,homeowner,true,false,Other,2024-12-02T00:00:00Z,true,,"$1,906.33",18147 Walnut Ave,,Haymarket,VA,20169,,,,,,,,,
Samuel,Gray,Samuel Gray,8233895890,,samuel.gray701@gmail.com,,,,,,,'Small Yard',Gate around back,225281262,homeowner,false,false,Other,2022-11-04T00:00:00Z,false,2023-08-02T00:00:00Z,"$3,674.28",4283 Summit Ave,,Gaithersburg,MD,20877,,,,,,,,,
Debra,Moore,Debra Moore,9381269148,,debra.moore303@hotmail.com,,,manager,,,,'Needs Reminder',Call before arriving,297515873,homeowner,true,false,Google,2023-04-01T00:00:00Z,true,,"$2,566.25",26615 Meadow Ln,Unit B,Ranson,WV,25438,,,,,,,,,
Kenneth,Perez,Kenneth Perez,8739973967,,kenneth.perez301@gmail.com,,,,,,,'Large Yard',,229830361,homeowner,true,false,,2023-12-29T00:00:00Z,false,2024-04-28T00:00:00Z,"$3,572.21",8484 Main St,Unit B,Gaithersburg,MD,20877,,,,,,,,,
Dorothy,Brooks,Dorothy Brooks,5015742929,,dorothy.brooks482@gmail.com,,,,,,,'Small Yard',Gate around back,255446317,homeowner,false,false,Facebook,2022-04-21T00:00:00Z,true,,$659.35,31047 Valley Rd,Apt 2,Lovettsville,VA,20180,,,,,,,,,
Ryan,Jackson,Ryan Jackson,5239833954,,ryan.jackson798@gmail.com,,,,,,,'Back Yard Only',No gate,236712288,renter,true,false,Other,2023-03-05T00:00:00Z,false,2024-04-04T00:00:00Z,"$3,713.00",21899 Cypress Ave,,Rockville,MD,20850,,,,,,,,,
Elizabeth,Taylor,Elizabeth Taylor,8295448035,,elizabeth.taylor414@icloud.com,,,manager,,,,'VIP',,243246714,homeowner,true,false,,2024-12-23T00:00:00Z,false,2025-04-06T00:00:00Z,$86.00,25221 Oak St,,Gaithersburg,MD,20877,,,,,,,,,
Frank,Hall,Frank Hall,5192322682,,frank.hall393@outlook.com,,,,,,,'Gate Code Required',Call before arriving,258205561,homeowner,true,false,Google,2022-10-02T00:00:00Z,false,2023-04-02T00:00:00Z,"$4,781.47",11045 Elm St,Suite 100,Haymarket,VA,20169,,,,,,,,,
Stephanie,Williams,Stephanie Williams,4333293149,,stephanie.williams217@gmail.com,,,,,,,'New Client',,279715138,homeowner,true,false,Google,2022-04-09T00:00:00Z,false,2023-03-20T00:00:00Z,$518.94,11174 Lake Dr,,Bethesda,MD,20814,,,,,,,,,
Jeffrey,Carter,Jeffrey Carter,3266605140,,jeffrey.carter486@yahoo.com,,,,,,,'Back Yard Only',,256213840,homeowner,true,false,Facebook,2022-08-03T00:00:00Z,false,2023-04-28T00:00:00Z,"$3,450.08",709 Union St,,Arlington,VA,22201,,,,,,,,,
Amy,Sanchez,Amy Sanchez,8233045308,,amy.sanchez852@outlook.com,,,manager,,,,'Weekly Client',3 dogs. Gate code: 9132,292369165,homeowner,true,false,Referral,2024-09-11T00:00:00Z,false,2025-03-06T00:00:00Z,"$1,125.63",23556 Birch St,,McLean,VA,22101,,,,,,,,,
Pamela,Sanders,Pamela Sanders,7052522475,,pamela.sanders799@outlook.com,,,,,,,'Long Term',No gate,206721650,homeowner,true,false,Nextdoor,2022-07-24T00:00:00Z,false,2022-10-28T00:00:00Z,"$4,195.87",6738 Main St,Unit B,Lovettsville,VA,20180,,,,,,,,,
Raymond,Anderson,Raymond Anderson,2979711751,,raymond.anderson10@yahoo.com,,,,,,,'Gate Code Required',Call before arriving,245999465,homeowner,false,false,,2023-01-10T00:00:00Z,false,2023-03-16T00:00:00Z,"$1,923.73",21639 Creek Rd,,Fairfax,VA,22030,,,,,,,,,
Rebecca,Long,Rebecca Long,3702153171,,rebecca.long713@gmail.com,,,,,,,'Large Yard',,282050405,condo,true,false,,2024-02-17T00:00:00Z,false,2024-08-25T00:00:00Z,"$2,934.52",6896 Birch St,Apt 2,Fairfax,VA,22030,,,,,,,,,
Gary,Anderson,Gary Anderson,6215511753,,gary.anderson65@hotmail.com,,,,,,,'Front and Back',Call before arriving,269672379,homeowner,true,false,,2024-12-07T00:00:00Z,false,2025-12-01T00:00:00Z,"$3,362.78",910 Sycamore Ln,Suite 100,Warrenton,VA,20186,,,,,,,,,
Kevin,Foster,Kevin Foster,8927567305,,kevin.foster153@outlook.com,,,,,,,'Small Yard',,210048242,homeowner,true,false,,2024-10-03T00:00:00Z,true,,"$1,156.28",863 Linden Ln,,Hamilton,VA,20158,,,,,,,,,
Samuel,Carter,Samuel Carter,6129364850,,samuel.carter81@icloud.com,,,owner,,,,'Long Term',No gate,287694240,homeowner,true,false,,2022-02-06T00:00:00Z,false,2022-04-06T00:00:00Z,"$1,936.51",37654 Hickory Ln,,Shepherdstown,WV,25443,,,,,,,,,
Nicole,Cruz,Nicole Cruz,8524119328,,nicole.cruz576@yahoo.com,,,,,,,'Small Yard',Call before arriving,275182173,condo,true,false,Google,2024-08-26T00:00:00Z,false,2025-09-03T00:00:00Z,"$3,154.40",22438 Grove St,Suite 100,Frederick,MD,21701,,,,,,,,,
Raymond,Lewis,Raymond Lewis,2024496818,,raymond.lewis850@hotmail.com,,,,,,,'Long Term',,234130133,homeowner,false,false,Referral,2023-02-06T00:00:00Z,false,2023-05-20T00:00:00Z,$579.58,24603 Park Ave,,Silver Spring,MD,20901,,,,,,,,,
Carolyn,Baker,Carolyn Baker,3108757790,,carolyn.baker48@outlook.com,,,,,,,'Auto Pay',,271184297,renter,true,false,,2022-04-10T00:00:00Z,true,,"$4,489.48",29624 Poplar St,Unit B,Sterling,VA,20164,,,,,,,,,
Daniel,Gutierrez,Daniel Gutierrez,3312067347,,daniel.gutierrez674@outlook.com,,,,,,,,Gate around back,253401206,homeowner,false,false,,2023-12-04T00:00:00Z,true,,"$2,173.66",33137 Meadow Ln,,Warrenton,VA,20186,,,,,,,,,
Rachel,Butler,Rachel Butler,7244069975,,rachel.butler882@hotmail.com,,,,,,,'Back Yard Only',,267631432,condo,true,false,Yard Sign,2025-01-16T00:00:00Z,true,,"$3,057.01",13265 Spring St,Apt 2,Arlington,VA,22201,,,,,,,,,
Kathleen,Brooks,Kathleen Brooks,7847837839,,kathleen.brooks691@outlook.com,,,,,,,'Weekly Client',,289959993,homeowner,true,false,Facebook,2022-04-26T00:00:00Z,false,2022-08-13T00:00:00Z,"$1,281.50",27781 Oak St,Apt 2,Gainesville,VA,20155,,,,,,,,,
Linda,Powell,Linda Powell,5023089866,,linda.powell34@hotmail.com,,,,,,,'Small Yard',4 dogs. Gate code: 7371,268574830,homeowner,false,false,,2023-08-13T00:00:00Z,false,2024-08-08T00:00:00Z,"$3,189.57",6816 Juniper Rd,Suite 100,Shepherdstown,WV,25443,,,,,,,,,
Stephen,Miller,Stephen Miller,2138615117,,stephen.miller208@outlook.com,,,,,,,'Large Yard',1 dog - German Shepherd. Gate code: 9955,297296379,condo,true,false,Other,2023-02-01T00:00:00Z,false,2023-07-08T00:00:00Z,"$2,154.31",14881 Cypress Ave,Unit B,Shepherdstown,WV,25443,,,,,,,,,
Raymond,Gomez,Raymond Gomez,3224861665,,raymond.gomez439@hotmail.com,,,owner,,,,'Weekly Client',,205360735,condo,true,false,Yard Sign,2022-11-11T00:00:00Z,false,2023-05-02T00:00:00Z,"$2,865.03",8624 Forest Dr,Apt 2,Manassas,VA,20110,,,,,,,,,
Pamela,Diaz,Pamela Diaz,5661746207,,pamela.diaz539@yahoo.com,,,,,,,'Monthly Client',Large friendly dogs,212340723,condo,true,false,,2023-12-17T00:00:00Z,false,2024-04-15T00:00:00Z,"$4,240.30",34218 Elm St,Suite 100,Vienna,VA,22180,,,,,,,,,
Emily,Ramirez,Emily Ramirez,9707339691,,emily.ramirez487@outlook.com,,,,,,,,,291610492,homeowner,true,false,Nextdoor,2023-10-20T00:00:00Z,true,,"$4,396.48",7618 Creek Rd,,Round Hill,VA,20141,,,,,,,,,
Patrick,Torres,Patrick Torres,2256297143,,patrick.torres527@outlook.com,,,,,,,'Multiple Dogs',,222467350,homeowner,true,false,Nextdoor,2025-01-06T00:00:00Z,false,2025-10-13T00:00:00Z,$35.19,32003 Cedar Ln,,Shepherdstown,WV,25443,,,,,,,,,
Susan,Clark,Susan Clark,7509488130,,susan.clark663@gmail.com,,,,,,,'Weekly Client',,223889703,homeowner,false,false,Other,2023-05-31T00:00:00Z,false,2024-03-18T00:00:00Z,$338.12,1656 Poplar St,Unit B,Reston,VA,20190,,,,,,,,,
Laura,Hughes,Laura Hughes,6145436183,,laura.hughes18@icloud.com,,,,,,,'Bi-Weekly Client',,248009699,condo,true,false,,2024-10-26T00:00:00Z,false,2024-12-26T00:00:00Z,"$1,391.22",35150 Oak St,Unit B,Sterling,VA,20164,,,,,,,,,
Jeffrey,Carter,Jeffrey Carter,6049411504,,jeffrey.carter486@yahoo.com,,,manager,,,,'Large Yard',Gate around back,285100169,condo,true,false,,2022-10-23T00:00:00Z,false,2023-03-31T00:00:00Z,"$3,250.99",14509 Hill Rd,Unit B,Germantown,MD,20874,,,,,,,,,
Stephen,Richardson,Stephen Richardson,3442261684,,stephen.richardson6@outlook.com,,,owner,,,,'VIP',1 small dog. Gate code: 6633,255385548,homeowner,true,false,Yard Sign,2024-11-15T00:00:00Z,false,2025-02-02T00:00:00Z,$772.58,35302 Aspen Ct,,Charles Town,WV,25414,,,,,,,,,
Joseph,White,Joseph White,8879181891,,joseph.white872@outlook.com,,,,,,,'Gate Code Required',No gate,244406060,homeowner,true,false,Facebook,2024-01-02T00:00:00Z,true,,"$3,222.22",36122 Elm St,,Frederick,MD,21701,,,,,,,,,
William,Harris,William Harris,5255978383,,william.harris337@outlook.com,,,manager,,,,'Multiple Dogs',Large friendly dogs,222634412,homeowner,false,false,,2022-01-10T00:00:00Z,false,2022-06-26T00:00:00Z,"$1,181.64",38384 River Rd,Apt 2,Haymarket,VA,20169,,,,,,,,,
Brian,Moore,Brian Moore,8958506432,,brian.moore899@icloud.com,,,owner,,,,'Long Term',,286644469,homeowner,true,false,Yard Sign,2022-06-17T00:00:00Z,false,2022-11-14T00:00:00Z,"$4,121.83",29286 Creek Rd,Suite 100,Frederick,MD,21701,,,,,,,,,
Janet,Hughes,Janet Hughes,2788442235,,janet.hughes914@gmail.com,,,,,,,'Large Yard',,274033693,renter,true,false,,2023-06-18T00:00:00Z,false,2024-03-29T00:00:00Z,"$4,291.13",2144 Mulberry Ln,Apt 2,Bethesda,MD,20814,,,,,,,,,
Ronald,Lewis,Ronald Lewis,9907035767,,ronald.lewis138@icloud.com,,,owner,,,,'Auto Pay',,269006257,renter,true,false,Other,2022-10-15T00:00:00Z,false,2023-06-07T00:00:00Z,$764.27,33550 Washington Blvd,,Bethesda,MD,20814,,,,,,,,,
Amanda,Garcia,Amanda Garcia,4248798989,,amanda.garcia238@gmail.com,,,,,,,'Auto Pay',Large friendly dogs,263038607,condo,true,false,Nextdoor,2024-07-20T00:00:00Z,true,,$191.54,24311 Mill Rd,,Manassas,VA,20110,,,,,,,,,
Samantha,Scott,Samantha Scott,9593699918,,samantha.scott584@yahoo.com,,,,,,,'Auto Pay',1 large dog. Gate code: 7165,269306247,homeowner,false,false,Facebook,2024-04-11T00:00:00Z,true,,"$3,922.74",24906 Grove St,Apt 2,Clifton,VA,20124,,,,,,,,,
James,Bell,James Bell,3425503713,,james.bell236@gmail.com,,,,,,,'Monthly Client',2 small dogs. Gate code: 2938,255648506,condo,false,false,Referral,2023-11-08T00:00:00Z,false,2024-11-17T00:00:00Z,$544.03,18503 Spring St,,Bethesda,MD,20814,,,,,,,,,
Emma,Lee,Emma Lee,8629537732,,emma.lee23@yahoo.com,,,owner,,,,'Monthly Client',,276808685,homeowner,false,false,Referral,2022-10-28T00:00:00Z,true,,$798.44,8481 Chestnut St,Apt 2,Purcellville,VA,20132,,,,,,,,,
Larry,Price,Larry Price,2199995644,,larry.price970@gmail.com,,,,,,,'Monthly Client',,278201440,homeowner,true,false,,2023-01-08T00:00:00Z,false,2023-11-30T00:00:00Z,"$3,166.31",29538 Hawthorn Dr,,Arlington,VA,22201,,,,,,,,,
Scott,Bennett,Scott Bennett,2703357196,,scott.bennett395@yahoo.com,,,owner,,,,'Back Yard Only',,223813202,renter,true,false,,2024-09-01T00:00:00Z,false,2025-07-19T00:00:00Z,"$2,879.11",1185 Valley Rd,Apt 2,Ashburn,VA,20147,,,,,,,,,
Kathleen,Foster,Kathleen Foster,3337179835,,kathleen.foster848@gmail.com,,,,,,,'Front and Back',3 dogs. Gate code: 8028,264709513,condo,true,false,Google,2024-02-20T00:00:00Z,false,2024-08-24T00:00:00Z,"$2,827.43",34312 Birch St,,Martinsburg,WV,25401,,,,,,,,,
Sarah,Allen,Sarah Allen,6888844809,,sarah.allen932@gmail.com,,,,,,,'VIP',,269761254,condo,true,false,Yard Sign,2022-01-15T00:00:00Z,false,2022-08-02T00:00:00Z,"$3,141.82",39309 Spruce St,,Gainesville,VA,20155,,,,,,,,,
Brian,Wilson,Brian Wilson,3585365155,,brian.wilson268@outlook.com,,,owner,,,,'Back Yard Only',Large friendly dogs,274102271,renter,false,false,Yard Sign,2025-02-15T00:00:00Z,false,2025-10-27T00:00:00Z,$857.85,37106 Grove St,Apt 2,Martinsburg,WV,25401,,,,,,,,,
Donna,Watson,Donna Watson,5528927522,,donna.watson754@yahoo.com,,,,,,,'Bi-Weekly Client',Large friendly dogs,245424358,condo,true,false,Referral,2025-02-01T00:00:00Z,false,2025-12-19T00:00:00Z,"$3,345.88",15158 Hickory Ln,Suite 100,Sterling,VA,20164,,,,,,,,,
Samantha,Smith,Samantha Smith,2939433381,,samantha.smith483@outlook.com,,,,,,,'Multiple Dogs',Large friendly dogs,253773642,renter,true,false,Nextdoor,2024-12-03T00:00:00Z,false,2025-05-05T00:00:00Z,"$3,415.71",5876 Elm St,,Martinsburg,WV,25401,,,,,,,,,
Jeffrey,Johnson,Jeffrey Johnson,4069709489,,jeffrey.johnson293@yahoo.com,,,,,,,'Needs Reminder',Call before arriving,232112480,homeowner,false,false,Nextdoor,2022-01-01T00:00:00Z,false,2022-03-29T00:00:00Z,$416.85,39389 Magnolia Ave,Apt 2,Purcellville,VA,20132,,,,,,,,,
Christine,Turner,Christine Turner,6157004281,,christine.turner531@gmail.com,,,,,,,,Call before arriving,237112255,homeowner,true,false,,2023-04-09T00:00:00Z,false,2024-02-20T00:00:00Z,"$4,622.67",6009 Aspen Ct,,Lovettsville,VA,20180,,,,,,,,,
Daniel,Evans,Daniel Evans,7182092185,,daniel.evans516@hotmail.com,,,,,,,'Small Yard',No gate,250610858,homeowner,false,false,,2025-02-27T00:00:00Z,false,2025-11-08T00:00:00Z,"$3,695.84",7768 Magnolia Ave,,Centreville,VA,20120,,,,,,,,,
Emma,Brown,Emma Brown,6932195224,,emma.brown70@icloud.com,,,,,,,'Auto Pay',Gate around back,233320572,condo,true,false,Other,2023-08-12T00:00:00Z,false,2023-10-05T00:00:00Z,"$1,914.87",15168 Ridge Rd,,Alexandria,VA,22301,,,,,,,,,
Stephen,Thompson,Stephen Thompson,6874216792,,stephen.thompson224@outlook.com,,,,,,,'VIP',Gate around back,227753358,renter,true,false,Nextdoor,2023-04-15T00:00:00Z,false,2023-08-03T00:00:00Z,"$4,007.71",12078 Valley Rd,,Woodbridge,VA,22191,,,,,,,,,
Jessica,Hernandez,Jessica Hernandez,8927799071,,jessica.hernandez629@gmail.com,,,,,,,'Multiple Dogs',No gate,224544645,renter,true,false,,2024-11-12T00:00:00Z,true,,"$1,909.82",2869 Cherry St,,Germantown,MD,20874,,,,,,,,,
Jason,Cooper,Jason Cooper,7531339232,,jason.cooper356@icloud.com,,,,,,,'Long Term',,290476581,homeowner,true,false,,2023-03-08T00:00:00Z,false,2023-09-25T00:00:00Z,"$2,788.84",30062 Lake Dr,Unit B,Vienna,VA,22180,,,,,,,,,
Stephen,King,Stephen King,4423758722,,stephen.king982@outlook.com,,,owner,,,,'VIP',Call before arriving,253766628,homeowner,true,false,,2023-07-27T00:00:00Z,false,2024-03-20T00:00:00Z,$863.47,24081 Sunset Blvd,,Centreville,VA,20120,,,,,,,,,
Patrick,Wright,Patrick Wright,4416688081,,patrick.wright877@icloud.com,,,,,,,'Monthly Client',,284644676,homeowner,true,false,Google,2024-11-24T00:00:00Z,true,,"$3,458.69",9658 River Rd,,McLean,VA,22101,,,,,,,,,
Larry,Miller,Larry Miller,6072013676,,larry.miller62@yahoo.com,,,,,,,'Front and Back',Call before arriving,248359530,homeowner,true,false,,2025-02-21T00:00:00Z,false,2025-12-10T00:00:00Z,"$4,472.85",31330 Cypress Ave,,Manassas,VA,20110,,,,,,,,,
Jessica,Hall,Jessica Hall,8957204259,,jessica.hall591@outlook.com,,,,,,,'Back Yard Only',No gate,210523679,condo,true,false,Other,2024-02-20T00:00:00Z,false,2025-01-06T00:00:00Z,"$1,375.31",11538 School St,,Germantown,MD,20874,,,,,,,,,
Rebecca,Hughes,Rebecca Hughes,8276857631,,rebecca.hughes870@gmail.com,,,manager,,,,'Multiple Dogs',Gate around back,281253395,homeowner,false,false,Other,2024-03-20T00:00:00Z,false,2024-08-12T00:00:00Z,"$4,260.92",10716 Summit Ave,,Bluemont,VA,20135,,,,,,,,,
Lisa,White,Lisa White,2232284844,,lisa.white678@hotmail.com,,,,,,,'Bi-Weekly Client',,203538638,homeowner,true,false,Facebook,2024-03-24T00:00:00Z,true,,"$3,671.98",13900 Forest Dr,,Bluemont,VA,20135,,,,,,,,,
Karen,Hernandez,Karen Hernandez,8704996068,,karen.hernandez235@yahoo.com,,,,,,,'Auto Pay',,204718421,homeowner,true,false,Referral,2024-01-01T00:00:00Z,true,,"$4,148.36",29142 Cypress Ave,,Gainesville,VA,20155,,,,,,,,,
Jeffrey,Moore,Jeffrey Moore,9146523900,,jeffrey.moore606@outlook.com,,,,,,,'Gate Code Required',2 small dogs. Gate code: 8891,212019737,homeowner,true,false,,2024-06-23T00:00:00Z,false,2024-12-04T00:00:00Z,"$1,755.76",37061 Walnut Ave,Apt 2,Frederick,MD,21701,,,,,,,,,
James,Kelly,James Kelly,9769683233,,james.kelly353@hotmail.com,,,owner,,,,'Large Yard',,257772049,homeowner,true,false,,2023-08-23T00:00:00Z,false,2024-06-30T00:00:00Z,"$1,109.83",35168 Oak St,Unit B,Gaithersburg,MD,20877,,,,,,,,,
Timothy,Richardson,Timothy Richardson,6475045094,,timothy.richardson168@icloud.com,,,,,,,'Back Yard Only',Gate around back,238208680,homeowner,true,false,,2024-12-25T00:00:00Z,false,2025-05-18T00:00:00Z,"$1,981.94",14556 Main St,,Clifton,VA,20124,,,,,,,,,
Joseph,Price,Joseph Price,6667328418,,joseph.price279@outlook.com,,,manager,,,,'Weekly Client',,213726915,homeowner,true,false,Referral,2023-08-01T00:00:00Z,false,2023-12-23T00:00:00Z,$600.19,12406 Ridge Rd,,Rockville,MD,20850,,,,,,,,,
Elizabeth,Martin,Elizabeth Martin,2156054558,,elizabeth.martin351@icloud.com,,,,,,,'Multiple Dogs',,235769504,homeowner,true,false,Google,2024-03-14T00:00:00Z,false,2024-04-26T00:00:00Z,"$2,607.32",32762 Grove St,,Haymarket,VA,20169,,,,,,,,,
Mary,Thomas,Mary Thomas,9868315078,,mary.thomas395@icloud.com,,,,,,,'Auto Pay',No gate,252227199,condo,true,false,Facebook,2023-10-02T00:00:00Z,false,2024-03-22T00:00:00Z,$761.33,2296 Valley Rd,,Springfield,VA,22150,,,,,,,,,
Kathleen,Price,Kathleen Price,5053036905,,kathleen.price909@gmail.com,,,,,,,'Multiple Dogs',Gate around back,278476684,homeowner,false,false,,2022-09-03T00:00:00Z,true,,"$3,787.89",7500 Church St,Unit B,Arlington,VA,22201,,,,,,,,,
Karen,Mitchell,Karen Mitchell,9891915075,,karen.mitchell162@icloud.com,,,,,,,'Multiple Dogs',,216888275,renter,true,false,Google,2024-09-26T00:00:00Z,false,2025-01-30T00:00:00Z,"$1,520.35",22278 Cypress Ave,,Bluemont,VA,20135,,,,,,,,,
Janet,Harris,Janet Harris,2218057189,,janet.harris367@yahoo.com,,,manager,,,,'Auto Pay',No gate,225471281,homeowner,false,false,,2025-03-06T00:00:00Z,false,2025-06-16T00:00:00Z,"$2,609.38",2687 Dogwood Dr,Unit B,Manassas,VA,20110,,,,,,,,,
Scott,Diaz,Scott Diaz,3641709702,,scott.diaz159@icloud.com,,,,,,,'Weekly Client',Large friendly dogs,298469875,homeowner,true,false,,2023-01-15T00:00:00Z,false,2023-01-31T00:00:00Z,"$2,974.73",17358 Spruce St,,Gainesville,VA,20155,,,,,,,,,
Patrick,Rodriguez,Patrick Rodriguez,8746517348,,patrick.rodriguez195@outlook.com,,,,,,,'Multiple Dogs',,212919301,homeowner,true,false,Yard Sign,2024-12-07T00:00:00Z,false,2025-11-16T00:00:00Z,$320.06,36240 River Rd,Apt 2,Rockville,MD,20850,,,,,,,,,
Susan,Reed,Susan Reed,3962011521,,susan.reed585@icloud.com,,,manager,,,,'Gate Code Required',1 dog. Gate code: 7002,281329718,homeowner,false,false,,2022-05-26T00:00:00Z,false,2022-06-08T00:00:00Z,"$4,465.01",34560 Juniper Rd,Unit B,Rockville,MD,20850,,,,,,,,,
Cynthia,Price,Cynthia Price,2624697814,,cynthia.price842@hotmail.com,,,,,,,'Small Yard',1 large dog. Gate code: 2276,269724133,renter,true,false,Facebook,2022-07-18T00:00:00Z,false,2022-09-14T00:00:00Z,"$3,480.83",17520 Sycamore Ln,,Hamilton,VA,20158,,,,,,,,,
Shirley,Foster,Shirley Foster,4546833931,,shirley.foster572@outlook.com,,,manager,,,,'Back Yard Only',,222388767,homeowner,true,false,Other,2023-01-05T00:00:00Z,true,,"$1,927.47",7014 Cypress Ave,Apt 2,Ranson,WV,25438,,,,,,,,,
Scott,Murphy,Scott Murphy,5604226319,,scott.murphy866@hotmail.com,,,,,,,'Needs Reminder',Large friendly dogs,273851788,homeowner,true,false,Nextdoor,2023-06-05T00:00:00Z,false,2023-12-13T00:00:00Z,"$4,615.93",28319 Ridge Rd,Apt 2,Ranson,WV,25438,,,,,,,,,
Andrew,Gray,Andrew Gray,2166303213,,andrew.gray912@hotmail.com,,,,,,,'Weekly Client',,212655004,homeowner,true,false,Other,2022-03-19T00:00:00Z,true,,"$1,707.15",19782 Mill Rd,,Round Hill,VA,20141,,,,,,,,,
Ashley,Robinson,Ashley Robinson,4629305920,,ashley.robinson95@outlook.com,,,,,,,'Front and Back',,265535348,homeowner,false,false,Facebook,2025-03-26T00:00:00Z,false,2025-05-20T00:00:00Z,"$2,857.11",37394 Spring St,Unit B,Charles Town,WV,25414,,,,,,,,,
Linda,Nelson,Linda Nelson,5569368115,,linda.nelson427@gmail.com,,,manager,,,,'Weekly Client',,242857940,renter,true,false,,2025-01-10T00:00:00Z,false,2025-11-02T00:00:00Z,$717.98,39572 Oak St,Unit B,Alexandria,VA,22301,,,,,,,,,
Michael,Ross,Michael Ross,9495028300,,michael.ross771@outlook.com,,,owner,,,,'Large Yard',,245119729,homeowner,false,false,Yard Sign,2022-06-19T00:00:00Z,false,2023-02-24T00:00:00Z,"$2,742.91",6003 Mill Rd,,Bethesda,MD,20814,,,,,,,,,
David,Phillips,David Phillips,7135443136,,david.phillips781@yahoo.com,,,manager,,,,'Back Yard Only',1 dog - German Shepherd. Gate code: 4212,232522981,homeowner,true,false,,2022-05-27T00:00:00Z,false,2022-10-17T00:00:00Z,"$3,728.51",36754 Valley Rd,,Gaithersburg,MD,20877,,,,,,,,,
Christine,Evans,Christine Evans,6334746706,,christine.evans196@hotmail.com,,,,,,,'Monthly Client',,259118000,homeowner,true,false,Yard Sign,2022-04-02T00:00:00Z,false,2022-08-06T00:00:00Z,$958.49,39020 Linden Ln,,Chantilly,VA,20151,,,,,,,,,
Raymond,Miller,Raymond Miller,4487353419,,raymond.miller890@hotmail.com,,,,,,,'Long Term',1 dog. Gate code: 6437,299322861,renter,true,false,,2025-01-06T00:00:00Z,true,,$978.25,22596 Lake Dr,,Round Hill,VA,20141,,,,,,,,,
Kathleen,Cruz,Kathleen Cruz,9472441301,,kathleen.cruz386@outlook.com,,,manager,,,,'Gate Code Required',,262405984,homeowner,true,false,Google,2022-01-18T00:00:00Z,false,2022-02-28T00:00:00Z,"$1,865.50",2949 Main St,,Silver Spring,MD,20901,,,,,,,,,
John,Nguyen,John Nguyen,8644954787,,john.nguyen390@outlook.com,,,,,,,'Auto Pay',2 dogs. Gate code: 4054,267196215,homeowner,true,false,,2024-07-26T00:00:00Z,true,,"$4,446.48",20773 Dogwood Dr,Suite 100,Ashburn,VA,20147,,,,,,,,,
Donna,Nelson,Donna Nelson,7015023572,,donna.nelson19@hotmail.com,,,,,,,'Auto Pay',Gate around back,251965156,homeowner,true,false,Nextdoor,2022-03-02T00:00:00Z,false,2022-12-18T00:00:00Z,"$4,555.76",23390 Cypress Ave,,Chantilly,VA,20151,,,,,,,,,
Raymond,Moore,Raymond Moore,2898477262,,raymond.moore534@outlook.com,,,owner,,,,'New Client',No gate,272777382,renter,true,false,Referral,2022-09-27T00:00:00Z,false,2023-01-17T00:00:00Z,"$3,131.87",27450 Church St,Apt 2,Alexandria,VA,22301,,,,,,,,,
Donna,Powell,Donna Powell,9226363215,,donna.powell441@yahoo.com,,,,,,,'Front and Back',Call before arriving,219531743,homeowner,true,false,,2022-03-02T00:00:00Z,false,2023-04-04T00:00:00Z,"$1,529.70",20907 Elm St,Apt 2,Fairfax,VA,22030,,,,,,,,,
Maria,Price,Maria Price,9563803489,,maria.price798@yahoo.com,,,,,,,'Needs Reminder',1 large dog. Gate code: 4783,230992534,homeowner,false,false,,2022-02-23T00:00:00Z,false,2022-09-01T00:00:00Z,$381.48,8720 Sunset Blvd,,Ashburn,VA,20147,,,,,,,,,
Nancy,Roberts,Nancy Roberts,7035853253,,nancy.roberts168@yahoo.com,,,,,,,,1 large dog. Gate code: 7767,299638766,homeowner,false,false,Google,2023-02-20T00:00:00Z,false,2024-03-20T00:00:00Z,$981.90,2212 Birch St,Suite 100,Alexandria,VA,22301,,,,,,,,,
Ryan,Young,Ryan Young,6375141685,,ryan.young623@icloud.com,,,,,,,'Needs Reminder',,269880338,homeowner,false,false,,2022-08-12T00:00:00Z,false,2023-04-07T00:00:00Z,"$2,193.12",25931 Juniper Rd,Unit B,Warrenton,VA,20186,,,,,,,,,
Brenda,Roberts,Brenda Roberts,7288831807,,brenda.roberts195@hotmail.com,,,,,,,'Long Term',Gate around back,282293489,homeowner,false,false,Yard Sign,2022-04-22T00:00:00Z,false,2023-04-17T00:00:00Z,"$2,481.45",26185 Union St,Suite 100,Shepherdstown,WV,25443,,,,,,,,,
Patrick,Bell,Patrick Bell,3152849952,,patrick.bell139@icloud.com,,,,,,,'Long Term',No gate,212103709,condo,true,false,Referral,2023-05-28T00:00:00Z,false,2023-11-16T00:00:00Z,"$3,320.24",21298 Hickory Ln,,Ranson,WV,25438,,,,,,,,,
Elizabeth,Anderson,Elizabeth Anderson,9235606946,,elizabeth.anderson88@outlook.com,,,,,,,'Auto Pay',,244988861,homeowner,true,false,,2025-03-04T00:00:00Z,false,2026-02-11T00:00:00Z,"$4,140.83",33632 Juniper Rd,,Clifton,VA,20124,,,,,,,,,
Carolyn,Miller,Carolyn Miller,6294156071,,carolyn.miller748@icloud.com,,,owner,,,,'Weekly Client',,261557975,homeowner,false,false,Nextdoor,2024-10-16T00:00:00Z,false,2025-07-05T00:00:00Z,"$2,608.81",11942 Lake Dr,,Gainesville,VA,20155,,,,,,,,,
Margaret,Bennett,Margaret Bennett,8755878434,,margaret.bennett420@icloud.com,,,,,,,,3 dogs. Gate code: 5556,206565770,homeowner,true,false,Nextdoor,2023-01-14T00:00:00Z,false,2023-04-06T00:00:00Z,$264.31,39501 Hawthorn Dr,,Bluemont,VA,20135,,,,,,,,,
Christine,Watson,Christine Watson,8174056424,,christine.watson943@gmail.com,,,,,,,'Back Yard Only',No gate,277707540,homeowner,true,false,Referral,2024-01-08T00:00:00Z,false,2024-02-02T00:00:00Z,$447.01,7236 Birch St,,Hamilton,VA,20158,,,,,,,,,
William,Stewart,William Stewart,7631665797,,william.stewart483@yahoo.com,,,,,,,'Auto Pay',,214670297,renter,false,false,,2025-03-16T00:00:00Z,true,,"$4,700.88",18084 Summit Ave,Apt 2,Sterling,VA,20164,,,,,,,,,
Alexander,Torres,Alexander Torres,6377236185,,alexander.torres266@outlook.com,,,,,,,'Auto Pay',No gate,224146739,homeowner,true,false,,2023-04-22T00:00:00Z,false,2024-04-25T00:00:00Z,"$1,394.34",8600 Juniper Rd,Apt 2,Chantilly,VA,20151,,,,,,,,,
Cynthia,Hughes,Cynthia Hughes,3208554396,,cynthia.hughes819@outlook.com,,,,,,,'Auto Pay',,285982334,homeowner,true,false,Other,2023-02-17T00:00:00Z,true,,"$1,351.81",27234 Cedar Ln,,Ranson,WV,25438,,,,,,,,,
Stephen,Adams,Stephen Adams,9851062865,,stephen.adams703@hotmail.com,,,,,,,'Small Yard',Call before arriving,245357116,condo,false,false,Google,2024-09-08T00:00:00Z,false,2025-05-15T00:00:00Z,"$3,826.82",26055 Chestnut St,Apt 2,Centreville,VA,20120,,,,,,,,,
Benjamin,Rogers,Benjamin Rogers,7494438577,,benjamin.rogers803@icloud.com,,,,,,,'Auto Pay',3 dogs. Gate code: 1306,277496999,homeowner,true,false,Other,2023-11-11T00:00:00Z,false,2024-05-17T00:00:00Z,$317.82,34249 Union St,Apt 2,Hamilton,VA,20158,,,,,,,,,
Edward,Hughes,Edward Hughes,7479623719,,edward.hughes585@outlook.com,,,,,,,'Front and Back',,236439766,homeowner,false,false,Yard Sign,2024-04-27T00:00:00Z,false,2024-06-17T00:00:00Z,"$2,385.86",12380 Hawthorn Dr,,Clifton,VA,20124,,,,,,,,,
Margaret,Howard,Margaret Howard,5092792838,,margaret.howard384@gmail.com,,,,,,,'Large Yard',,225529779,renter,true,false,Google,2023-11-28T00:00:00Z,false,2024-08-08T00:00:00Z,"$3,515.72",6168 Hickory Ln,Apt 2,McLean,VA,22101,,,,,,,,,
Richard,Kelly,Richard Kelly,8922354361,,richard.kelly742@gmail.com,,,manager,,,,'Gate Code Required',Call before arriving,262663022,condo,true,false,Google,2022-04-05T00:00:00Z,false,2022-06-03T00:00:00Z,"$2,498.77",25500 Sycamore Ln,,Frederick,MD,21701,,,,,,,,,
Pamela,Flores,Pamela Flores,8543146257,,pamela.flores206@yahoo.com,,,owner,,,,'Back Yard Only',,221138757,renter,true,false,,2023-07-15T00:00:00Z,false,2023-09-18T00:00:00Z,$73.23,18230 Spruce St,,Gainesville,VA,20155,,,,,,,,,
Anna,Hall,Anna Hall,7624265440,,anna.hall145@hotmail.com,,,,,,,,No gate,206808353,condo,true,false,,2022-09-24T00:00:00Z,false,2022-10-15T00:00:00Z,"$2,259.53",11324 Elm St,,Springfield,VA,22150,,,,,,,,,
Michael,Lopez,Michael Lopez,6365013932,,michael.lopez722@outlook.com,,,,,,,'Front and Back',,262504573,condo,true,false,Nextdoor,2025-03-08T00:00:00Z,false,2025-05-21T00:00:00Z,$446.00,23406 Union St,,Shepherdstown,WV,25443,,,,,,,,,
Donna,Morales,Donna Morales,8598278625,,donna.morales482@yahoo.com,,,,,,,'New Client',Call before arriving,260838623,homeowner,false,false,Other,2024-09-25T00:00:00Z,false,2024-10-17T00:00:00Z,$313.75,9518 Juniper Rd,,Alexandria,VA,22301,,,,,,,,,
Lisa,Torres,Lisa Torres,9864563087,,lisa.torres521@gmail.com,,,,,,,'Large Yard',No gate,253796676,renter,false,false,Facebook,2024-04-26T00:00:00Z,false,2024-09-02T00:00:00Z,"$2,980.20",7111 Ridge Rd,Apt 2,Charles Town,WV,25414,,,,,,,,,
William,Baker,William Baker,4139338063,,william.baker804@icloud.com,,,,,,,'Front and Back',,279478790,homeowner,true,false,Facebook,2024-08-06T00:00:00Z,false,2025-01-26T00:00:00Z,"$2,664.42",35786 Church St,,Centreville,VA,20120,,,,,,,,,
William,Gray,William Gray,3118017208,,william.gray336@icloud.com,,,owner,,,,,,288701999,homeowner,false,false,Referral,2022-11-02T00:00:00Z,false,2023-06-28T00:00:00Z,"$2,550.03",6033 Spring St,Suite 100,Hamilton,VA,20158,,,,,,,,,
Anthony,Morales,Anthony Morales,5244065989,,anthony.morales941@icloud.com,,,manager,,,,'Auto Pay',Gate around back,208376603,homeowner,true,false,,2024-01-27T00:00:00Z,false,2024-11-10T00:00:00Z,"$4,645.92",5951 Mulberry Ln,,Chantilly,VA,20151,,,,,,,,,
Andrew,Brown,Andrew Brown,4405427459,,andrew.brown641@hotmail.com,,,,,,,'VIP',No gate,218665507,homeowner,false,false,,2023-01-21T00:00:00Z,false,2023-11-08T00:00:00Z,"$1,846.06",26709 Meadow Ln,,Clifton,VA,20124,,,,,,,,,
Andrew,Sanders,Andrew Sanders,3282371190,,andrew.sanders74@gmail.com,,,,,,,'Monthly Client',No gate,293333735,renter,false,false,Facebook,2024-05-21T00:00:00Z,false,2025-04-12T00:00:00Z,$863.03,31996 Walnut Ave,,Reston,VA,20190,,,,,,,,,
Amanda,Lewis,Amanda Lewis,3905341121,,amanda.lewis592@icloud.com,,,,,,,'Needs Reminder',,276255745,renter,true,false,,2024-09-16T00:00:00Z,false,2025-09-18T00:00:00Z,"$1,769.18",32981 High St,,Springfield,VA,22150,,,,,,,,,
Janet,Gutierrez,Janet Gutierrez,7399795578,,janet.gutierrez477@outlook.com,,,,,,,'Long Term',Gate around back,282280717,homeowner,false,false,Nextdoor,2022-04-19T00:00:00Z,true,,"$2,568.16",34398 Juniper Rd,,Bluemont,VA,20135,,,,,,,,,
Jacob,Watson,Jacob Watson,9514397897,,jacob.watson362@hotmail.com,,,manager,,,,'Front and Back',,284463223,homeowner,true,false,,2024-08-27T00:00:00Z,true,,$811.58,11077 Cedar Ln,Unit B,Gainesville,VA,20155,,,,,,,,,
Patricia,Torres,Patricia Torres,6961843077,,patricia.torres518@gmail.com,,,manager,,,,'Gate Code Required',,299512938,renter,true,false,Yard Sign,2022-08-17T00:00:00Z,false,2023-06-29T00:00:00Z,$838.15,16618 Hill Rd,Apt 2,Woodbridge,VA,22191,,,,,,,,,
Melissa,Thompson,Melissa Thompson,4679014869,,melissa.thompson497@yahoo.com,,,manager,,,,'Needs Reminder',No gate,255424925,condo,true,false,Referral,2024-02-24T00:00:00Z,false,2024-07-01T00:00:00Z,"$3,171.20",2268 Summit Ave,,Silver Spring,MD,20901,,,,,,,,,
Pamela,Gutierrez,Pamela Gutierrez,5531555331,,pamela.gutierrez774@gmail.com,,,,,,,'Gate Code Required',2 dogs - Lab mix. Gate code: 9724,250975999,renter,false,false,,2024-03-09T00:00:00Z,false,2024-11-13T00:00:00Z,"$1,260.60",11083 Poplar St,,Hamilton,VA,20158,,,,,,,,,
Andrew,Cook,Andrew Cook,5917946172,,andrew.cook985@outlook.com,,,,,,,'Small Yard',Call before arriving,236282557,renter,false,false,Other,2023-07-01T00:00:00Z,false,2023-08-27T00:00:00Z,"$1,225.65",6480 Spruce St,Unit B,Purcellville,VA,20132,,,,,,,,,
Janet,Ross,Janet Ross,8028884193,,janet.ross533@hotmail.com,,,,,,,'Small Yard',Large friendly dogs,213112905,homeowner,true,false,Google,2024-12-11T00:00:00Z,false,2025-02-09T00:00:00Z,"$3,290.40",20630 Aspen Ct,,Vienna,VA,22180,,,,,,,,,
Matthew,Jones,Matthew Jones,2247342506,,matthew.jones59@outlook.com,,,,,,,'Bi-Weekly Client',Large friendly dogs,288099795,condo,true,false,Facebook,2025-03-05T00:00:00Z,false,2025-06-14T00:00:00Z,"$4,300.81",39381 Cypress Ave,,Arlington,VA,22201,,,,,,,,,
Cynthia,Foster,Cynthia Foster,2777548429,,cynthia.foster945@hotmail.com,,,,,,,'Gate Code Required',Large friendly dogs,252155724,homeowner,false,false,Facebook,2023-11-13T00:00:00Z,false,2023-12-20T00:00:00Z,"$1,239.55",21294 Main St,,Martinsburg,WV,25401,,,,,,,,,
Gary,Sanchez,Gary Sanchez,8245023923,,gary.sanchez661@icloud.com,,,owner,,,,'VIP',No gate,296019405,homeowner,true,false,,2023-06-15T00:00:00Z,false,2023-08-13T00:00:00Z,$167.33,9528 Spruce St,Suite 100,Ashburn,VA,20147,,,,,,,,,
John,Bailey,John Bailey,3527681014,,john.bailey956@gmail.com,,,owner,,,,,No gate,264174787,homeowner,true,false,Other,2024-06-12T00:00:00Z,false,2025-01-11T00:00:00Z,"$4,051.44",17561 River Rd,Unit B,Clifton,VA,20124,,,,,,,,,
Deborah,Powell,Deborah Powell,9985932985,,deborah.powell581@outlook.com,,,manager,,,,'Back Yard Only',Call before arriving,271756326,homeowner,true,false,Google,2023-11-28T00:00:00Z,false,2024-01-15T00:00:00Z,"$4,037.67",21952 Union St,,Chantilly,VA,20151,,,,,,,,,
Stephen,Garcia,Stephen Garcia,5937764129,,stephen.garcia307@icloud.com,,,,,,,'Front and Back',,225916466,homeowner,false,false,,2022-02-21T00:00:00Z,false,2023-03-03T00:00:00Z,"$4,782.64",23644 Dogwood Dr,,Ashburn,VA,20147,,,,,,,,,
Anna,Myers,Anna Myers,5156119748,,anna.myers989@icloud.com,,,manager,,,,'Large Yard',Large friendly dogs,215862805,homeowner,true,false,Other,2023-03-10T00:00:00Z,true,,"$3,203.12",2527 Summit Ave,,Leesburg,VA,20175,,,,,,,,,
Sandra,Martinez,Sandra Martinez,2378533319,,sandra.martinez501@gmail.com,,,,,,,'Weekly Client',Gate around back,213058343,renter,true,false,Referral,2024-07-23T00:00:00Z,false,2025-06-07T00:00:00Z,$819.31,3101 Church St,Unit B,Gaithersburg,MD,20877,,,,,,,,,
Amy,Gray,Amy Gray,8303252033,,amy.gray824@yahoo.com,,,,,,,'Back Yard Only',,243163063,homeowner,true,false,Facebook,2023-03-13T00:00:00Z,false,2024-04-14T00:00:00Z,$218.82,22208 Willow Dr,,Martinsburg,WV,25401,,,,,,,,,
Kimberly,Jackson,Kimberly Jackson,9755253753,,kimberly.jackson714@hotmail.com,,,,,,,'Monthly Client',,202097866,homeowner,true,false,Google,2024-09-24T00:00:00Z,false,2024-11-11T00:00:00Z,$30.48,28848 Church St,Apt 2,Fairfax,VA,22030,,,,,,,,,
Frank,Peterson,Frank Peterson,9082294377,,frank.peterson147@hotmail.com,,,,,,,'Needs Reminder',,296260787,condo,true,false,Referral,2024-10-20T00:00:00Z,false,2025-09-05T00:00:00Z,"$4,561.43",29618 Birch St,,Silver Spring,MD,20901,,,,,,,,,
Rebecca,Smith,Rebecca Smith,7713414144,,rebecca.smith121@outlook.com,,,,,,,'Long Term',Gate around back,207122803,condo,false,false,Nextdoor,2023-02-01T00:00:00Z,false,2023-04-06T00:00:00Z,"$3,823.74",23817 Spruce St,Apt 2,Ashburn,VA,20147,,,,,,,,,
Daniel,Lee,Daniel Lee,8861441885,,daniel.lee661@hotmail.com,,,,,,,'Needs Reminder',,214015162,homeowner,true,false,Other,2022-04-18T00:00:00Z,false,2023-01-25T00:00:00Z,$844.26,13835 Walnut Ave,,Gainesville,VA,20155,,,,,,,,,
Donald,Jenkins,Donald Jenkins,6557066340,,donald.jenkins430@yahoo.com,,,,,,,'Bi-Weekly Client',4 dogs. Gate code: 7759,250403103,homeowner,false,false,Nextdoor,2023-03-28T00:00:00Z,false,2023-05-11T00:00:00Z,"$2,260.75",15177 Lake Dr,,Warrenton,VA,20186,,,,,,,,,
Margaret,Reyes,Margaret Reyes,6652827346,,margaret.reyes383@yahoo.com,,,,,,,'VIP',,292906924,homeowner,false,false,Yard Sign,2025-03-10T00:00:00Z,false,2025-04-16T00:00:00Z,"$1,346.90",12824 Cypress Ave,,Frederick,MD,21701,,,,,,,,,
Rebecca,Perez,Rebecca Perez,9784514602,,rebecca.perez908@hotmail.com,,,,,,,'Bi-Weekly Client',No gate,229050434,condo,true,false,Nextdoor,2024-08-27T00:00:00Z,false,2025-04-27T00:00:00Z,"$1,340.02",11236 Chestnut St,Apt 2,Fairfax,VA,22030,,,,,,,,,
Michelle,Morris,Michelle Morris,7933273440,,michelle.morris936@outlook.com,,,,,,,'Front and Back',,257136170,condo,true,false,,2024-12-23T00:00:00Z,false,2025-07-19T00:00:00Z,"$2,300.49",27479 Cedar Ln,,Round Hill,VA,20141,,,,,,,,,
Amy,Walker,Amy Walker,2856711203,,amy.walker710@icloud.com,,,manager,,,,'Back Yard Only',No gate,289796439,renter,true,false,Nextdoor,2023-09-17T00:00:00Z,false,2023-12-15T00:00:00Z,"$3,375.86",8797 Creek Rd,,Arlington,VA,22201,,,,,,,,,
Cynthia,Moore,Cynthia Moore,9205154030,,cynthia.moore809@hotmail.com,,,owner,,,,,,239807633,renter,true,false,,2024-05-22T00:00:00Z,false,2025-06-18T00:00:00Z,"$1,294.99",189 Cypress Ave,,Frederick,MD,21701,,,,,,,,,
Helen,Nelson,Helen Nelson,9531569433,,helen.nelson969@hotmail.com,,,,,,,'Needs Reminder',Call before arriving,223523992,condo,true,false,,2025-02-18T00:00:00Z,false,2026-02-20T00:00:00Z,$321.63,7372 Meadow Ln,,Hamilton,VA,20158,,,,,,,,,
Joshua,Walker,Joshua Walker,7522168839,,joshua.walker756@outlook.com,,,owner,,,,'Auto Pay',Gate around back,207309497,homeowner,true,false,Yard Sign,2022-05-10T00:00:00Z,false,2022-11-23T00:00:00Z,"$1,657.09",14874 Ridge Rd,,Arlington,VA,22201,,,,,,,,,
Alexander,Ward,Alexander Ward,8949459730,,alexander.ward922@hotmail.com,,,manager,,,,'Bi-Weekly Client',,238704726,homeowner,true,false,,2022-06-07T00:00:00Z,false,2022-08-08T00:00:00Z,$790.88,24226 Elm St,,Shepherdstown,WV,25443,,,,,,,,,
Karen,Clark,Karen Clark,7337421371,,karen.clark301@icloud.com,,,,,,,'Long Term',Gate around back,225375292,homeowner,true,false,,2022-05-09T00:00:00Z,false,2022-05-27T00:00:00Z,"$4,184.61",8752 Cherry St,,Germantown,MD,20874,,,,,,,,,
Justin,Baker,Justin Baker,8717616346,,justin.baker498@outlook.com,,,,,,,'Needs Reminder',,234897610,homeowner,true,false,Yard Sign,2023-04-10T00:00:00Z,false,2023-12-20T00:00:00Z,"$1,785.13",36044 Hickory Ln,,Silver Spring,MD,20901,,,,,,,,,
Amanda,Torres,Amanda Torres,6662703634,,amanda.torres729@outlook.com,,,,,,,'Monthly Client',,242496800,homeowner,true,false,Referral,2025-03-22T00:00:00Z,true,,"$2,116.27",12045 Sunset Blvd,Suite 100,Gainesville,VA,20155,,,,,,,,,
Alexander,Jones,Alexander Jones,8814246633,,alexander.jones152@hotmail.com,,,owner,,,,'Bi-Weekly Client',No gate,219513094,condo,true,false,Yard Sign,2024-07-27T00:00:00Z,false,2025-01-13T00:00:00Z,$749.06,35480 Forest Dr,Apt 2,Shepherdstown,WV,25443,,,,,,,,,
Jacob,Nguyen,Jacob Nguyen,9726873409,,jacob.nguyen819@outlook.com,,,,,,,,,241350093,homeowner,true,false,,2022-02-20T00:00:00Z,false,2022-09-20T00:00:00Z,"$2,964.11",22296 Lake Dr,Unit B,Shepherdstown,WV,25443,,,,,,,,,
Michelle,Davis,Michelle Davis,8227564197,,michelle.davis598@outlook.com,,,owner,,,,'Auto Pay',,268690958,renter,true,false,Facebook,2024-03-18T00:00:00Z,false,2024-07-02T00:00:00Z,"$2,354.23",18314 Valley Rd,,Alexandria,VA,22301,,,,,,,,,
Ronald,Jackson,Ronald Jackson,9339748006,,ronald.jackson379@icloud.com,,,,,,,'Gate Code Required',2 dogs - Lab mix. Gate code: 2435,297690823,homeowner,true,false,Other,2024-06-28T00:00:00Z,false,2025-07-19T00:00:00Z,"$4,764.47",898 School St,,Burke,VA,22015,,,,,,,,,
Janet,Collins,Janet Collins,3429552410,,janet.collins148@yahoo.com,,,,,,,,,200888369,homeowner,false,false,Facebook,2024-04-18T00:00:00Z,true,,"$4,389.17",31204 Sycamore Ln,,Haymarket,VA,20169,,,,,,,,,
Sarah,Sanchez,Sarah Sanchez,3909527254,,sarah.sanchez297@outlook.com,,,,,,,'Gate Code Required',2 dogs - Lab mix. Gate code: 8593,203602405,condo,false,false,,2022-01-06T00:00:00Z,false,2022-04-01T00:00:00Z,"$1,260.85",2867 Union St,Suite 100,Rockville,MD,20850,,,,,,,,,
Katherine,Sanders,Katherine Sanders,4945273938,,katherine.sanders504@yahoo.com,,,manager,,,,'Needs Reminder',No gate,275910136,homeowner,true,false,Facebook,2024-06-12T00:00:00Z,false,2024-10-29T00:00:00Z,"$3,014.38",7922 High St,,Leesburg,VA,20175,,,,,,,,,
Angela,Gutierrez,Angela Gutierrez,7891175252,,angela.gutierrez167@outlook.com,,,,,,,'Multiple Dogs',Gate around back,248474537,homeowner,true,false,Referral,2024-05-09T00:00:00Z,false,2025-04-06T00:00:00Z,"$4,378.10",9677 Ridge Rd,,Hamilton,VA,20158,,,,,,,,,
Shirley,Price,Shirley Price,2786264175,,shirley.price785@yahoo.com,,,,,,,'Small Yard',Gate around back,291998698,homeowner,true,false,Other,2024-01-13T00:00:00Z,false,2024-03-09T00:00:00Z,"$2,565.22",39340 Forest Dr,Apt 2,Ashburn,VA,20147,,,,,,,,,
Sarah,Kelly,Sarah Kelly,4884818944,,sarah.kelly422@hotmail.com,,,,,,,'VIP',,256015266,homeowner,false,false,,2024-08-01T00:00:00Z,false,2024-09-16T00:00:00Z,$559.52,6812 Spring St,,Fairfax,VA,22030,,,,,,,,,
Donna,Powell,Donna Powell,5712428240,,donna.powell912@outlook.com,,,,,,,'Weekly Client',1 small dog. Gate code: 2943,217275764,homeowner,true,false,Yard Sign,2022-10-19T00:00:00Z,false,2023-10-13T00:00:00Z,"$1,087.56",22516 Sunset Blvd,Unit B,Silver Spring,MD,20901,,,,,,,,,
Jason,Powell,Jason Powell,9819022830,,jason.powell80@gmail.com,,,manager,,,,'Weekly Client',,262959166,homeowner,true,false,Facebook,2022-09-01T00:00:00Z,false,2023-01-15T00:00:00Z,$207.75,28362 Cedar Ln,,Gaithersburg,MD,20877,,,,,,,,,
Jessica,James,Jessica James,4107014277,,jessica.james190@hotmail.com,,,,,,,'Needs Reminder',,267194013,homeowner,true,false,Yard Sign,2023-05-11T00:00:00Z,true,,"$2,737.13",6049 River Rd,Suite 100,Leesburg,VA,20175,,,,,,,,,
Margaret,Ortiz,Margaret Ortiz,3963883814,,margaret.ortiz924@outlook.com,,,,,,,'Multiple Dogs',No gate,290399088,homeowner,true,false,,2022-08-08T00:00:00Z,true,,"$4,006.76",6567 Spring St,Apt 2,Round Hill,VA,20141,,,,,,,,,
Sandra,Evans,Sandra Evans,3158796149,,sandra.evans127@icloud.com,,,owner,,,,'Front and Back',,244038904,homeowner,true,false,Other,2024-10-08T00:00:00Z,false,2024-12-13T00:00:00Z,"$1,846.95",34160 Hill Rd,,Sterling,VA,20164,,,,,,,,,
Mark,Diaz,Mark Diaz,6173978011,,mark.diaz194@gmail.com,,,manager,,,,'Back Yard Only',No gate,270150556,homeowner,true,false,,2022-06-24T00:00:00Z,false,2022-08-31T00:00:00Z,$688.16,24180 Sunset Blvd,,Gaithersburg,MD,20877,,,,,,,,,
William,Campbell,William Campbell,4034464281,,william.campbell610@icloud.com,,,,,,,'Gate Code Required',Large friendly dogs,247794571,homeowner,true,false,,2024-09-01T00:00:00Z,false,2025-08-15T00:00:00Z,"$2,895.19",15361 Walnut Ave,Unit B,Sterling,VA,20164,,,,,,,,,
Ryan,Wilson,Ryan Wilson,3253569017,,ryan.wilson510@yahoo.com,,,,,,,'Small Yard',,224037816,homeowner,true,false,Google,2024-02-23T00:00:00Z,false,2025-01-04T00:00:00Z,"$3,260.18",2047 Park Ave,Unit B,Herndon,VA,20170,,,,,,,,,
Raymond,Kelly,Raymond Kelly,9856048635,,raymond.kelly207@hotmail.com,,,,,,,'Multiple Dogs',,204241081,homeowner,false,false,,2024-05-31T00:00:00Z,false,2024-08-06T00:00:00Z,"$1,841.42",32229 Magnolia Ave,,Rockville,MD,20850,,,,,,,,,
Ryan,Jones,Ryan Jones,2332815965,,ryan.jones906@yahoo.com,,,,,,,'Long Term',No gate,288594248,homeowner,true,false,,2025-02-08T00:00:00Z,true,,"$2,589.08",28325 Hill Rd,,Rockville,MD,20850,,,,,,,,,
Linda,Turner,Linda Turner,4696067189,,linda.turner632@hotmail.com,,,,,,,'Weekly Client',Call before arriving,299597222,condo,false,false,,2025-04-10T00:00:00Z,false,2025-04-30T00:00:00Z,"$3,672.93",21103 Pine Rd,,Gainesville,VA,20155,,,,,,,,,
Jason,Hall,Jason Hall,5655216755,,jason.hall58@yahoo.com,,,,,,,'Bi-Weekly Client',Gate around back,215364077,homeowner,false,false,,2023-11-23T00:00:00Z,false,2024-02-24T00:00:00Z,$94.62,15476 Linden Ln,,Springfield,VA,22150,,,,,,,,,
Larry,Gomez,Larry Gomez,6313731334,,larry.gomez713@icloud.com,,,,,,,'Multiple Dogs',No gate,213429380,condo,true,false,,2023-02-26T00:00:00Z,true,,"$2,384.31",20843 Meadow Ln,Apt 2,Leesburg,VA,20175,,,,,,,,,
Kenneth,Campbell,Kenneth Campbell,6463069142,,kenneth.campbell651@gmail.com,,,owner,,,,'Gate Code Required',1 dog - German Shepherd. Gate code: 7586,283828673,homeowner,true,false,Google,2022-07-08T00:00:00Z,false,2023-07-17T00:00:00Z,"$4,052.10",14129 School St,,Germantown,MD,20874,,,,,,,,,
William,Wood,William Wood,7435867997,,william.wood215@hotmail.com,,,,,,,'New Client',Call before arriving,226853878,renter,true,false,Yard Sign,2024-04-28T00:00:00Z,false,2024-11-26T00:00:00Z,"$1,206.07",19881 Magnolia Ave,Suite 100,Lovettsville,VA,20180,,,,,,,,,
Benjamin,Russell,Benjamin Russell,7289834056,,benjamin.russell591@icloud.com,,,,,,,'Large Yard',,270097837,homeowner,true,false,,2023-02-15T00:00:00Z,false,2023-08-27T00:00:00Z,"$2,219.94",30724 High St,Unit B,Arlington,VA,22201,,,,,,,,,
Timothy,Green,Timothy Green,2657494335,,timothy.green867@icloud.com,,,,,,,'Back Yard Only',Large friendly dogs,232008703,homeowner,true,false,Yard Sign,2022-08-21T00:00:00Z,false,2022-11-12T00:00:00Z,$921.20,18911 Linden Ln,,Woodbridge,VA,22191,,,,,,,,,
Gary,Richardson,Gary Richardson,6465321606,,gary.richardson207@yahoo.com,,,,,,,'Back Yard Only',,296968818,homeowner,true,false,Yard Sign,2024-09-22T00:00:00Z,false,2024-10-09T00:00:00Z,$265.57,9041 Maple Ave,,Woodbridge,VA,22191,,,,,,,,,
Timothy,Campbell,Timothy Campbell,8877732479,,timothy.campbell407@yahoo.com,,,,,,,,Gate around back,266632538,homeowner,false,false,,2022-07-04T00:00:00Z,false,2022-11-09T00:00:00Z,"$2,879.14",7435 Chestnut St,Unit B,Springfield,VA,22150,,,,,,,,,
Jason,Ramirez,Jason Ramirez,3472093869,,jason.ramirez220@hotmail.com,,,manager,,,,'Weekly Client',Call before arriving,293901101,homeowner,true,false,,2022-08-20T00:00:00Z,false,2023-02-05T00:00:00Z,"$2,619.58",26863 Main St,Suite 100,Shepherdstown,WV,25443,,,,,,,,,
Charles,Campbell,Charles Campbell,6868327025,,charles.campbell842@hotmail.com,,,,,,,'Front and Back',Gate around back,274185883,condo,true,false,Google,2024-02-27T00:00:00Z,true,,"$3,066.96",39802 Cedar Ln,Suite 100,Leesburg,VA,20175,,,,,,,,,
Donald,Murphy,Donald Murphy,5971087438,,donald.murphy950@hotmail.com,,,,,,,'Small Yard',Call before arriving,286493863,homeowner,false,false,Nextdoor,2024-04-12T00:00:00Z,false,2024-05-06T00:00:00Z,"$1,315.38",6014 Church St,,Haymarket,VA,20169,,,,,,,,,
Raymond,Evans,Raymond Evans,5408347920,,raymond.evans898@gmail.com,,,,,,,'New Client',Call before arriving,260835762,condo,false,false,Other,2022-02-26T00:00:00Z,false,2023-03-30T00:00:00Z,$250.07,17202 Magnolia Ave,,Fairfax,VA,22030,,,,,,,,,
James,Phillips,James Phillips,4047436006,,james.phillips322@outlook.com,,,,,,,'Front and Back',Large friendly dogs,242869025,homeowner,true,false,,2024-07-13T00:00:00Z,true,,"$4,192.83",7363 Forest Dr,,Bluemont,VA,20135,,,,,,,,,
Michelle,Torres,Michelle Torres,4031867791,,michelle.torres377@yahoo.com,,,,,,,'Weekly Client',,262065617,homeowner,false,false,Google,2023-02-11T00:00:00Z,true,,"$3,366.05",24828 Chestnut St,,Charles Town,WV,25414,,,,,,,,,
Jason,Gray,Jason Gray,4662522459,,jason.gray982@hotmail.com,,,,,,,'New Client',No gate,215906458,homeowner,false,false,,2023-04-05T00:00:00Z,false,2024-04-11T00:00:00Z,$975.10,37274 Lake Dr,,Fairfax,VA,22030,,,,,,,,,
Thomas,Morris,Thomas Morris,4117144531,,thomas.morris844@hotmail.com,,,manager,,,,'Weekly Client',1 large dog. Gate code: 5289,282903638,condo,false,false,Referral,2024-07-12T00:00:00Z,false,2024-11-23T00:00:00Z,"$1,774.26",27515 Sunset Blvd,,McLean,VA,22101,,,,,,,,,
Mary,Peterson,Mary Peterson,3369926296,,mary.peterson998@icloud.com,,,owner,,,,'Gate Code Required',,206994436,homeowner,true,false,,2023-11-13T00:00:00Z,false,2024-03-19T00:00:00Z,"$2,260.48",25232 Walnut Ave,Unit B,Arlington,VA,22201,,,,,,,,,
Steven,Bell,Steven Bell,8344905956,,steven.bell405@hotmail.com,,,owner,,,,'Gate Code Required',No gate,245523530,condo,false,false,Referral,2024-08-16T00:00:00Z,false,2024-10-29T00:00:00Z,$430.31,36771 Cedar Ln,Apt 2,Herndon,VA,20170,,,,,,,,,
Dorothy,Anderson,Dorothy Anderson,5201453095,,dorothy.anderson512@hotmail.com,,,,,,,'Small Yard',Call before arriving,258488779,homeowner,true,false,,2022-12-04T00:00:00Z,true,,"$3,536.97",28286 School St,,Burke,VA,22015,,,,,,,,,
Raymond,Price,Raymond Price,6501544095,,raymond.price153@gmail.com,,,owner,,,,'Monthly Client',Large friendly dogs,215572483,condo,false,false,Yard Sign,2024-10-10T00:00:00Z,false,2024-11-06T00:00:00Z,"$2,119.29",12102 Cedar Ln,,Alexandria,VA,22301,,,,,,,,,
Amy,Anderson,Amy Anderson,9379873425,,amy.anderson127@hotmail.com,,,,,,,'Front and Back',3 dogs. Gate code: 5469,278322404,homeowner,true,false,Referral,2022-01-09T00:00:00Z,false,2022-10-12T00:00:00Z,"$3,680.87",13451 School St,,Bluemont,VA,20135,,,,,,,,,
Amy,Ross,Amy Ross,2964361425,,amy.ross292@gmail.com,,,owner,,,,'Monthly Client',No gate,294986778,homeowner,true,false,Other,2024-09-09T00:00:00Z,false,2025-05-06T00:00:00Z,"$3,016.11",24581 Mulberry Ln,,Charles Town,WV,25414,,,,,,,,,
Jennifer,Long,Jennifer Long,8375636323,,jennifer.long971@outlook.com,,,,,,,'Multiple Dogs',,273438064,homeowner,false,false,Yard Sign,2024-02-21T00:00:00Z,false,2024-04-15T00:00:00Z,"$1,914.52",13952 Pine Rd,Suite 100,Herndon,VA,20170,,,,,,,,,
John,Clark,John Clark,3664977592,,john.clark292@yahoo.com,,,,,,,'Front and Back',,248190104,homeowner,false,false,,2022-07-16T00:00:00Z,false,2023-01-27T00:00:00Z,"$2,460.74",19665 Dogwood Dr,Suite 100,Sterling,VA,20164,,,,,,,,,
Paul,Wood,Paul Wood,8145332478,,paul.wood775@icloud.com,,,,,,,'Bi-Weekly Client',Call before arriving,262213255,homeowner,true,false,,2023-04-05T00:00:00Z,false,2024-03-08T00:00:00Z,"$3,293.94",12313 Walnut Ave,Unit B,Burke,VA,22015,,,,,,,,,
Cynthia,Morris,Cynthia Morris,2819208825,,cynthia.morris308@yahoo.com,,,,,,,'Gate Code Required',,206052535,homeowner,false,false,,2024-11-17T00:00:00Z,true,,"$2,451.13",19787 Church St,Apt 2,Herndon,VA,20170,,,,,,,,,
Steven,Rivera,Steven Rivera,4606992339,,steven.rivera788@outlook.com,,,,,,,'Small Yard',,255868338,homeowner,false,false,Referral,2023-09-02T00:00:00Z,true,,"$2,818.60",7566 Poplar St,,Leesburg,VA,20175,,,,,,,,,
Dorothy,Baker,Dorothy Baker,3913164032,,dorothy.baker81@outlook.com,,,manager,,,,'Weekly Client',,223049928,condo,false,false,Google,2024-09-04T00:00:00Z,false,2025-05-04T00:00:00Z,"$3,320.67",7068 Walnut Ave,Apt 2,Manassas,VA,20110,,,,,,,,,
Helen,Reyes,Helen Reyes,5698077471,,helen.reyes824@hotmail.com,,,,,,,'Bi-Weekly Client',1 dog - Husky. Gate code: 1260,203599088,condo,false,false,Nextdoor,2023-03-05T00:00:00Z,true,,"$3,113.39",8297 Hill Rd,,Bluemont,VA,20135,,,,,,,,,
Matthew,Lopez,Matthew Lopez,5088888592,,matthew.lopez152@icloud.com,,,,,,,'Front and Back',No gate,263282209,homeowner,false,false,Referral,2022-02-10T00:00:00Z,false,2022-10-05T00:00:00Z,"$2,809.09",1529 Lake Dr,,Martinsburg,WV,25401,,,,,,,,,
Joshua,Johnson,Joshua Johnson,3057458074,,joshua.johnson426@icloud.com,,,,,,,'Auto Pay',1 dog - German Shepherd. Gate code: 8993,295870425,renter,true,false,,2022-05-05T00:00:00Z,false,2023-02-06T00:00:00Z,$91.29,2525 Dogwood Dr,,Gainesville,VA,20155,,,,,,,,,
Samuel,Collins,Samuel Collins,6842199106,,samuel.collins638@hotmail.com,,,,,,,'Front and Back',Call before arriving,258802221,condo,false,false,Yard Sign,2023-04-21T00:00:00Z,false,2024-01-12T00:00:00Z,"$1,054.57",28688 Maple Ave,,Shepherdstown,WV,25443,,,,,,,,,
Emily,Jenkins,Emily Jenkins,9284997829,,emily.jenkins854@hotmail.com,,,,,,,'Front and Back',No gate,217327046,homeowner,false,false,Yard Sign,2022-12-21T00:00:00Z,false,2023-04-09T00:00:00Z,$750.31,10718 Juniper Rd,,Gaithersburg,MD,20877,,,,,,,,,
Kenneth,Walker,Kenneth Walker,4146701770,,kenneth.walker19@hotmail.com,,,,,,,'Weekly Client',Call before arriving,257796900,renter,false,false,,2022-08-22T00:00:00Z,false,2023-07-11T00:00:00Z,"$1,088.11",23499 Forest Dr,,Manassas,VA,20110,,,,,,,,,
Carol,Rivera,Carol Rivera,9871475382,,carol.rivera918@yahoo.com,,,,,,,,,214212564,homeowner,true,false,Google,2022-07-28T00:00:00Z,false,2023-05-18T00:00:00Z,$201.45,39702 Park Ave,Unit B,Bethesda,MD,20814,,,,,,,,,
Brian,Lee,Brian Lee,9453998233,,brian.lee781@outlook.com,,,,,,,'Multiple Dogs',,227097261,homeowner,false,false,Other,2024-06-18T00:00:00Z,false,2025-01-23T00:00:00Z,"$3,692.25",6607 River Rd,Unit B,Rockville,MD,20850,,,,,,,,,
Andrew,Bell,Andrew Bell,3751875358,,andrew.bell382@icloud.com,,,,,,,'New Client',,257555628,renter,true,false,,2024-04-26T00:00:00Z,false,2024-11-28T00:00:00Z,"$4,310.71",16185 River Rd,Suite 100,Burke,VA,22015,,,,,,,,,
Jeffrey,Jackson,Jeffrey Jackson,9881109476,,jeffrey.jackson967@gmail.com,,,manager,,,,'New Client',,288607345,condo,true,false,Referral,2022-11-06T00:00:00Z,false,2023-09-03T00:00:00Z,$277.49,22271 Ridge Rd,,Bluemont,VA,20135,,,,,,,,,
Stephanie,Morales,Stephanie Morales,9176665986,,stephanie.morales739@hotmail.com,,,manager,,,,,No gate,286420023,renter,false,false,,2023-02-25T00:00:00Z,false,2023-12-07T00:00:00Z,"$2,996.93",617 High St,Apt 2,Chantilly,VA,20151,,,,,,,,,
Katherine,Phillips,Katherine Phillips,9943025940,,katherine.phillips87@gmail.com,,,,,,,'Auto Pay',3 dogs. Gate code: 5651,212458031,homeowner,true,false,Referral,2024-11-13T00:00:00Z,false,2025-08-29T00:00:00Z,"$1,498.81",22021 Meadow Ln,Unit B,Germantown,MD,20874,,,,,,,,,
Patricia,Cox,Patricia Cox,8063644954,,patricia.cox853@hotmail.com,,,,,,,'Small Yard',Call before arriving,216617902,homeowner,true,false,Google,2022-04-08T00:00:00Z,true,,"$3,124.62",33213 Lake Dr,Unit B,Martinsburg,WV,25401,,,,,,,,,
Raymond,Smith,Raymond Smith,6644474868,,raymond.smith825@outlook.com,,,,,,,'Gate Code Required',Large friendly dogs,269748476,renter,true,false,Yard Sign,2023-05-23T00:00:00Z,false,2023-07-22T00:00:00Z,"$1,573.67",39129 Mill Rd,,Germantown,MD,20874,,,,,,,,,
Richard,Jackson,Richard Jackson,9285357751,,richard.jackson84@gmail.com,,,owner,,,,'Long Term',Large friendly dogs,278952163,homeowner,false,false,Nextdoor,2025-02-18T00:00:00Z,false,2025-11-17T00:00:00Z,"$3,738.36",27945 Hill Rd,,Hamilton,VA,20158,,,,,,,,,
Jeffrey,Powell,Jeffrey Powell,7018497830,,jeffrey.powell844@yahoo.com,,,,,,,'Monthly Client',,293210280,condo,true,false,,2023-03-12T00:00:00Z,false,2023-11-07T00:00:00Z,"$2,272.11",33247 Hill Rd,,Reston,VA,20190,,,,,,,,,
Nicole,Evans,Nicole Evans,3122237055,,nicole.evans586@hotmail.com,,,,,,,'Gate Code Required',Gate around back,265219822,renter,true,false,Other,2022-02-27T00:00:00Z,false,2022-05-18T00:00:00Z,$682.27,34360 River Rd,,Purcellville,VA,20132,,,,,,,,,
Andrew,Ramirez,Andrew Ramirez,3879389008,,andrew.ramirez3@gmail.com,,,,,,,'Needs Reminder',Call before arriving,250641104,homeowner,true,false,,2024-08-31T00:00:00Z,true,,"$4,001.68",4527 Cedar Ln,,Chantilly,VA,20151,,,,,,,,,
Samantha,Rogers,Samantha Rogers,9795608357,,samantha.rogers153@hotmail.com,,,manager,,,,'Multiple Dogs',No gate,298772543,homeowner,true,false,,2023-07-23T00:00:00Z,true,,$424.94,26945 Meadow Ln,,Bluemont,VA,20135,,,,,,,,,
Benjamin,Russell,Benjamin Russell,5166743028,,benjamin.russell660@outlook.com,,,,,,,'Large Yard',1 dog. Gate code: 9548,263865585,renter,true,false,,2024-10-26T00:00:00Z,false,2024-11-11T00:00:00Z,$577.36,12710 Juniper Rd,Apt 2,Bluemont,VA,20135,,,,,,,,,
Anthony,Young,Anthony Young,9229598278,,anthony.young87@outlook.com,,,,,,,'Small Yard',Large friendly dogs,224227374,homeowner,true,false,,2024-04-29T00:00:00Z,false,2024-05-18T00:00:00Z,"$4,126.31",26432 Mulberry Ln,,Warrenton,VA,20186,,,,,,,,,
Joseph,Gonzalez,Joseph Gonzalez,7542725675,,joseph.gonzalez148@yahoo.com,,,,,,,'Back Yard Only',Call before arriving,224354859,homeowner,true,false,,2022-02-25T00:00:00Z,false,2023-03-04T00:00:00Z,$280.81,5973 River Rd,,Manassas,VA,20110,,,,,,,,,
Timothy,Adams,Timothy Adams,4644842981,,timothy.adams54@yahoo.com,,,,,,,'Auto Pay',Large friendly dogs,215445960,renter,true,false,,2023-07-06T00:00:00Z,false,2023-08-13T00:00:00Z,"$1,528.01",39225 Mulberry Ln,,Springfield,VA,22150,,,,,,,,,
Patricia,Evans,Patricia Evans,8483391305,,patricia.evans276@outlook.com,,,,,,,'Gate Code Required',No gate,211261988,homeowner,true,false,Referral,2024-10-21T00:00:00Z,false,2025-02-09T00:00:00Z,"$3,757.83",16242 Aspen Ct,Unit B,Ashburn,VA,20147,,,,,,,,,
Jonathan,Stewart,Jonathan Stewart,7685621684,,jonathan.stewart2@icloud.com,,,,,,,'Gate Code Required',Large friendly dogs,247166514,homeowner,true,false,,2023-03-12T00:00:00Z,true,,"$4,035.28",11069 Oak St,,Gainesville,VA,20155,,,,,,,,,
Larry,Rodriguez,Larry Rodriguez,5071917476,,larry.rodriguez716@gmail.com,,,,,,,'Needs Reminder',Call before arriving,285251058,homeowner,true,false,Nextdoor,2023-06-20T00:00:00Z,false,2024-07-16T00:00:00Z,"$3,397.22",36569 High St,,Herndon,VA,20170,,,,,,,,,
Anthony,Rogers,Anthony Rogers,8134361260,,anthony.rogers936@yahoo.com,,,manager,,,,'Back Yard Only',No gate,252719526,condo,true,false,Google,2025-01-07T00:00:00Z,true,,"$3,779.07",39997 Cherry St,,Round Hill,VA,20141,,,,,,,,,
Patricia,Sanders,Patricia Sanders,6557883022,,patricia.sanders362@icloud.com,,,manager,,,,'Bi-Weekly Client',2 dogs - Lab mix. Gate code: 7069,259670203,homeowner,true,false,Google,2022-01-20T00:00:00Z,false,2022-05-20T00:00:00Z,"$3,567.09",25446 Sunset Blvd,Suite 100,Chantilly,VA,20151,,,,,,,,,
Elizabeth,Reyes,Elizabeth Reyes,8404104623,,elizabeth.reyes240@icloud.com,,,owner,,,,'VIP',Large friendly dogs,214890990,homeowner,true,false,,2023-07-23T00:00:00Z,true,,"$2,401.56",2511 High St,,Burke,VA,22015,,,,,,,,,
Gregory,Morales,Gregory Morales,8176783875,,gregory.morales67@outlook.com,,,,,,,'Small Yard',Gate around back,225749878,renter,false,false,,2022-02-17T00:00:00Z,false,2023-02-13T00:00:00Z,"$3,253.13",4363 Hill Rd,,Herndon,VA,20170,,,,,,,,,
Jason,Myers,Jason Myers,8897651849,,jason.myers875@hotmail.com,,,owner,,,,'Long Term',,296800547,homeowner,false,false,,2023-04-05T00:00:00Z,false,2023-05-06T00:00:00Z,"$1,334.08",26765 High St,,Martinsburg,WV,25401,,,,,,,,,
James,Turner,James Turner,3994422340,,james.turner902@outlook.com,,,owner,,,,'VIP',Gate around back,208434795,homeowner,true,false,Nextdoor,2022-07-18T00:00:00Z,false,2022-08-08T00:00:00Z,"$2,303.84",14886 Walnut Ave,,Leesburg,VA,20175,,,,,,,,,
Ashley,Wilson,Ashley Wilson,6843446583,,ashley.wilson853@gmail.com,,,,,,,'Needs Reminder',No gate,277703269,homeowner,true,false,,2022-09-13T00:00:00Z,false,2022-11-02T00:00:00Z,"$4,677.72",34157 Church St,,Centreville,VA,20120,,,,,,,,,
Thomas,Davis,Thomas Davis,6521565939,,thomas.davis626@icloud.com,,,owner,,,,'Gate Code Required',Large friendly dogs,212862118,condo,true,false,Google,2024-04-21T00:00:00Z,false,2024-08-25T00:00:00Z,"$4,150.00",6773 Pine Rd,Apt 2,Lovettsville,VA,20180,,,,,,,,,
Deborah,Morgan,Deborah Morgan,6387352659,,deborah.morgan348@gmail.com,,,,,,,'Bi-Weekly Client',,279575878,renter,true,false,Nextdoor,2023-02-01T00:00:00Z,false,2023-11-28T00:00:00Z,$604.71,33996 Summit Ave,Apt 2,Frederick,MD,21701,,,,,,,,,
Kathleen,Jenkins,Kathleen Jenkins,8355554046,,kathleen.jenkins249@yahoo.com,,,owner,,,,'New Client',Gate around back,278338313,homeowner,true,false,,2025-01-13T00:00:00Z,false,2025-04-04T00:00:00Z,$707.56,4064 Hill Rd,,Purcellville,VA,20132,,,,,,,,,
Melissa,Johnson,Melissa Johnson,7307003369,,melissa.johnson59@yahoo.com,,,,,,,'VIP',,245842323,condo,true,false,Other,2023-01-23T00:00:00Z,true,,"$2,283.48",36764 Pine Rd,,Bethesda,MD,20814,,,,,,,,,
Larry,Nelson,Larry Nelson,8304067859,,larry.nelson337@yahoo.com,,,,,,,,1 dog. Gate code: 4654,262617503,homeowner,false,false,Nextdoor,2023-03-13T00:00:00Z,false,2023-07-20T00:00:00Z,"$2,307.58",29873 Cedar Ln,,Ashburn,VA,20147,,,,,,,,,
Stephanie,White,Stephanie White,2064711162,,stephanie.white76@hotmail.com,,,,,,,'Long Term',,203984330,homeowner,true,false,Yard Sign,2023-02-12T00:00:00Z,false,2023-05-31T00:00:00Z,"$1,363.68",36452 Lake Dr,,Leesburg,VA,20175,,,,,,,,,
Stephen,Young,Stephen Young,3823001352,,stephen.young181@hotmail.com,,,,,,,'Multiple Dogs',No gate,232232378,renter,false,false,Facebook,2024-01-28T00:00:00Z,false,2024-08-12T00:00:00Z,"$3,172.36",1475 Hill Rd,,Ashburn,VA,20147,,,,,,,,,
Jessica,Jackson,Jessica Jackson,3339134107,,jessica.jackson197@outlook.com,,,manager,,,,'Back Yard Only',4 dogs. Gate code: 1756,271869344,homeowner,true,false,,2023-08-26T00:00:00Z,false,2023-11-17T00:00:00Z,"$1,572.87",24627 Ridge Rd,Apt 2,Clifton,VA,20124,,,,,,,,,
Angela,Brooks,Angela Brooks,7003142333,,angela.brooks804@icloud.com,,,,,,,'Multiple Dogs',No gate,224024774,condo,false,false,,2023-10-22T00:00:00Z,false,2024-10-27T00:00:00Z,"$1,794.62",11072 Magnolia Ave,,Lovettsville,VA,20180,,,,,,,,,
Paul,Brooks,Paul Brooks,6107531599,,paul.brooks213@yahoo.com,,,,,,,'Gate Code Required',,250211839,homeowner,false,false,Nextdoor,2023-06-06T00:00:00Z,true,,$406.84,29727 Church St,,McLean,VA,22101,,,,,,,,,
Amanda,Robinson,Amanda Robinson,7971428622,,amanda.robinson525@outlook.com,,,,,,,'New Client',Call before arriving,236644052,homeowner,true,false,,2024-02-23T00:00:00Z,false,2024-03-13T00:00:00Z,$861.92,28025 Hickory Ln,,Centreville,VA,20120,,,,,,,,,
David,Nguyen,David Nguyen,7136259956,,david.nguyen660@gmail.com,,,manager,,,,'Multiple Dogs',1 dog. Gate code: 9946,244796219,homeowner,true,false,Facebook,2023-02-07T00:00:00Z,false,2024-01-25T00:00:00Z,"$1,580.36",15025 Park Ave,,Woodbridge,VA,22191,,,,,,,,,
Alexander,James,Alexander James,3419759898,,alexander.james935@hotmail.com,,,,,,,'Large Yard',,263351303,homeowner,true,false,Other,2024-11-15T00:00:00Z,false,2025-12-16T00:00:00Z,"$4,567.15",19726 School St,Suite 100,Round Hill,VA,20141,,,,,,,,,
Jacob,Robinson,Jacob Robinson,7287018679,,jacob.robinson740@icloud.com,,,owner,,,,'New Client',2 medium dogs. Gate code: 7843,258878740,homeowner,true,false,Nextdoor,2024-07-10T00:00:00Z,false,2025-04-28T00:00:00Z,$144.50,5727 Ridge Rd,Suite 100,Centreville,VA,20120,,,,,,,,,
Raymond,Johnson,Raymond Johnson,7119296810,,raymond.johnson348@yahoo.com,,,owner,,,,'Gate Code Required',,218674348,renter,false,false,,2022-11-11T00:00:00Z,false,2023-05-06T00:00:00Z,"$2,727.32",27999 Willow Dr,Suite 100,Ranson,WV,25438,,,,,,,,,
Anthony,Turner,Anthony Turner,2656477331,,anthony.turner193@icloud.com,,,,,,,'Bi-Weekly Client',,204302906,homeowner,true,false,Yard Sign,2024-09-27T00:00:00Z,false,2024-10-17T00:00:00Z,$896.12,21650 Chestnut St,,Ashburn,VA,20147,,,,,,,,,
Sandra,Nguyen,Sandra Nguyen,8756362146,,sandra.nguyen466@gmail.com,,,,,,,'Small Yard',,214863801,condo,false,false,Other,2022-09-22T00:00:00Z,false,2023-06-30T00:00:00Z,"$2,008.38",34082 Oak St,,Burke,VA,22015,,,,,,,,,
Thomas,Clark,Thomas Clark,5175428778,,thomas.clark163@outlook.com,,,owner,,,,'Gate Code Required',,259825080,homeowner,true,false,,2022-05-12T00:00:00Z,true,,"$2,903.27",38601 Valley Rd,Apt 2,Haymarket,VA,20169,,,,,,,,,
Gary,Rogers,Gary Rogers,6736891640,,gary.rogers755@gmail.com,,,,,,,'New Client',Large friendly dogs,233438309,homeowner,true,false,Yard Sign,2023-01-03T00:00:00Z,true,,"$3,519.57",30004 Creek Rd,Unit B,Gainesville,VA,20155,,,,,,,,,
Richard,Turner,Richard Turner,9151444927,,richard.turner907@yahoo.com,,,,,,,'Front and Back',No gate,255200819,homeowner,true,false,Facebook,2025-02-06T00:00:00Z,true,,"$4,777.52",35341 School St,Unit B,Woodbridge,VA,22191,,,,,,,,,
Michelle,Evans,Michelle Evans,6612685141,,michelle.evans213@outlook.com,,,,,,,'New Client',2 small dogs. Gate code: 7542,253240727,condo,true,false,,2022-03-19T00:00:00Z,false,2022-03-31T00:00:00Z,"$1,202.91",30388 Maple Ave,,Purcellville,VA,20132,,,,,,,,,
Gary,Morgan,Gary Morgan,2691849985,,gary.morgan673@yahoo.com,,,manager,,,,'Small Yard',,281468625,renter,false,false,Yard Sign,2022-07-25T00:00:00Z,false,2022-10-30T00:00:00Z,"$1,411.89",9291 Cherry St,Suite 100,Shepherdstown,WV,25443,,,,,,,,,
Barbara,Sanders,Barbara Sanders,9811115476,,barbara.sanders158@icloud.com,,,manager,,,,,2 dogs - Goldendoodle. Gate code: 9721,259332039,condo,true,false,Google,2022-04-08T00:00:00Z,false,2023-03-06T00:00:00Z,"$3,895.26",11761 Spring St,Unit B,Chantilly,VA,20151,,,,,,,,,
Frank,Flores,Frank Flores,6541531076,,frank.flores50@icloud.com,,,,,,,'Bi-Weekly Client',,201954205,homeowner,true,false,Nextdoor,2023-11-22T00:00:00Z,false,2024-03-06T00:00:00Z,"$3,263.81",16464 Grove St,,McLean,VA,22101,,,,,,,,,
Patrick,Perez,Patrick Perez,2455259396,,patrick.perez111@hotmail.com,,,,,,,'VIP',Large friendly dogs,216214033,homeowner,true,false,,2023-04-21T00:00:00Z,false,2023-08-15T00:00:00Z,$508.25,36934 Cypress Ave,,Warrenton,VA,20186,,,,,,,,,
Katherine,Green,Katherine Green,2124984485,,katherine.green470@yahoo.com,,,,,,,'Weekly Client',Large friendly dogs,240471241,renter,true,false,Other,2024-10-20T00:00:00Z,false,2024-12-18T00:00:00Z,"$3,420.15",18348 Linden Ln,Apt 2,Lovettsville,VA,20180,,,,,,,,,
Scott,Adams,Scott Adams,8468137366,,scott.adams695@yahoo.com,,,,,,,'Small Yard',,244977061,homeowner,true,false,Other,2022-02-06T00:00:00Z,true,,"$4,378.10",11590 Cypress Ave,Suite 100,Centreville,VA,20120,,,,,,,,,
Emma,Russell,Emma Russell,2133381347,,emma.russell632@gmail.com,,,,,,,'Needs Reminder',,250267710,homeowner,true,false,Nextdoor,2024-10-18T00:00:00Z,false,2025-03-25T00:00:00Z,$969.66,15592 Walnut Ave,Suite 100,Haymarket,VA,20169,,,,,,,,,
Patrick,Gray,Patrick Gray,6548566385,,patrick.gray138@hotmail.com,,,,,,,'Back Yard Only',,230737204,renter,true,false,,2023-11-10T00:00:00Z,false,2024-05-10T00:00:00Z,"$1,162.80",2695 Sycamore Ln,Suite 100,Warrenton,VA,20186,,,,,,,,,
Nicole,Carter,Nicole Carter,7334294007,,nicole.carter453@gmail.com,,,,,,,'Back Yard Only',,212315737,homeowner,true,false,Google,2022-12-22T00:00:00Z,false,2023-10-28T00:00:00Z,"$2,634.47",32320 Elm St,,Lovettsville,VA,20180,,,,,,,,,
Patrick,Morgan,Patrick Morgan,5182684236,,patrick.morgan251@icloud.com,,,,,,,'Needs Reminder',Gate around back,264581639,homeowner,false,false,Yard Sign,2022-06-13T00:00:00Z,false,2022-12-21T00:00:00Z,"$1,911.57",39805 Church St,,Vienna,VA,22180,,,,,,,,,
Nicholas,Reyes,Nicholas Reyes,9525433553,,nicholas.reyes840@icloud.com,,,,,,,'Large Yard',,274202557,homeowner,true,false,Facebook,2022-12-26T00:00:00Z,false,2023-05-13T00:00:00Z,"$1,826.16",25096 Walnut Ave,Suite 100,Leesburg,VA,20175,,,,,,,,,
Brenda,James,Brenda James,6921736459,,brenda.james140@icloud.com,,,,,,,'Small Yard',No gate,254298487,homeowner,false,false,Google,2024-05-01T00:00:00Z,false,2024-11-26T00:00:00Z,"$4,658.36",10240 Valley Rd,,McLean,VA,22101,,,,,,,,,
Samuel,Bennett,Samuel Bennett,2725181636,,samuel.bennett944@gmail.com,,,,,,,'Gate Code Required',No gate,285225538,homeowner,true,false,,2024-01-25T00:00:00Z,false,2025-01-22T00:00:00Z,$276.98,37167 Forest Dr,,Clifton,VA,20124,,,,,,,,,
Kathleen,Jones,Kathleen Jones,5707461462,,kathleen.jones715@yahoo.com,,,,,,,'Gate Code Required',,215667321,homeowner,true,false,Referral,2022-07-09T00:00:00Z,true,,"$3,415.73",39777 Poplar St,Unit B,Manassas,VA,20110,,,,,,,,,
Matthew,Stewart,Matthew Stewart,3699497993,,matthew.stewart259@hotmail.com,,,manager,,,,'Front and Back',,285386667,homeowner,true,false,Yard Sign,2025-03-18T00:00:00Z,false,2025-09-17T00:00:00Z,"$3,908.29",35043 Meadow Ln,Apt 2,Bethesda,MD,20814,,,,,,,,,
Rachel,Flores,Rachel Flores,2062729056,,rachel.flores2@gmail.com,,,,,,,'Front and Back',,250284858,homeowner,true,false,Yard Sign,2023-01-17T00:00:00Z,false,2024-01-19T00:00:00Z,$644.79,27483 Sycamore Ln,,Lovettsville,VA,20180,,,,,,,,,
Larry,Ramirez,Larry Ramirez,3903051966,,larry.ramirez768@yahoo.com,,,,,,,'Bi-Weekly Client',,239342650,homeowner,true,false,,2022-06-25T00:00:00Z,true,,$598.47,17096 Birch St,,McLean,VA,22101,,,,,,,,,
Donald,Cooper,Donald Cooper,6967882651,,donald.cooper10@gmail.com,,,,,,,'Bi-Weekly Client',,250421010,homeowner,true,false,Google,2024-12-01T00:00:00Z,true,,"$1,276.01",573 Mulberry Ln,Suite 100,Woodbridge,VA,22191,,,,,,,,,
Jason,Baker,Jason Baker,5797986620,,jason.baker323@yahoo.com,,,,,,,'Multiple Dogs',,200414016,homeowner,true,false,Google,2024-07-24T00:00:00Z,true,,"$1,928.68",26214 Meadow Ln,Apt 2,Burke,VA,22015,,,,,,,,,
Kimberly,Sullivan,Kimberly Sullivan,9699345072,,kimberly.sullivan378@icloud.com,,,,,,,'Weekly Client',,285064149,condo,false,false,Nextdoor,2024-01-08T00:00:00Z,false,2024-02-07T00:00:00Z,"$4,654.07",33845 Birch St,Unit B,Gaithersburg,MD,20877,,,,,,,,,
Nicole,Reed,Nicole Reed,6098562333,,nicole.reed357@icloud.com,,,owner,,,,'VIP',,217161260,condo,false,false,,2024-10-16T00:00:00Z,false,2024-12-06T00:00:00Z,"$1,446.47",6683 Meadow Ln,,Gaithersburg,MD,20877,,,,,,,,,
Laura,Anderson,Laura Anderson,6937789858,,laura.anderson247@yahoo.com,,,,,,,'Front and Back',Call before arriving,251471131,condo,true,false,,2023-07-29T00:00:00Z,false,2023-11-25T00:00:00Z,"$3,452.04",11269 Washington Blvd,,Arlington,VA,22201,,,,,,,,,
Jonathan,Price,Jonathan Price,9426032481,,jonathan.price815@hotmail.com,,,,,,,'New Client',Large friendly dogs,231322048,homeowner,true,false,Other,2023-04-03T00:00:00Z,false,2023-08-20T00:00:00Z,$555.31,37846 Hawthorn Dr,,Alexandria,VA,22301,,,,,,,,,
Raymond,Bennett,Raymond Bennett,3928622902,,raymond.bennett587@hotmail.com,,,,,,,'Gate Code Required',1 dog. Gate code: 9775,252096010,condo,true,false,Google,2024-05-17T00:00:00Z,true,,"$3,702.15",20637 Meadow Ln,Apt 2,Herndon,VA,20170,,,,,,,,,
Raymond,James,Raymond James,8043272746,,raymond.james405@gmail.com,,,,,,,'Small Yard',No gate,219787096,condo,true,false,Yard Sign,2023-08-04T00:00:00Z,false,2023-10-24T00:00:00Z,"$3,585.89",30286 Ridge Rd,,Germantown,MD,20874,,,,,,,,,
Nicholas,Powell,Nicholas Powell,3263808836,,nicholas.powell647@yahoo.com,,,,,,,'Monthly Client',1 dog - Husky. Gate code: 4450,294007091,condo,true,false,Other,2022-04-18T00:00:00Z,false,2022-07-25T00:00:00Z,"$4,112.54",19203 Meadow Ln,,Rockville,MD,20850,,,,,,,,,
John,Diaz,John Diaz,6014457921,,john.diaz695@icloud.com,,,,,,,'Front and Back',1 large dog. Gate code: 5626,294101212,homeowner,true,false,,2025-01-27T00:00:00Z,false,2025-08-23T00:00:00Z,$467.13,25748 Willow Dr,,Chantilly,VA,20151,,,,,,,,,
Ryan,Long,Ryan Long,3676913253,,ryan.long453@icloud.com,,,,,,,'Front and Back',Call before arriving,297436367,homeowner,false,false,Nextdoor,2025-03-24T00:00:00Z,false,2025-05-22T00:00:00Z,"$3,255.93",9591 Spring St,,Gainesville,VA,20155,,,,,,,,,
Linda,Gonzalez,Linda Gonzalez,5645853943,,linda.gonzalez968@gmail.com,,,manager,,,,'New Client',3 dogs. Gate code: 7619,204562440,homeowner,true,false,,2022-09-01T00:00:00Z,false,2023-01-09T00:00:00Z,"$1,903.90",33879 Linden Ln,,Sterling,VA,20164,,,,,,,,,
Frank,Sanders,Frank Sanders,8741918596,,frank.sanders886@icloud.com,,,owner,,,,'Bi-Weekly Client',No gate,286088502,renter,false,false,Facebook,2024-11-09T00:00:00Z,false,2025-03-11T00:00:00Z,$110.53,29271 Grove St,,Woodbridge,VA,22191,,,,,,,,,
Frank,Butler,Frank Butler,2969133967,,frank.butler394@icloud.com,,,,,,,'Multiple Dogs',,254402540,renter,false,false,Facebook,2022-02-10T00:00:00Z,false,2022-09-06T00:00:00Z,"$2,669.09",19653 Chestnut St,,Martinsburg,WV,25401,,,,,,,,,
Eric,Brooks,Eric Brooks,7518303033,,eric.brooks772@yahoo.com,,,,,,,'Weekly Client',Call before arriving,216514861,condo,true,false,Referral,2022-03-22T00:00:00Z,true,,"$2,760.39",11940 Hawthorn Dr,Unit B,Sterling,VA,20164,,,,,,,,,
Steven,Jones,Steven Jones,2862279292,,steven.jones306@hotmail.com,,,manager,,,,'VIP',Gate around back,288470632,homeowner,true,false,Google,2024-12-29T00:00:00Z,true,,$671.30,11346 Walnut Ave,Unit B,Germantown,MD,20874,,,,,,,,,
Amanda,James,Amanda James,7516224438,,amanda.james705@gmail.com,,,,,,,'Gate Code Required',,280818451,homeowner,false,false,Referral,2025-02-04T00:00:00Z,false,2025-06-01T00:00:00Z,"$2,840.56",15638 Cedar Ln,,Purcellville,VA,20132,,,,,,,,,
Stephen,Allen,Stephen Allen,4664903675,,stephen.allen410@icloud.com,,,manager,,,,'Auto Pay',Gate around back,284975906,condo,true,false,Referral,2023-01-30T00:00:00Z,false,2024-02-06T00:00:00Z,"$1,786.28",16757 Walnut Ave,Unit B,Bluemont,VA,20135,,,,,,,,,
Karen,Green,Karen Green,6444881424,,karen.green988@outlook.com,,,,,,,'Bi-Weekly Client',Large friendly dogs,208852915,homeowner,true,false,,2023-11-06T00:00:00Z,false,2024-10-05T00:00:00Z,$427.08,5180 High St,,Springfield,VA,22150,,,,,,,,,
Mark,Scott,Mark Scott,2102007179,,mark.scott993@yahoo.com,,,owner,,,,'Front and Back',,270995825,homeowner,true,false,,2023-12-16T00:00:00Z,true,,"$2,746.36",6981 Lake Dr,,Clifton,VA,20124,,,,,,,,,
Richard,Miller,Richard Miller,3744257382,,richard.miller186@hotmail.com,,,,,,,'Long Term',Gate around back,201274728,homeowner,false,false,,2024-11-17T00:00:00Z,true,,$746.36,36254 Hawthorn Dr,Suite 100,Germantown,MD,20874,,,,,,,,,
Raymond,Wright,Raymond Wright,2548427064,,raymond.wright725@yahoo.com,,,,,,,'Large Yard',Gate around back,237020332,homeowner,true,false,Other,2024-05-26T00:00:00Z,false,2025-02-23T00:00:00Z,"$4,520.05",30101 Sunset Blvd,,Ranson,WV,25438,,,,,,,,,
Timothy,Green,Timothy Green,2927492302,,timothy.green79@yahoo.com,,,owner,,,,'Front and Back',,256906118,homeowner,true,false,Facebook,2024-11-07T00:00:00Z,false,2025-11-23T00:00:00Z,$654.86,10920 Chestnut St,,Bluemont,VA,20135,,,,,,,,,
Mary,Reyes,Mary Reyes,3949511119,,mary.reyes732@icloud.com,,,,,,,'Back Yard Only',No gate,222620027,homeowner,true,false,,2024-12-08T00:00:00Z,true,,$839.11,22713 Church St,Unit B,Germantown,MD,20874,,,,,,,,,
Amanda,Miller,Amanda Miller,6326077211,,amanda.miller175@hotmail.com,,,manager,,,,'Small Yard',Gate around back,240154990,homeowner,false,false,,2024-09-16T00:00:00Z,false,2025-02-20T00:00:00Z,"$1,270.80",22248 Church St,Suite 100,Sterling,VA,20164,,,,,,,,,
Donna,Myers,Donna Myers,7279451580,,donna.myers958@icloud.com,,,,,,,'Long Term',Call before arriving,214383316,homeowner,true,false,,2022-01-11T00:00:00Z,false,2022-07-16T00:00:00Z,"$4,272.94",3868 Creek Rd,,Rockville,MD,20850,,,,,,,,,
Richard,Morris,Richard Morris,7033022388,,richard.morris542@outlook.com,,,,,,,'Monthly Client',2 medium dogs. Gate code: 5098,263176107,homeowner,true,false,Google,2024-03-20T00:00:00Z,false,2024-10-04T00:00:00Z,"$1,436.57",27016 Lake Dr,,Reston,VA,20190,,,,,,,,,
Jeffrey,Foster,Jeffrey Foster,6492653291,,jeffrey.foster363@icloud.com,,,,,,,'Gate Code Required',Large friendly dogs,256513148,homeowner,true,false,Nextdoor,2023-11-10T00:00:00Z,false,2023-12-03T00:00:00Z,$769.50,23642 Valley Rd,,Round Hill,VA,20141,,,,,,,,,
Rebecca,Reed,Rebecca Reed,7636073087,,rebecca.reed333@icloud.com,,,,,,,'Large Yard',,246187078,homeowner,true,false,Facebook,2024-10-21T00:00:00Z,false,2024-11-03T00:00:00Z,"$3,683.45",25583 Hill Rd,,Bethesda,MD,20814,,,,,,,,,
Scott,Perry,Scott Perry,2085448867,,scott.perry297@hotmail.com,,,manager,,,,'Monthly Client',,233482865,homeowner,true,false,,2023-07-30T00:00:00Z,false,2024-09-01T00:00:00Z,$552.10,5514 Walnut Ave,,Rockville,MD,20850,,,,,,,,,
Betty,Peterson,Betty Peterson,9239012688,,betty.peterson718@outlook.com,,,,,,,'VIP',Large friendly dogs,205149455,homeowner,true,false,Referral,2023-07-15T00:00:00Z,false,2023-10-28T00:00:00Z,"$4,459.67",12464 Mulberry Ln,Unit B,Vienna,VA,22180,,,,,,,,,
Michael,Carter,Michael Carter,6176376020,,michael.carter717@yahoo.com,,,manager,,,,'Auto Pay',Gate around back,214771325,homeowner,false,false,Google,2023-07-06T00:00:00Z,false,2024-01-15T00:00:00Z,"$1,346.67",22131 Walnut Ave,,Alexandria,VA,22301,,,,,,,,,
George,Miller,George Miller,3861411008,,george.miller54@hotmail.com,,,manager,,,,'Bi-Weekly Client',Gate around back,265939337,homeowner,true,false,,2024-01-15T00:00:00Z,true,,"$1,460.91",18798 Cherry St,,Arlington,VA,22201,,,,,,,,,
Thomas,Nelson,Thomas Nelson,5698596920,,thomas.nelson761@outlook.com,,,,,,,'VIP',,214276138,homeowner,true,false,Yard Sign,2022-09-25T00:00:00Z,false,2023-08-20T00:00:00Z,"$3,564.42",39730 Grove St,,Silver Spring,MD,20901,,,,,,,,,
Alexander,Cook,Alexander Cook,3011769955,,alexander.cook634@hotmail.com,,,,,,,'Weekly Client',Large friendly dogs,273886279,renter,true,false,Referral,2023-06-02T00:00:00Z,false,2024-07-01T00:00:00Z,"$4,096.50",31177 Valley Rd,Apt 2,Haymarket,VA,20169,,,,,,,,,
Benjamin,Ortiz,Benjamin Ortiz,3205462109,,benjamin.ortiz495@icloud.com,,,,,,,'Gate Code Required',Gate around back,206099554,condo,false,false,,2025-03-05T00:00:00Z,false,2025-04-12T00:00:00Z,"$3,813.07",33121 Maple Ave,,Silver Spring,MD,20901,,,,,,,,,
Debra,Ward,Debra Ward,7251763711,,debra.ward449@outlook.com,,,,,,,'Gate Code Required',,221475246,homeowner,false,false,,2025-03-17T00:00:00Z,true,,"$2,842.14",36963 Meadow Ln,,Clifton,VA,20124,,,,,,,,,
Alexander,Jenkins,Alexander Jenkins,7373655971,,alexander.jenkins873@yahoo.com,,,,,,,'VIP',1 dog. Gate code: 9741,239170544,homeowner,true,false,Referral,2022-03-22T00:00:00Z,false,2023-02-19T00:00:00Z,$711.07,17697 Aspen Ct,,Gainesville,VA,20155,,,,,,,,,
Samuel,Young,Samuel Young,4156472903,,samuel.young2@hotmail.com,,,,,,,'Gate Code Required',Large friendly dogs,282071729,condo,true,false,,2023-08-27T00:00:00Z,false,2024-02-16T00:00:00Z,"$4,729.25",21370 Washington Blvd,Unit B,Burke,VA,22015,,,,,,,,,
Mark,Gutierrez,Mark Gutierrez,4862805194,,mark.gutierrez995@gmail.com,,,,,,,'Back Yard Only',No gate,229613670,condo,false,false,,2023-10-27T00:00:00Z,false,2024-03-19T00:00:00Z,$978.81,38324 Park Ave,Unit B,Germantown,MD,20874,,,,,,,,,
Laura,Robinson,Laura Robinson,9478438109,,laura.robinson378@yahoo.com,,,,,,,'Monthly Client',1 dog - Husky. Gate code: 3885,276458200,homeowner,true,false,,2024-10-01T00:00:00Z,false,2025-10-16T00:00:00Z,$865.95,6240 Dogwood Dr,,Gaithersburg,MD,20877,,,,,,,,,
Daniel,Turner,Daniel Turner,9037224077,,daniel.turner72@yahoo.com,,,,,,,'Bi-Weekly Client',,297544696,homeowner,true,false,,2022-01-25T00:00:00Z,false,2022-12-06T00:00:00Z,$478.70,28044 Church St,,Lovettsville,VA,20180,,,,,,,,,
Samuel,Garcia,Samuel Garcia,3353542369,,samuel.garcia275@yahoo.com,,,,,,,'Small Yard',1 small dog. Gate code: 2392,218687147,homeowner,true,false,Other,2024-09-10T00:00:00Z,false,2025-10-10T00:00:00Z,"$2,701.69",715 Park Ave,Apt 2,Round Hill,VA,20141,,,,,,,,,
Joshua,Cooper,Joshua Cooper,3583491915,,joshua.cooper557@hotmail.com,,,,,,,'Bi-Weekly Client',,268658060,homeowner,true,false,Google,2024-04-30T00:00:00Z,false,2024-07-18T00:00:00Z,$5.81,8165 Maple Ave,Suite 100,Germantown,MD,20874,,,,,,,,,
Deborah,Jackson,Deborah Jackson,5617715699,,deborah.jackson232@icloud.com,,,,,,,'Bi-Weekly Client',,282637421,homeowner,true,false,Nextdoor,2023-11-15T00:00:00Z,false,2024-01-21T00:00:00Z,"$1,730.37",32331 Forest Dr,,Sterling,VA,20164,,,,,,,,,
Jason,Howard,Jason Howard,5427143971,,jason.howard696@icloud.com,,,,,,,'Multiple Dogs',No gate,288816127,condo,true,false,Yard Sign,2024-01-26T00:00:00Z,false,2024-06-16T00:00:00Z,"$3,891.45",19863 Juniper Rd,Suite 100,Reston,VA,20190,,,,,,,,,
Karen,Long,Karen Long,3504273421,,karen.long400@icloud.com,,,,,,,'Front and Back',,243359494,homeowner,false,false,,2022-09-19T00:00:00Z,false,2022-12-28T00:00:00Z,"$3,684.17",4511 Lake Dr,Apt 2,Gaithersburg,MD,20877,,,,,,,,,
Kathleen,Powell,Kathleen Powell,6237166463,,kathleen.powell142@yahoo.com,,,owner,,,,'Auto Pay',2 dogs - Lab mix. Gate code: 9724,251623796,renter,true,false,,2022-06-21T00:00:00Z,false,2023-04-21T00:00:00Z,"$3,431.62",27537 Aspen Ct,,Clifton,VA,20124,,,,,,,,,
Donald,Campbell,Donald Campbell,2023081281,,donald.campbell372@outlook.com,,,,,,,'Multiple Dogs',Gate around back,261792283,homeowner,true,false,Other,2022-10-23T00:00:00Z,false,2023-08-08T00:00:00Z,"$4,664.73",8855 Lake Dr,,Gaithersburg,MD,20877,,,,,,,,,
Linda,Butler,Linda Butler,3412203344,,linda.butler387@gmail.com,,,,,,,'Back Yard Only',No gate,279715350,homeowner,true,false,Facebook,2022-11-20T00:00:00Z,false,2022-12-12T00:00:00Z,$705.06,24458 Pine Rd,Unit B,Martinsburg,WV,25401,,,,,,,,,
Mary,Wood,Mary Wood,6262533988,,mary.wood482@yahoo.com,,,owner,,,,'Long Term',Gate around back,214933959,homeowner,true,false,Other,2022-11-16T00:00:00Z,true,,"$4,229.55",19728 Cherry St,,Silver Spring,MD,20901,,,,,,,,,
Christopher,Johnson,Christopher Johnson,6059527940,,christopher.johnson697@icloud.com,,,owner,,,,'New Client',,269994685,homeowner,true,false,Nextdoor,2024-02-13T00:00:00Z,false,2024-04-24T00:00:00Z,"$3,567.05",37590 Magnolia Ave,,Manassas,VA,20110,,,,,,,,,
Ronald,White,Ronald White,9636722264,,ronald.white837@icloud.com,,,,,,,'Small Yard',,249858951,homeowner,true,false,,2024-05-18T00:00:00Z,true,,"$1,295.61",20625 Linden Ln,Unit B,Gaithersburg,MD,20877,,,,,,,,,
Joshua,Brown,Joshua Brown,4453883666,,joshua.brown555@gmail.com,,,,,,,'VIP',,232257238,renter,false,false,Yard Sign,2023-07-06T00:00:00Z,false,2023-08-25T00:00:00Z,"$4,687.98",13987 Hawthorn Dr,,Lovettsville,VA,20180,,,,,,,,,
Michael,Green,Michael Green,2954161138,,michael.green366@hotmail.com,,,,,,,'Front and Back',,244468774,renter,true,false,,2024-04-14T00:00:00Z,false,2025-05-05T00:00:00Z,"$2,417.18",32882 Valley Rd,,Charles Town,WV,25414,,,,,,,,,
Emma,Carter,Emma Carter,6887001612,,emma.carter298@yahoo.com,,,owner,,,,'Front and Back',,296442757,condo,true,false,Facebook,2022-11-26T00:00:00Z,false,2023-08-16T00:00:00Z,"$2,478.24",30450 Washington Blvd,Unit B,Reston,VA,20190,,,,,,,,,
Thomas,Baker,Thomas Baker,4974688059,,thomas.baker41@icloud.com,,,,,,,'Monthly Client',,202005448,renter,true,false,Facebook,2022-10-20T00:00:00Z,false,2023-11-23T00:00:00Z,"$4,178.20",13785 Juniper Rd,Apt 2,Springfield,VA,22150,,,,,,,,,
Richard,Rogers,Richard Rogers,5212735843,,richard.rogers166@gmail.com,,,,,,,'Bi-Weekly Client',Gate around back,263520009,condo,true,false,Facebook,2023-06-09T00:00:00Z,true,,"$4,207.96",37882 Grove St,,Woodbridge,VA,22191,,,,,,,,,
Gary,Garcia,Gary Garcia,5729795696,,gary.garcia411@icloud.com,,,,,,,'Multiple Dogs',Large friendly dogs,267906443,condo,true,false,,2024-07-10T00:00:00Z,false,2024-11-28T00:00:00Z,"$4,211.56",28990 Grove St,Apt 2,Herndon,VA,20170,,,,,,,,,
Rachel,Richardson,Rachel Richardson,2082582725,,rachel.richardson298@icloud.com,,,,,,,'VIP',,246833660,homeowner,true,false,Facebook,2024-08-12T00:00:00Z,false,2025-04-15T00:00:00Z,"$3,083.93",37464 Willow Dr,Suite 100,Fairfax,VA,22030,,,,,,,,,
Janet,Wilson,Janet Wilson,6068868096,,janet.wilson205@icloud.com,,,,,,,'Long Term',,237362868,homeowner,true,false,,2024-07-19T00:00:00Z,false,2024-08-14T00:00:00Z,"$2,616.39",4325 Ridge Rd,,Centreville,VA,20120,,,,,,,,,
Larry,Jones,Larry Jones,8158927230,,larry.jones64@hotmail.com,,,,,,,'Small Yard',Gate around back,233832435,homeowner,true,false,Nextdoor,2022-12-27T00:00:00Z,false,2023-02-14T00:00:00Z,$680.34,31125 Spring St,,Martinsburg,WV,25401,,,,,,,,,
Carolyn,Cook,Carolyn Cook,6296374507,,carolyn.cook686@hotmail.com,,,,,,,'Large Yard',1 large dog. Gate code: 3695,246879065,condo,true,false,Other,2024-05-08T00:00:00Z,false,2025-01-16T00:00:00Z,"$2,282.40",3622 Washington Blvd,,Vienna,VA,22180,,,,,,,,,
Amanda,Powell,Amanda Powell,7844981162,,amanda.powell575@outlook.com,,,,,,,'Multiple Dogs',,220200610,homeowner,false,false,Referral,2024-07-28T00:00:00Z,false,2024-10-18T00:00:00Z,"$2,397.34",5199 Mulberry Ln,Apt 2,McLean,VA,22101,,,,,,,,,
Eric,Jenkins,Eric Jenkins,2035613059,,eric.jenkins650@icloud.com,,,manager,,,,'New Client',,280657252,homeowner,true,false,Nextdoor,2024-02-13T00:00:00Z,false,2024-06-09T00:00:00Z,"$1,670.81",2491 Spring St,Unit B,Ashburn,VA,20147,,,,,,,,,
Brian,Williams,Brian Williams,5094149226,,brian.williams839@gmail.com,,,,,,,'Multiple Dogs',Large friendly dogs,270218664,homeowner,true,false,Other,2023-11-19T00:00:00Z,false,2024-01-23T00:00:00Z,"$4,446.47",29984 Birch St,,Rockville,MD,20850,,,,,,,,,
Stephen,Gray,Stephen Gray,3666558141,,stephen.gray391@hotmail.com,,,,,,,'Bi-Weekly Client',,287191136,homeowner,true,false,Facebook,2022-02-03T00:00:00Z,false,2022-12-22T00:00:00Z,"$4,475.98",18662 Juniper Rd,Suite 100,Martinsburg,WV,25401,,,,,,,,,
Nicholas,Brooks,Nicholas Brooks,2337835749,,nicholas.brooks873@icloud.com,,,manager,,,,'Bi-Weekly Client',,247058571,condo,false,false,,2024-08-08T00:00:00Z,false,2025-03-14T00:00:00Z,"$4,358.37",14706 Poplar St,Apt 2,Arlington,VA,22201,,,,,,,,,
Melissa,Lewis,Melissa Lewis,7193905384,,melissa.lewis901@hotmail.com,,,,,,,'Weekly Client',,250251887,homeowner,false,false,,2024-11-28T00:00:00Z,false,2025-12-19T00:00:00Z,"$2,879.74",27278 Church St,,Haymarket,VA,20169,,,,,,,,,
Brenda,Turner,Brenda Turner,3977317444,,brenda.turner849@gmail.com,,,owner,,,,'New Client',,258707047,homeowner,true,false,Referral,2023-04-19T00:00:00Z,true,,"$3,408.12",8545 Cypress Ave,,Martinsburg,WV,25401,,,,,,,,,
Ronald,Hughes,Ronald Hughes,4669573605,,ronald.hughes972@hotmail.com,,,manager,,,,'Weekly Client',,282959929,homeowner,true,false,,2025-01-18T00:00:00Z,false,2025-03-06T00:00:00Z,"$2,744.61",6211 Washington Blvd,,Arlington,VA,22201,,,,,,,,,
Samantha,Hughes,Samantha Hughes,9964664056,,samantha.hughes246@yahoo.com,,,manager,,,,'Front and Back',Gate around back,288484070,homeowner,true,false,Nextdoor,2022-04-16T00:00:00Z,true,,$398.22,12802 Spruce St,Suite 100,Haymarket,VA,20169,,,,,,,,,
Susan,Anderson,Susan Anderson,6707103010,,susan.anderson110@yahoo.com,,,,,,,'Long Term',1 dog - Husky. Gate code: 6921,252452316,homeowner,false,false,Facebook,2022-07-26T00:00:00Z,false,2023-04-10T00:00:00Z,"$3,818.12",17270 Sunset Blvd,,Gainesville,VA,20155,,,,,,,,,
Anthony,Morales,Anthony Morales,6294846137,,anthony.morales649@icloud.com,,,owner,,,,'Back Yard Only',,246011239,renter,true,false,Referral,2023-12-12T00:00:00Z,false,2024-08-22T00:00:00Z,"$4,775.60",11883 Union St,,Fairfax,VA,22030,,,,,,,,,
Eric,Perry,Eric Perry,4602244159,,eric.perry621@gmail.com,,,manager,,,,'VIP',,229119581,homeowner,true,false,Referral,2022-03-02T00:00:00Z,false,2022-08-23T00:00:00Z,$665.11,1609 Sycamore Ln,Apt 2,Germantown,MD,20874,,,,,,,,,
Kimberly,Cooper,Kimberly Cooper,4041946710,,kimberly.cooper726@outlook.com,,,,,,,'New Client',,226558526,renter,true,false,,2023-07-30T00:00:00Z,false,2024-02-23T00:00:00Z,$493.89,30708 Dogwood Dr,,Gainesville,VA,20155,,,,,,,,,
Patrick,Reed,Patrick Reed,6435567942,,patrick.reed611@hotmail.com,,,owner,,,,'VIP',Call before arriving,284919350,homeowner,true,false,,2022-05-12T00:00:00Z,true,,$802.80,7148 Hawthorn Dr,,Warrenton,VA,20186,,,,,,,,,
Timothy,Nguyen,Timothy Nguyen,8189469691,,timothy.nguyen361@icloud.com,,,,,,,'New Client',Call before arriving,232926044,homeowner,true,false,Other,2022-05-29T00:00:00Z,false,2022-09-23T00:00:00Z,"$3,153.38",7613 Sunset Blvd,Suite 100,Leesburg,VA,20175,,,,,,,,,
Mary,Green,Mary Green,9041116388,,mary.green219@icloud.com,,,,,,,'Gate Code Required',1 dog - German Shepherd. Gate code: 4476,213813714,condo,false,false,,2025-02-22T00:00:00Z,false,2025-07-21T00:00:00Z,"$3,438.07",15346 Aspen Ct,,Warrenton,VA,20186,,,,,,,,,
George,Green,George Green,4023011813,,george.green822@icloud.com,,,,,,,'Bi-Weekly Client',Call before arriving,279345641,homeowner,true,false,Facebook,2024-02-24T00:00:00Z,false,2024-07-01T00:00:00Z,"$2,766.79",3166 High St,,Rockville,MD,20850,,,,,,,,,
Andrew,Taylor,Andrew Taylor,6121379740,,andrew.taylor941@outlook.com,,,owner,,,,'Long Term',Gate around back,236866059,homeowner,true,false,Facebook,2023-10-12T00:00:00Z,false,2024-11-07T00:00:00Z,"$1,659.96",22211 Linden Ln,,Purcellville,VA,20132,,,,,,,,,
Brandon,Miller,Brandon Miller,6024058447,,brandon.miller506@gmail.com,,,manager,,,,'Small Yard',,243333406,homeowner,true,false,Google,2024-06-11T00:00:00Z,true,,$816.92,6833 Maple Ave,,Burke,VA,22015,,,,,,,,,
James,Powell,James Powell,2533651705,,james.powell114@gmail.com,,,,,,,'Large Yard',Gate around back,293773206,homeowner,true,false,,2022-12-15T00:00:00Z,false,2023-03-02T00:00:00Z,"$2,800.58",5017 Main St,,Haymarket,VA,20169,,,,,,,,,
Justin,Evans,Justin Evans,8525573004,,justin.evans535@outlook.com,,,,,,,'Gate Code Required',2 small dogs. Gate code: 8908,212321103,homeowner,true,false,,2023-06-25T00:00:00Z,false,2024-07-28T00:00:00Z,"$1,421.92",37972 Cherry St,Unit B,Springfield,VA,22150,,,,,,,,,
Frank,Martinez,Frank Martinez,2766061987,,frank.martinez218@gmail.com,,,,,,,'Bi-Weekly Client',Call before arriving,241852500,renter,true,false,,2024-07-18T00:00:00Z,false,2025-06-25T00:00:00Z,$739.19,30780 Meadow Ln,,Arlington,VA,22201,,,,,,,,,
Brian,Roberts,Brian Roberts,6639889412,,brian.roberts208@icloud.com,,,,,,,'Back Yard Only',,261868214,homeowner,true,false,Referral,2022-08-08T00:00:00Z,false,2023-08-31T00:00:00Z,$528.96,4598 High St,,McLean,VA,22101,,,,,,,,,
Patricia,Peterson,Patricia Peterson,8776438416,,patricia.peterson361@hotmail.com,,,,,,,'VIP',Large friendly dogs,268172784,homeowner,true,false,,2023-11-15T00:00:00Z,false,2023-12-19T00:00:00Z,"$2,118.43",36164 Washington Blvd,,Sterling,VA,20164,,,,,,,,,
Janet,Stewart,Janet Stewart,3984014103,,janet.stewart413@yahoo.com,,,owner,,,,'New Client',2 dogs. Gate code: 1817,214909280,homeowner,true,false,,2023-03-26T00:00:00Z,false,2023-05-30T00:00:00Z,$255.06,34805 Hawthorn Dr,,Woodbridge,VA,22191,,,,,,,,,
William,Ward,William Ward,3033824710,,william.ward904@outlook.com,,,manager,,,,'Front and Back',No gate,227609308,homeowner,true,false,Nextdoor,2022-12-17T00:00:00Z,false,2023-04-07T00:00:00Z,"$1,668.64",25784 Willow Dr,,Charles Town,WV,25414,,,,,,,,,
Richard,White,Richard White,7158178811,,richard.white757@hotmail.com,,,,,,,'Monthly Client',No gate,219036590,homeowner,true,false,Facebook,2022-01-27T00:00:00Z,false,2023-01-10T00:00:00Z,"$2,278.08",11256 Ridge Rd,Unit B,Springfield,VA,22150,,,,,,,,,
Barbara,Perez,Barbara Perez,8958781159,,barbara.perez609@hotmail.com,,,,,,,'Long Term',,276137251,homeowner,true,false,Nextdoor,2023-08-19T00:00:00Z,false,2023-12-20T00:00:00Z,"$2,521.29",38317 Oak St,,Gaithersburg,MD,20877,,,,,,,,,
Richard,Hill,Richard Hill,9534438415,,richard.hill503@hotmail.com,,,,,,,'Long Term',Gate around back,295315679,renter,true,false,Other,2023-11-15T00:00:00Z,false,2024-08-13T00:00:00Z,"$3,717.73",16965 Dogwood Dr,,Germantown,MD,20874,,,,,,,,,
Debra,Kelly,Debra Kelly,9457551339,,debra.kelly152@icloud.com,,,manager,,,,'VIP',Call before arriving,227690126,homeowner,true,false,Google,2022-07-02T00:00:00Z,false,2022-10-16T00:00:00Z,"$4,419.11",9382 Creek Rd,,Alexandria,VA,22301,,,,,,,,,
Benjamin,Ross,Benjamin Ross,7575609632,,benjamin.ross180@hotmail.com,,,,,,,'Gate Code Required',,277781432,renter,false,false,,2024-12-01T00:00:00Z,false,2025-12-02T00:00:00Z,"$1,647.72",21805 Willow Dr,Apt 2,Chantilly,VA,20151,,,,,,,,,
Larry,Hall,Larry Hall,4952121136,,larry.hall511@yahoo.com,,,,,,,'Auto Pay',Gate around back,265340518,homeowner,true,false,,2023-08-14T00:00:00Z,false,2023-09-23T00:00:00Z,"$3,838.97",9945 Sycamore Ln,,Frederick,MD,21701,,,,,,,,,
Andrew,Bennett,Andrew Bennett,3261549001,,andrew.bennett314@gmail.com,,,,,,,'Monthly Client',,211543189,homeowner,true,false,Yard Sign,2023-07-09T00:00:00Z,false,2023-09-27T00:00:00Z,"$4,780.39",23185 Oak St,,Martinsburg,WV,25401,,,,,,,,,
Mark,Jones,Mark Jones,6844635075,,mark.jones832@icloud.com,,,,,,,'Needs Reminder',Large friendly dogs,291123530,homeowner,true,false,Yard Sign,2023-10-23T00:00:00Z,false,2024-08-21T00:00:00Z,$668.05,26256 Park Ave,,Martinsburg,WV,25401,,,,,,,,,
Stephen,Sanchez,Stephen Sanchez,5084122402,,stephen.sanchez305@outlook.com,,,,,,,'Bi-Weekly Client',No gate,293165006,condo,false,false,,2023-10-04T00:00:00Z,false,2024-06-24T00:00:00Z,"$4,487.42",35871 Sunset Blvd,,Frederick,MD,21701,,,,,,,,,
Jason,Morgan,Jason Morgan,6305208557,,jason.morgan29@outlook.com,,,,,,,'Needs Reminder',Call before arriving,217082542,homeowner,false,false,Referral,2025-01-17T00:00:00Z,false,2025-11-09T00:00:00Z,"$4,213.47",27685 Washington Blvd,Suite 100,Leesburg,VA,20175,,,,,,,,,
Stephanie,Sanders,Stephanie Sanders,2065739487,,stephanie.sanders472@gmail.com,,,,,,,'Multiple Dogs',Gate around back,275892528,homeowner,true,false,Facebook,2024-09-13T00:00:00Z,false,2025-09-08T00:00:00Z,"$1,590.28",3684 High St,Suite 100,Bluemont,VA,20135,,,,,,,,,
Eric,Jackson,Eric Jackson,7758589115,,eric.jackson140@yahoo.com,,,owner,,,,'Large Yard',,209011655,homeowner,true,false,Google,2022-01-01T00:00:00Z,false,2022-03-27T00:00:00Z,"$2,898.20",19819 Cypress Ave,,Reston,VA,20190,,,,,,,,,
Anthony,Wilson,Anthony Wilson,6851259287,,anthony.wilson455@icloud.com,,,,,,,'Monthly Client',Gate around back,282243262,homeowner,true,false,,2024-06-18T00:00:00Z,false,2025-05-27T00:00:00Z,"$2,962.36",8083 Union St,,Hamilton,VA,20158,,,,,,,,,
Charles,Butler,Charles Butler,8733463797,,charles.butler524@outlook.com,,,,,,,'Back Yard Only',Call before arriving,289617131,homeowner,false,false,Yard Sign,2023-07-18T00:00:00Z,false,2024-02-10T00:00:00Z,"$1,851.94",31305 Cherry St,,McLean,VA,22101,,,,,,,,,
Charles,Brown,Charles Brown,4905682968,,charles.brown578@icloud.com,,,,,,,'Long Term',,262801428,homeowner,true,false,,2024-07-27T00:00:00Z,false,2024-12-22T00:00:00Z,$43.78,38146 Union St,,Round Hill,VA,20141,,,,,,,,,
Alexander,Howard,Alexander Howard,5996252028,,alexander.howard179@yahoo.com,,,manager,,,,'Gate Code Required',Large friendly dogs,209155005,renter,true,false,Referral,2024-09-17T00:00:00Z,true,,"$4,620.26",37006 Summit Ave,,Chantilly,VA,20151,,,,,,,,,
Alexander,Bell,Alexander Bell,9947749608,,alexander.bell266@yahoo.com,,,manager,,,,'Needs Reminder',,206030286,homeowner,true,false,,2022-03-02T00:00:00Z,false,2023-03-19T00:00:00Z,$764.06,38691 Mulberry Ln,,Warrenton,VA,20186,,,,,,,,,
Gregory,Peterson,Gregory Peterson,5318784793,,gregory.peterson791@yahoo.com,,,owner,,,,,Gate around back,215364411,homeowner,true,false,,2022-03-18T00:00:00Z,false,2023-04-12T00:00:00Z,$349.83,11503 Meadow Ln,Suite 100,Ashburn,VA,20147,,,,,,,,,
Michelle,Wilson,Michelle Wilson,9155607187,,michelle.wilson137@outlook.com,,,,,,,'Back Yard Only',1 large dog. Gate code: 4694,299610211,homeowner,true,false,,2022-11-28T00:00:00Z,false,2023-07-15T00:00:00Z,"$3,906.42",12926 Main St,,McLean,VA,22101,,,,,,,,,
Anthony,Jones,Anthony Jones,3431056891,,anthony.jones793@icloud.com,,,,,,,'Long Term',No gate,267222987,renter,true,false,,2023-12-23T00:00:00Z,false,2024-06-29T00:00:00Z,"$2,968.70",4816 Summit Ave,,Germantown,MD,20874,,,,,,,,,
Jeffrey,Stewart,Jeffrey Stewart,8404852161,,jeffrey.stewart583@gmail.com,,,,,,,'Long Term',Call before arriving,203025600,homeowner,true,false,Facebook,2023-04-04T00:00:00Z,false,2023-09-06T00:00:00Z,"$4,426.91",33998 Union St,,Herndon,VA,20170,,,,,,,,,
Christopher,Torres,Christopher Torres,2766474955,,christopher.torres874@outlook.com,,,,,,,'Auto Pay',No gate,235306385,homeowner,true,false,Google,2022-03-03T00:00:00Z,false,2022-03-26T00:00:00Z,"$1,622.62",20562 Willow Dr,Apt 2,Bethesda,MD,20814,,,,,,,,,
Sarah,Clark,Sarah Clark,7609366400,,sarah.clark947@gmail.com,,,owner,,,,,Call before arriving,209497661,homeowner,false,false,,2024-05-02T00:00:00Z,false,2025-03-11T00:00:00Z,"$3,548.59",32445 Elm St,Suite 100,Springfield,VA,22150,,,,,,,,,
Paul,Jenkins,Paul Jenkins,2422061583,,paul.jenkins509@outlook.com,,,manager,,,,'Large Yard',,207429830,homeowner,true,false,Yard Sign,2022-02-23T00:00:00Z,true,,"$2,564.09",23054 Walnut Ave,,Alexandria,VA,22301,,,,,,,,,
Kathleen,Miller,Kathleen Miller,5968847180,,kathleen.miller713@yahoo.com,,,,,,,'Long Term',Call before arriving,225990676,homeowner,true,false,Facebook,2023-12-04T00:00:00Z,true,,"$4,406.73",28072 Aspen Ct,,Martinsburg,WV,25401,,,,,,,,,
Mary,Robinson,Mary Robinson,6228659785,,mary.robinson582@gmail.com,,,,,,,'Monthly Client',Gate around back,205867922,homeowner,true,false,Google,2023-10-06T00:00:00Z,true,,"$2,891.60",16478 Pine Rd,,Round Hill,VA,20141,,,,,,,,,
Ronald,Cooper,Ronald Cooper,8732252258,,ronald.cooper79@hotmail.com,,,,,,,,No gate,295715206,homeowner,true,false,Other,2023-09-12T00:00:00Z,true,,"$3,745.00",13591 Dogwood Dr,Unit B,Germantown,MD,20874,,,,,,,,,
Paul,Green,Paul Green,9146549248,,paul.green107@gmail.com,,,,,,,'Bi-Weekly Client',4 dogs. Gate code: 3246,240928246,condo,true,false,Yard Sign,2025-02-06T00:00:00Z,false,2025-05-31T00:00:00Z,$589.19,27024 Juniper Rd,,Chantilly,VA,20151,,,,,,,,,
Donald,Sullivan,Donald Sullivan,6507658434,,donald.sullivan976@gmail.com,,,,,,,'Needs Reminder',,208015488,homeowner,false,false,Yard Sign,2023-07-26T00:00:00Z,false,2024-06-09T00:00:00Z,"$1,842.89",32796 Cedar Ln,,Leesburg,VA,20175,,,,,,,,,
Jeffrey,Garcia,Jeffrey Garcia,4293107214,,jeffrey.garcia189@icloud.com,,,,,,,'Large Yard',Call before arriving,235236547,condo,false,false,,2023-03-20T00:00:00Z,false,2024-04-17T00:00:00Z,$131.26,3524 Union St,,Germantown,MD,20874,,,,,,,,,
Janet,Perry,Janet Perry,9701582789,,janet.perry567@icloud.com,,,,,,,'Front and Back',Gate around back,221816939,homeowner,true,false,,2024-02-20T00:00:00Z,false,2024-10-23T00:00:00Z,"$3,579.04",35146 Poplar St,,Gainesville,VA,20155,,,,,,,,,
Debra,Scott,Debra Scott,2873559893,,debra.scott303@hotmail.com,,,,,,,'Gate Code Required',,216684124,homeowner,true,false,Other,2023-09-21T00:00:00Z,false,2024-07-15T00:00:00Z,"$3,171.73",2630 Juniper Rd,,Charles Town,WV,25414,,,,,,,,,
Cynthia,Williams,Cynthia Williams,6501098642,,cynthia.williams38@hotmail.com,,,,,,,'Needs Reminder',Call before arriving,208595771,homeowner,false,false,Google,2024-06-21T00:00:00Z,false,2024-09-28T00:00:00Z,"$1,238.43",36577 Spring St,,Gaithersburg,MD,20877,,,,,,,,,
Sandra,Hughes,Sandra Hughes,3782501812,,sandra.hughes239@gmail.com,,,owner,,,,'Needs Reminder',2 small dogs. Gate code: 1687,208162164,homeowner,true,false,,2023-06-15T00:00:00Z,true,,$77.37,12175 Magnolia Ave,Suite 100,Purcellville,VA,20132,,,,,,,,,
Donald,Hall,Donald Hall,3111799305,,donald.hall455@gmail.com,,,owner,,,,'Needs Reminder',,286152618,homeowner,true,false,Other,2024-05-23T00:00:00Z,false,2024-10-21T00:00:00Z,$686.78,5175 Church St,,Bethesda,MD,20814,,,,,,,,,
Timothy,Long,Timothy Long,5835815817,,timothy.long637@gmail.com,,,owner,,,,,,281743716,condo,true,false,Referral,2023-03-10T00:00:00Z,false,2023-08-24T00:00:00Z,"$2,451.82",24237 Cedar Ln,,Fairfax,VA,22030,,,,,,,,,
Edward,Brooks,Edward Brooks,2337723458,,edward.brooks391@gmail.com,,,owner,,,,'Back Yard Only',,270834264,renter,false,false,,2022-04-16T00:00:00Z,false,2023-02-27T00:00:00Z,"$2,267.18",14818 Chestnut St,Apt 2,Lovettsville,VA,20180,,,,,,,,,
Paul,Harris,Paul Harris,7894004998,,paul.harris337@yahoo.com,,,,,,,'Front and Back',Large friendly dogs,248570867,homeowner,false,false,Facebook,2022-06-13T00:00:00Z,true,,"$2,690.19",15231 Poplar St,,Burke,VA,22015,,,,,,,,,
Sandra,Cook,Sandra Cook,6283353052,,sandra.cook948@outlook.com,,,,,,,'Needs Reminder',Call before arriving,242123474,renter,false,false,Referral,2022-08-30T00:00:00Z,false,2022-10-17T00:00:00Z,"$1,960.81",26813 Mulberry Ln,Unit B,Springfield,VA,22150,,,,,,,,,
Nancy,Rogers,Nancy Rogers,2152702979,,nancy.rogers429@hotmail.com,,,,,,,'Small Yard',,209799868,homeowner,true,false,Google,2022-09-29T00:00:00Z,false,2023-06-26T00:00:00Z,"$4,161.02",6718 Hill Rd,Suite 100,Gaithersburg,MD,20877,,,,,,,,,
Stephanie,Sullivan,Stephanie Sullivan,7703475806,,stephanie.sullivan122@hotmail.com,,,,,,,'Front and Back',Call before arriving,260249712,homeowner,false,false,Facebook,2024-04-17T00:00:00Z,false,2025-03-12T00:00:00Z,"$2,158.82",38863 Hawthorn Dr,Apt 2,Centreville,VA,20120,,,,,,,,,
Janet,White,Janet White,9418849345,,janet.white86@yahoo.com,,,,,,,'New Client',,268272154,homeowner,true,false,,2023-07-27T00:00:00Z,true,,"$1,114.87",38999 Mulberry Ln,,Round Hill,VA,20141,,,,,,,,,
Eric,Howard,Eric Howard,7936207990,,eric.howard293@hotmail.com,,,,,,,'Small Yard',Large friendly dogs,269677116,homeowner,true,false,Google,2023-07-24T00:00:00Z,false,2024-05-20T00:00:00Z,"$4,222.00",20978 Sunset Blvd,,Clifton,VA,20124,,,,,,,,,
Lisa,Thomas,Lisa Thomas,4943808973,,lisa.thomas450@yahoo.com,,,,,,,,,212881682,homeowner,true,false,Facebook,2023-02-28T00:00:00Z,true,,"$4,026.19",19005 Main St,Apt 2,Fairfax,VA,22030,,,,,,,,,
Jonathan,Harris,Jonathan Harris,2066001422,,jonathan.harris379@yahoo.com,,,,,,,'Auto Pay',Gate around back,214712259,homeowner,true,false,,2022-09-03T00:00:00Z,false,2023-04-25T00:00:00Z,"$4,266.62",37531 Walnut Ave,Unit B,Gainesville,VA,20155,,,,,,,,,
Kimberly,Gutierrez,Kimberly Gutierrez,8842196795,,kimberly.gutierrez823@gmail.com,,,,,,,'Multiple Dogs',,294866405,condo,true,false,,2023-10-07T00:00:00Z,false,2023-11-02T00:00:00Z,"$2,080.21",4972 Ridge Rd,,Alexandria,VA,22301,,,,,,,,,
Brenda,Foster,Brenda Foster,8411361130,,brenda.foster252@yahoo.com,,,owner,,,,'Monthly Client',No gate,237929886,homeowner,true,false,,2022-09-27T00:00:00Z,false,2023-01-13T00:00:00Z,"$3,046.91",14531 Valley Rd,,Clifton,VA,20124,,,,,,,,,
Sharon,Rodriguez,Sharon Rodriguez,7026714416,,sharon.rodriguez728@yahoo.com,,,,,,,'Back Yard Only',Call before arriving,264992661,homeowner,true,false,,2024-12-22T00:00:00Z,false,2025-11-30T00:00:00Z,"$4,580.81",27504 Main St,Apt 2,Purcellville,VA,20132,,,,,,,,,
Christine,Reed,Christine Reed,7019157425,,christine.reed613@hotmail.com,,,,,,,'Bi-Weekly Client',Large friendly dogs,260018532,homeowner,false,false,Nextdoor,2023-10-29T00:00:00Z,false,2024-03-10T00:00:00Z,"$3,179.61",31620 School St,,Germantown,MD,20874,,,,,,,,,
Raymond,Anderson,Raymond Anderson,5558137522,,raymond.anderson722@yahoo.com,,,manager,,,,'Weekly Client',1 large dog. Gate code: 5389,254895832,homeowner,true,false,Nextdoor,2022-05-05T00:00:00Z,false,2023-02-23T00:00:00Z,"$3,704.63",32158 Hawthorn Dr,,Gaithersburg,MD,20877,,,,,,,,,
Ronald,Murphy,Ronald Murphy,6355085271,,ronald.murphy935@gmail.com,,,,,,,'Gate Code Required',2 dogs - Lab mix. Gate code: 7714,276840413,condo,true,false,Google,2022-12-08T00:00:00Z,false,2023-09-15T00:00:00Z,$989.76,31918 Mill Rd,,Woodbridge,VA,22191,,,,,,,,,
Nicole,Cox,Nicole Cox,2208391345,,nicole.cox822@icloud.com,,,,,,,'Bi-Weekly Client',2 dogs - Goldendoodle. Gate code: 1806,248599937,renter,true,false,,2025-01-01T00:00:00Z,false,2025-04-19T00:00:00Z,"$4,729.04",21942 Creek Rd,Suite 100,Bluemont,VA,20135,,,,,,,,,
Christopher,Mitchell,Christopher Mitchell,5395234532,,christopher.mitchell567@yahoo.com,,,manager,,,,'Bi-Weekly Client',No gate,205675419,homeowner,true,false,,2022-11-18T00:00:00Z,false,2023-04-18T00:00:00Z,"$1,447.04",2464 Maple Ave,Suite 100,Round Hill,VA,20141,,,,,,,,,
Paul,Butler,Paul Butler,3269327190,,paul.butler672@icloud.com,,,manager,,,,'Auto Pay',,201978608,homeowner,false,false,Facebook,2025-01-14T00:00:00Z,false,2025-11-26T00:00:00Z,"$4,411.08",17794 Washington Blvd,,Herndon,VA,20170,,,,,,,,,
Nicole,Flores,Nicole Flores,5315359394,,nicole.flores762@gmail.com,,,owner,,,,'Gate Code Required',Large friendly dogs,239089390,homeowner,true,false,Facebook,2024-05-29T00:00:00Z,false,2024-07-22T00:00:00Z,"$1,066.81",18060 Poplar St,,Haymarket,VA,20169,,,,,,,,,
Andrew,Sullivan,Andrew Sullivan,7466185007,,andrew.sullivan392@gmail.com,,,,,,,'Front and Back',2 dogs. Gate code: 8409,277561671,homeowner,false,false,,2022-02-20T00:00:00Z,true,,"$3,701.79",25897 Grove St,Suite 100,Rockville,MD,20850,,,,,,,,,
Susan,Myers,Susan Myers,5184403355,,susan.myers830@gmail.com,,,,,,,'Needs Reminder',,254115926,renter,true,false,,2024-08-27T00:00:00Z,false,2025-05-28T00:00:00Z,"$3,470.56",36858 Forest Dr,,Ashburn,VA,20147,,,,,,,,,
Amy,Allen,Amy Allen,6214186535,,amy.allen855@yahoo.com,,,,,,,'Small Yard',1 dog. Gate code: 5393,275485324,condo,true,false,,2024-09-27T00:00:00Z,false,2025-07-10T00:00:00Z,"$2,399.11",21166 Chestnut St,Apt 2,Purcellville,VA,20132,,,,,,,,,
Alexander,Cooper,Alexander Cooper,7266682334,,alexander.cooper944@gmail.com,,,,,,,'Monthly Client',,226490232,homeowner,true,false,Google,2024-06-15T00:00:00Z,true,,$187.50,5179 Meadow Ln,,Martinsburg,WV,25401,,,,,,,,,
Gary,Moore,Gary Moore,9669959963,,gary.moore429@icloud.com,,,,,,,'Front and Back',Call before arriving,282557389,homeowner,true,false,Yard Sign,2024-02-01T00:00:00Z,true,,"$3,121.06",19547 Lake Dr,,Round Hill,VA,20141,,,,,,,,,
Carolyn,Mitchell,Carolyn Mitchell,7317195116,,carolyn.mitchell484@icloud.com,,,,,,,'Front and Back',,242639365,homeowner,true,false,,2024-05-02T00:00:00Z,false,2024-08-08T00:00:00Z,$721.68,21738 Hill Rd,,Arlington,VA,22201,,,,,,,,,
Betty,Powell,Betty Powell,2966508513,,betty.powell339@gmail.com,,,owner,,,,'Multiple Dogs',Call before arriving,284399027,homeowner,true,false,Facebook,2022-01-29T00:00:00Z,false,2022-05-14T00:00:00Z,"$1,317.99",30816 Hawthorn Dr,,Hamilton,VA,20158,,,,,,,,,
Helen,Phillips,Helen Phillips,4606749864,,helen.phillips657@yahoo.com,,,,,,,'Gate Code Required',,217005934,homeowner,true,false,Nextdoor,2024-12-05T00:00:00Z,true,,"$3,095.18",38939 River Rd,,Lovettsville,VA,20180,,,,,,,,,
Christine,Peterson,Christine Peterson,4142721043,,christine.peterson803@yahoo.com,,,,,,,'Monthly Client',Call before arriving,210440451,homeowner,false,false,Referral,2022-04-17T00:00:00Z,false,2022-07-03T00:00:00Z,"$2,456.19",6085 Juniper Rd,,Arlington,VA,22201,,,,,,,,,
Kenneth,Bell,Kenneth Bell,9782204944,,kenneth.bell574@icloud.com,,,manager,,,,'Small Yard',,281252861,homeowner,true,false,Yard Sign,2023-03-15T00:00:00Z,false,2023-06-15T00:00:00Z,"$4,538.35",25366 Cherry St,,Clifton,VA,20124,,,,,,,,,
Brenda,Murphy,Brenda Murphy,7018115104,,brenda.murphy702@gmail.com,,,manager,,,,'Small Yard',Large friendly dogs,228693060,homeowner,true,false,Other,2025-02-20T00:00:00Z,false,2025-06-04T00:00:00Z,"$1,835.80",22918 Sunset Blvd,,Martinsburg,WV,25401,,,,,,,,,
Jeffrey,Campbell,Jeffrey Campbell,7382991091,,jeffrey.campbell601@hotmail.com,,,manager,,,,,,286868145,homeowner,true,false,,2023-07-18T00:00:00Z,false,2024-06-17T00:00:00Z,"$2,297.93",6267 Grove St,,Centreville,VA,20120,,,,,,,,,
Benjamin,Davis,Benjamin Davis,7859431498,,benjamin.davis884@icloud.com,,,,,,,'Large Yard',Call before arriving,203870432,homeowner,false,false,,2022-11-10T00:00:00Z,false,2023-11-13T00:00:00Z,"$3,533.74",32232 Sunset Blvd,,Frederick,MD,21701,,,,,,,,,
Linda,Murphy,Linda Murphy,8528272021,,linda.murphy322@gmail.com,,,owner,,,,'Front and Back',Call before arriving,295201836,homeowner,true,false,,2022-12-13T00:00:00Z,false,2023-10-16T00:00:00Z,"$3,466.25",18284 Valley Rd,Unit B,Germantown,MD,20874,,,,,,,,,
Rebecca,Sanders,Rebecca Sanders,8851622064,,rebecca.sanders198@outlook.com,,,,,,,'Weekly Client',Large friendly dogs,223215400,homeowner,true,false,,2022-01-07T00:00:00Z,false,2022-06-22T00:00:00Z,"$1,314.06",17574 Washington Blvd,,Reston,VA,20190,,,,,,,,,
Larry,Sullivan,Larry Sullivan,2886798585,,larry.sullivan91@gmail.com,,,manager,,,,'Needs Reminder',,201401059,homeowner,true,false,Other,2023-03-22T00:00:00Z,false,2024-02-18T00:00:00Z,"$1,797.74",12060 Washington Blvd,,Bluemont,VA,20135,,,,,,,,,
Debra,Myers,Debra Myers,3958653174,,debra.myers318@gmail.com,,,,,,,'Needs Reminder',2 small dogs. Gate code: 7782,225265855,homeowner,false,false,Referral,2023-07-13T00:00:00Z,false,2023-10-30T00:00:00Z,$850.14,18913 Sunset Blvd,,Clifton,VA,20124,,,,,,,,,
Elizabeth,Reed,Elizabeth Reed,5636926957,,elizabeth.reed358@outlook.com,,,,,,,'New Client',3 dogs. Gate code: 9813,294246006,condo,true,false,,2024-06-07T00:00:00Z,false,2024-12-08T00:00:00Z,"$3,100.84",11272 Cedar Ln,Suite 100,Shepherdstown,WV,25443,,,,,,,,,
Carol,Sullivan,Carol Sullivan,7156645406,,carol.sullivan93@outlook.com,,,owner,,,,'Weekly Client',,263781582,homeowner,false,false,Yard Sign,2022-10-14T00:00:00Z,true,,"$2,816.74",17022 Spring St,,Arlington,VA,22201,,,,,,,,,
Robert,Adams,Robert Adams,9182076879,,robert.adams891@gmail.com,,,,,,,'Back Yard Only',Call before arriving,241107619,homeowner,false,false,Other,2022-11-30T00:00:00Z,true,,"$2,624.53",27717 Cherry St,,Fairfax,VA,22030,,,,,,,,,
Pamela,Powell,Pamela Powell,6458487542,,pamela.powell485@yahoo.com,,,owner,,,,'Back Yard Only',,231447622,homeowner,false,false,,2024-11-04T00:00:00Z,true,,"$2,020.73",24559 Hawthorn Dr,,Manassas,VA,20110,,,,,,,,,
Patricia,Lee,Patricia Lee,7242705924,,patricia.lee908@outlook.com,,,,,,,'Monthly Client',,212133101,homeowner,false,false,Referral,2023-09-26T00:00:00Z,false,2024-10-29T00:00:00Z,$679.01,13106 Chestnut St,Suite 100,Silver Spring,MD,20901,,,,,,,,,
Ryan,Smith,Ryan Smith,8742514283,,ryan.smith905@yahoo.com,,,,,,,'Small Yard',,297191672,homeowner,false,false,Nextdoor,2023-05-17T00:00:00Z,false,2023-08-10T00:00:00Z,"$3,286.63",20254 Washington Blvd,,Haymarket,VA,20169,,,,,,,,,
Kevin,Gonzalez,Kevin Gonzalez,6826637456,,kevin.gonzalez716@yahoo.com,,,,,,,'Large Yard',,242729112,homeowner,false,false,Nextdoor,2022-10-01T00:00:00Z,true,,"$3,711.65",24760 Poplar St,Unit B,Gaithersburg,MD,20877,,,,,,,,,
Ronald,Ward,Ronald Ward,2734559000,,ronald.ward686@outlook.com,,,,,,,'Multiple Dogs',,281948851,homeowner,true,false,Nextdoor,2024-03-26T00:00:00Z,false,2024-05-11T00:00:00Z,"$3,098.77",14628 Hawthorn Dr,,Leesburg,VA,20175,,,,,,,,,
Margaret,Hill,Margaret Hill,6451956563,,margaret.hill394@yahoo.com,,,owner,,,,'Back Yard Only',,235033443,condo,true,false,,2024-05-13T00:00:00Z,false,2024-08-19T00:00:00Z,$785.01,9979 School St,,Martinsburg,WV,25401,,,,,,,,,
David,Hall,David Hall,9028502661,,david.hall672@icloud.com,,,,,,,'Auto Pay',,265248523,homeowner,true,false,,2024-04-02T00:00:00Z,false,2024-11-11T00:00:00Z,"$3,702.53",10643 Ridge Rd,,Round Hill,VA,20141,,,,,,,,,
Nicole,Cook,Nicole Cook,7144818758,,nicole.cook730@hotmail.com,,,owner,,,,'New Client',,220184631,condo,true,false,Referral,2022-01-15T00:00:00Z,false,2022-07-13T00:00:00Z,"$4,551.37",24011 Lake Dr,Suite 100,Germantown,MD,20874,,,,,,,,,
Angela,Reyes,Angela Reyes,9459938454,,angela.reyes446@gmail.com,,,owner,,,,'Long Term',Call before arriving,233866730,homeowner,true,false,,2024-05-21T00:00:00Z,false,2024-11-16T00:00:00Z,"$3,239.98",18562 Cedar Ln,,Frederick,MD,21701,,,,,,,,,
Emily,Rivera,Emily Rivera,6271178319,,emily.rivera333@hotmail.com,,,,,,,'Auto Pay',1 small dog. Gate code: 7491,223519462,condo,false,false,Google,2022-06-22T00:00:00Z,false,2023-03-29T00:00:00Z,$453.95,39144 Lake Dr,,Purcellville,VA,20132,,,,,,,,,
Kimberly,Hall,Kimberly Hall,6698054999,,kimberly.hall941@outlook.com,,,,,,,'Weekly Client',Large friendly dogs,268804339,condo,false,false,Other,2022-06-11T00:00:00Z,false,2022-12-07T00:00:00Z,"$4,451.71",2763 Elm St,,Frederick,MD,21701,,,,,,,,,
John,White,John White,9643632298,,john.white857@icloud.com,,,,,,,'Needs Reminder',3 dogs. Gate code: 9833,293181615,homeowner,false,false,Yard Sign,2022-04-11T00:00:00Z,false,2022-10-26T00:00:00Z,"$2,752.01",12659 Chestnut St,,Sterling,VA,20164,,,,,,,,,
Maria,Powell,Maria Powell,9962905535,,maria.powell514@gmail.com,,,,,,,'New Client',Large friendly dogs,288209607,renter,true,false,Google,2022-09-23T00:00:00Z,false,2023-02-17T00:00:00Z,"$1,281.86",11979 School St,,Charles Town,WV,25414,,,,,,,,,
Mark,Lewis,Mark Lewis,2188266318,,mark.lewis227@gmail.com,,,,,,,'Multiple Dogs',No gate,274847472,homeowner,false,false,,2022-01-26T00:00:00Z,false,2022-07-27T00:00:00Z,"$1,634.86",30288 Mulberry Ln,,Gainesville,VA,20155,,,,,,,,,
Cynthia,Butler,Cynthia Butler,7103159720,,cynthia.butler715@yahoo.com,,,,,,,'Bi-Weekly Client',Call before arriving,211152419,homeowner,true,false,,2023-03-02T00:00:00Z,false,2024-03-25T00:00:00Z,"$4,727.37",16857 Willow Dr,,Clifton,VA,20124,,,,,,,,,
Laura,Ross,Laura Ross,6781303554,,laura.ross640@outlook.com,,,,,,,'Large Yard',No gate,231503392,renter,true,false,,2024-02-08T00:00:00Z,false,2024-11-16T00:00:00Z,$632.15,23144 Chestnut St,,Fairfax,VA,22030,,,,,,,,,
Ronald,Ramirez,Ronald Ramirez,4162135740,,ronald.ramirez183@yahoo.com,,,,,,,'New Client',Call before arriving,248744480,condo,true,false,Nextdoor,2022-08-05T00:00:00Z,true,,"$4,246.84",36149 Birch St,,Charles Town,WV,25414,,,,,,,,,
Jonathan,Ward,Jonathan Ward,6013307618,,jonathan.ward507@icloud.com,,,owner,,,,'New Client',Call before arriving,262279909,homeowner,false,false,Referral,2022-12-19T00:00:00Z,false,2023-12-10T00:00:00Z,"$4,354.95",29555 Forest Dr,Suite 100,Gainesville,VA,20155,,,,,,,,,
Timothy,Harris,Timothy Harris,8511294673,,timothy.harris142@outlook.com,,,,,,,'Weekly Client',,276410977,homeowner,false,false,,2024-08-24T00:00:00Z,true,,$436.64,5376 Hawthorn Dr,Apt 2,Bethesda,MD,20814,,,,,,,,,
Angela,Harris,Angela Harris,3655687046,,angela.harris741@yahoo.com,,,,,,,'Gate Code Required',2 dogs. Gate code: 1506,277524461,renter,true,false,Referral,2024-08-02T00:00:00Z,false,2025-04-01T00:00:00Z,"$1,176.23",31044 Valley Rd,,Vienna,VA,22180,,,,,,,,,
Cynthia,Bell,Cynthia Bell,8562136427,,cynthia.bell894@yahoo.com,,,owner,,,,'Back Yard Only',No gate,251716183,condo,true,false,Google,2022-05-25T00:00:00Z,true,,"$4,596.36",30391 Elm St,,Springfield,VA,22150,,,,,,,,,
Samuel,Ward,Samuel Ward,9311248184,,samuel.ward493@gmail.com,,,,,,,'Front and Back',Large friendly dogs,216650628,renter,true,false,,2022-08-01T00:00:00Z,false,2022-10-21T00:00:00Z,"$4,065.94",26209 Cedar Ln,,Gainesville,VA,20155,,,,,,,,,
Brian,Evans,Brian Evans,8724473325,,brian.evans935@yahoo.com,,,,,,,'Back Yard Only',No gate,295171493,homeowner,true,false,Other,2024-10-03T00:00:00Z,false,2025-10-30T00:00:00Z,"$1,174.70",13868 Main St,,Gaithersburg,MD,20877,,,,,,,,,
Joshua,Cook,Joshua Cook,9163645510,,joshua.cook609@gmail.com,,,manager,,,,'VIP',Gate around back,241159574,homeowner,false,false,Google,2022-11-21T00:00:00Z,false,2023-09-14T00:00:00Z,"$3,042.69",9800 Sycamore Ln,,Herndon,VA,20170,,,,,,,,,
Karen,Butler,Karen Butler,9112313400,,karen.butler623@hotmail.com,,,manager,,,,'Small Yard',,278414664,renter,false,false,Google,2022-01-25T00:00:00Z,false,2022-06-13T00:00:00Z,"$1,747.98",16962 Cypress Ave,,Clifton,VA,20124,,,,,,,,,
Helen,Perez,Helen Perez,5527593553,,helen.perez602@outlook.com,,,,,,,'Back Yard Only',No gate,223540092,homeowner,true,false,,2024-09-18T00:00:00Z,false,2025-04-07T00:00:00Z,$68.32,34397 Grove St,,Warrenton,VA,20186,,,,,,,,,
Anthony,Lewis,Anthony Lewis,3533842959,,anthony.lewis666@yahoo.com,,,manager,,,,'Small Yard',1 small dog. Gate code: 9587,299506052,homeowner,true,false,Google,2023-02-19T00:00:00Z,false,2023-08-31T00:00:00Z,"$3,188.37",32788 Poplar St,Apt 2,Chantilly,VA,20151,,,,,,,,,
Nicholas,Rodriguez,Nicholas Rodriguez,4776669761,,nicholas.rodriguez867@outlook.com,,,,,,,'VIP',,292569837,homeowner,true,false,,2023-05-17T00:00:00Z,true,,"$3,310.26",3768 Hickory Ln,Apt 2,Bluemont,VA,20135,,,,,,,,,
Paul,Diaz,Paul Diaz,4841934113,,paul.diaz751@gmail.com,,,,,,,'VIP',No gate,213189607,condo,true,false,Nextdoor,2025-01-04T00:00:00Z,false,2025-02-06T00:00:00Z,"$1,530.52",34346 Union St,,Herndon,VA,20170,,,,,,,,,
Joseph,Murphy,Joseph Murphy,2855874234,,joseph.murphy103@outlook.com,,,owner,,,,'Weekly Client',,296634274,condo,false,false,,2024-06-25T00:00:00Z,false,2025-05-27T00:00:00Z,$935.03,39309 Dogwood Dr,,Arlington,VA,22201,,,,,,,,,
Steven,Evans,Steven Evans,8153779070,,steven.evans647@yahoo.com,,,manager,,,,'Back Yard Only',1 large dog. Gate code: 5328,245787342,homeowner,false,false,Yard Sign,2023-07-18T00:00:00Z,false,2024-07-06T00:00:00Z,"$2,694.07",33345 Cherry St,Apt 2,Centreville,VA,20120,,,,,,,,,
Nancy,Reed,Nancy Reed,2064269348,,nancy.reed482@icloud.com,,,,,,,'Back Yard Only',No gate,245960407,homeowner,true,false,,2025-01-08T00:00:00Z,false,2025-04-18T00:00:00Z,$929.26,11817 Elm St,Suite 100,Fairfax,VA,22030,,,,,,,,,
Donna,Bell,Donna Bell,5124279690,,donna.bell484@gmail.com,,,owner,,,,'Multiple Dogs',Large friendly dogs,223055557,homeowner,false,false,Referral,2022-11-20T00:00:00Z,true,,"$3,180.44",13881 Chestnut St,Unit B,Haymarket,VA,20169,,,,,,,,,
Rebecca,Jenkins,Rebecca Jenkins,4753345306,,rebecca.jenkins484@hotmail.com,,,,,,,'Small Yard',No gate,241341326,homeowner,false,false,Other,2024-05-21T00:00:00Z,false,2025-03-12T00:00:00Z,"$1,889.00",9601 Union St,,Burke,VA,22015,,,,,,,,,
Timothy,Rivera,Timothy Rivera,8619243292,,timothy.rivera999@icloud.com,,,manager,,,,'Gate Code Required',,243197411,renter,true,false,Yard Sign,2024-05-25T00:00:00Z,false,2024-12-13T00:00:00Z,"$1,563.29",1376 Valley Rd,,Woodbridge,VA,22191,,,,,,,,,
Helen,Bell,Helen Bell,6509765488,,helen.bell110@gmail.com,,,,,,,'Front and Back',,288505617,condo,true,false,,2024-03-09T00:00:00Z,false,2025-03-03T00:00:00Z,"$4,606.71",10613 Ridge Rd,Unit B,Springfield,VA,22150,,,,,,,,,
Nicole,Bennett,Nicole Bennett,5841602661,,nicole.bennett58@hotmail.com,,,,,,,'Bi-Weekly Client',,243559761,renter,true,false,Yard Sign,2024-04-27T00:00:00Z,true,,"$4,194.96",35351 Grove St,,Woodbridge,VA,22191,,,,,,,,,
Elizabeth,Murphy,Elizabeth Murphy,4514359955,,elizabeth.murphy782@hotmail.com,,,,,,,'Small Yard',Call before arriving,259839681,homeowner,true,false,Facebook,2023-03-16T00:00:00Z,false,2023-06-25T00:00:00Z,"$1,542.08",19198 Maple Ave,,Silver Spring,MD,20901,,,,,,,,,
Betty,Ross,Betty Ross,9203655183,,betty.ross619@gmail.com,,,,,,,'New Client',,270920296,renter,true,false,,2022-05-04T00:00:00Z,true,,"$1,792.68",7911 Linden Ln,,Herndon,VA,20170,,,,,,,,,
Michelle,Ward,Michelle Ward,7033896468,,michelle.ward650@gmail.com,,,,,,,'Auto Pay',,277030941,homeowner,true,false,Facebook,2024-08-17T00:00:00Z,false,2025-07-02T00:00:00Z,"$3,120.84",37147 Washington Blvd,Apt 2,Lovettsville,VA,20180,,,,,,,,,
Kimberly,Morgan,Kimberly Morgan,6628563493,,kimberly.morgan667@hotmail.com,,,,,,,'Long Term',,253883863,homeowner,true,false,Other,2025-03-23T00:00:00Z,false,2025-08-27T00:00:00Z,$30.50,12006 Linden Ln,Apt 2,Lovettsville,VA,20180,,,,,,,,,
Michelle,Stewart,Michelle Stewart,3543654651,,michelle.stewart599@hotmail.com,,,,,,,'Large Yard',,225346665,homeowner,true,false,Nextdoor,2022-10-31T00:00:00Z,false,2023-02-20T00:00:00Z,"$1,480.71",30099 Linden Ln,Unit B,Germantown,MD,20874,,,,,,,,,
Anna,Hall,Anna Hall,2704356166,,anna.hall951@yahoo.com,,,,,,,'Gate Code Required',Call before arriving,203663666,homeowner,false,false,,2022-10-09T00:00:00Z,false,2023-05-29T00:00:00Z,$590.93,13318 Union St,,Arlington,VA,22201,,,,,,,,,
Edward,Miller,Edward Miller,6575497540,,edward.miller204@yahoo.com,,,owner,,,,'Auto Pay',,221861785,condo,true,false,Referral,2023-03-06T00:00:00Z,false,2023-05-13T00:00:00Z,"$4,515.34",38780 Lake Dr,,Clifton,VA,20124,,,,,,,,,
Rebecca,Harris,Rebecca Harris,4151929305,,rebecca.harris369@icloud.com,,,,,,,'Weekly Client',Large friendly dogs,213430634,homeowner,true,false,Google,2023-12-28T00:00:00Z,false,2024-07-06T00:00:00Z,"$4,539.51",33440 Lake Dr,,Manassas,VA,20110,,,,,,,,,
Rachel,Hernandez,Rachel Hernandez,8667597384,,rachel.hernandez897@icloud.com,,,manager,,,,'Monthly Client',,275776544,homeowner,false,false,Google,2022-01-19T00:00:00Z,false,2022-04-01T00:00:00Z,"$2,489.39",18103 Linden Ln,,Leesburg,VA,20175,,,,,,,,,
Linda,Gray,Linda Gray,4149875801,,linda.gray381@outlook.com,,,,,,,,,248998598,homeowner,false,false,Referral,2022-08-13T00:00:00Z,false,2022-11-11T00:00:00Z,$143.90,10420 Birch St,,Ranson,WV,25438,,,,,,,,,
Dorothy,Cruz,Dorothy Cruz,5281291423,,dorothy.cruz340@gmail.com,,,,,,,'Auto Pay',,221229564,homeowner,false,false,Google,2022-07-25T00:00:00Z,false,2022-08-08T00:00:00Z,"$1,673.60",2342 River Rd,,Gaithersburg,MD,20877,,,,,,,,,
Joseph,Peterson,Joseph Peterson,6755259793,,joseph.peterson451@yahoo.com,,,,,,,'Monthly Client',Call before arriving,282357282,renter,true,false,Yard Sign,2022-07-17T00:00:00Z,false,2023-03-25T00:00:00Z,"$2,365.45",20509 Cherry St,,Round Hill,VA,20141,,,,,,,,,
Angela,Taylor,Angela Taylor,3463302346,,angela.taylor762@gmail.com,,,owner,,,,'VIP',Gate around back,244107402,renter,true,false,Nextdoor,2024-08-04T00:00:00Z,false,2025-07-19T00:00:00Z,"$2,835.77",18600 Juniper Rd,,Charles Town,WV,25414,,,,,,,,,
Michelle,Stewart,Michelle Stewart,5837773379,,michelle.stewart594@gmail.com,,,,,,,'Monthly Client',2 dogs - Goldendoodle. Gate code: 1558,221727864,homeowner,true,false,Google,2024-03-23T00:00:00Z,false,2024-09-11T00:00:00Z,$56.22,3246 Valley Rd,,Clifton,VA,20124,,,,,,,,,
Benjamin,Watson,Benjamin Watson,6155624519,,benjamin.watson465@outlook.com,,,,,,,'Back Yard Only',Call before arriving,245265544,homeowner,false,false,Yard Sign,2023-01-17T00:00:00Z,false,2023-06-03T00:00:00Z,"$1,636.72",35874 Hickory Ln,,Manassas,VA,20110,,,,,,,,,
Christine,Baker,Christine Baker,9816315306,,christine.baker65@hotmail.com,,,,,,,'VIP',,273882130,homeowner,false,false,Facebook,2023-08-29T00:00:00Z,true,,"$4,191.87",1765 Spruce St,,Martinsburg,WV,25401,,,,,,,,,
David,Bell,David Bell,3865079370,,david.bell200@yahoo.com,,,,,,,'Auto Pay',,271559021,renter,true,false,Other,2024-01-13T00:00:00Z,false,2024-10-22T00:00:00Z,"$1,106.03",1195 Valley Rd,Unit B,Alexandria,VA,22301,,,,,,,,,
Richard,Morales,Richard Morales,3697504707,,richard.morales864@yahoo.com,,,,,,,'New Client',Large friendly dogs,263960898,homeowner,true,false,Google,2024-08-16T00:00:00Z,false,2025-02-03T00:00:00Z,$653.38,27888 Valley Rd,,Germantown,MD,20874,,,,,,,,,
Alexander,Richardson,Alexander Richardson,8844194420,,alexander.richardson946@outlook.com,,,,,,,'Long Term',1 dog - Husky. Gate code: 3625,252511111,renter,true,false,Referral,2022-11-23T00:00:00Z,false,2023-10-26T00:00:00Z,"$2,011.24",3981 Birch St,,Lovettsville,VA,20180,,,,,,,,,
Barbara,Lewis,Barbara Lewis,4822437577,,barbara.lewis127@outlook.com,,,owner,,,,'Large Yard',,269876471,condo,false,false,Yard Sign,2023-09-30T00:00:00Z,false,2024-07-01T00:00:00Z,$492.54,13589 Hickory Ln,,Reston,VA,20190,,,,,,,,,
Raymond,Murphy,Raymond Murphy,5059413045,,raymond.murphy555@outlook.com,,,,,,,,Large friendly dogs,234286237,renter,false,false,Other,2022-08-20T00:00:00Z,false,2023-07-13T00:00:00Z,"$2,239.32",10171 Elm St,Suite 100,Frederick,MD,21701,,,,,,,,,
Mark,Kelly,Mark Kelly,3051906940,,mark.kelly248@icloud.com,,,,,,,'Small Yard',Gate around back,233778683,homeowner,true,false,Facebook,2024-11-06T00:00:00Z,false,2025-04-30T00:00:00Z,"$2,014.30",27734 Pine Rd,Unit B,Martinsburg,WV,25401,,,,,,,,,
Richard,Ortiz,Richard Ortiz,6973489109,,richard.ortiz227@outlook.com,,,,,,,'Auto Pay',Large friendly dogs,205650731,condo,true,false,,2022-08-09T00:00:00Z,false,2023-06-14T00:00:00Z,"$4,023.39",17516 Park Ave,Suite 100,Martinsburg,WV,25401,,,,,,,,,
Donald,Campbell,Donald Campbell,7947887911,,donald.campbell835@icloud.com,,,owner,,,,'Small Yard',,253511633,homeowner,true,false,,2024-06-03T00:00:00Z,false,2025-05-18T00:00:00Z,"$4,358.79",22860 Linden Ln,Suite 100,Purcellville,VA,20132,,,,,,,,,
Benjamin,Nelson,Benjamin Nelson,3013997752,,benjamin.nelson822@gmail.com,,,,,,,'Multiple Dogs',No gate,206415488,condo,true,false,Other,2023-10-27T00:00:00Z,false,2024-06-24T00:00:00Z,"$3,355.70",16714 Creek Rd,Suite 100,Frederick,MD,21701,,,,,,,,,
Brenda,Diaz,Brenda Diaz,8634297575,,brenda.diaz772@hotmail.com,,,,,,,'Needs Reminder',Call before arriving,241048501,homeowner,false,false,Other,2022-07-27T00:00:00Z,false,2023-08-07T00:00:00Z,$434.08,32857 Washington Blvd,,Vienna,VA,22180,,,,,,,,,
Edward,Sanchez,Edward Sanchez,4719768953,,edward.sanchez360@hotmail.com,,,,,,,'Weekly Client',Gate around back,267930179,renter,false,false,Other,2025-02-21T00:00:00Z,true,,"$3,632.50",23788 Forest Dr,,Shepherdstown,WV,25443,,,,,,,,,
Rachel,Martinez,Rachel Martinez,4031952483,,rachel.martinez729@outlook.com,,,owner,,,,'Auto Pay',,251706059,homeowner,true,false,Other,2022-08-01T00:00:00Z,false,2023-08-19T00:00:00Z,"$3,909.95",17360 River Rd,Unit B,Charles Town,WV,25414,,,,,,,,,
Mark,Murphy,Mark Murphy,2413519978,,mark.murphy159@hotmail.com,,,,,,,'VIP',4 dogs. Gate code: 8214,219512130,homeowner,false,false,Nextdoor,2022-01-26T00:00:00Z,false,2022-07-03T00:00:00Z,"$1,169.66",32507 Mill Rd,Suite 100,Leesburg,VA,20175,,,,,,,,,
Rebecca,Richardson,Rebecca Richardson,7646814149,,rebecca.richardson423@yahoo.com,,,,,,,,Call before arriving,235374067,homeowner,true,false,,2024-06-02T00:00:00Z,false,2024-12-15T00:00:00Z,"$1,749.67",38169 Willow Dr,Unit B,Silver Spring,MD,20901,,,,,,,,,
Frank,Moore,Frank Moore,5299805045,,frank.moore815@outlook.com,,,,,,,'Auto Pay',2 small dogs. Gate code: 2717,296651024,renter,true,false,,2023-12-15T00:00:00Z,false,2024-12-23T00:00:00Z,"$3,370.29",6432 Magnolia Ave,Unit B,Herndon,VA,20170,,,,,,,,,
Paul,Watson,Paul Watson,2545718174,,paul.watson510@outlook.com,,,manager,,,,'Long Term',Call before arriving,263971718,homeowner,true,false,,2022-10-30T00:00:00Z,true,,"$3,273.63",4337 Forest Dr,,Martinsburg,WV,25401,,,,,,,,,
Steven,Gutierrez,Steven Gutierrez,2288309041,,steven.gutierrez442@yahoo.com,,,,,,,'Front and Back',Call before arriving,231214258,homeowner,true,false,,2025-03-13T00:00:00Z,false,2025-12-05T00:00:00Z,"$4,542.09",14203 Hickory Ln,,Charles Town,WV,25414,,,,,,,,,
Brandon,Miller,Brandon Miller,9298726871,,brandon.miller602@gmail.com,,,,,,,'Front and Back',,224325365,condo,true,false,Referral,2022-03-02T00:00:00Z,false,2023-02-04T00:00:00Z,"$4,458.37",4269 Sycamore Ln,,Lovettsville,VA,20180,,,,,,,,,
Richard,Phillips,Richard Phillips,7878177347,,richard.phillips825@icloud.com,,,,,,,'Monthly Client',Call before arriving,223811694,homeowner,false,false,Other,2024-05-31T00:00:00Z,false,2024-10-14T00:00:00Z,"$2,398.47",31190 Hill Rd,Suite 100,Clifton,VA,20124,,,,,,,,,
Sandra,Hall,Sandra Hall,8627482336,,sandra.hall348@icloud.com,,,,,,,'Weekly Client',Call before arriving,212816494,renter,true,false,,2022-12-12T00:00:00Z,false,2022-12-19T00:00:00Z,"$4,625.28",34432 Main St,,Ashburn,VA,20147,,,,,,,,,
Deborah,Flores,Deborah Flores,2289197141,,deborah.flores880@gmail.com,,,,,,,'Monthly Client',Call before arriving,213014526,homeowner,true,false,,2022-11-13T00:00:00Z,true,,"$1,796.01",12452 Cypress Ave,Apt 2,Vienna,VA,22180,,,,,,,,,
Karen,Murphy,Karen Murphy,2317371635,,karen.murphy958@outlook.com,,,,,,,'Back Yard Only',,213384402,renter,false,false,Other,2024-10-16T00:00:00Z,true,,"$2,896.82",20525 School St,,Sterling,VA,20164,,,,,,,,,
Deborah,Cook,Deborah Cook,3197842072,,deborah.cook347@yahoo.com,,,manager,,,,'VIP',,248093085,condo,true,false,,2022-05-01T00:00:00Z,true,,"$3,892.36",9365 Church St,Suite 100,Burke,VA,22015,,,,,,,,,
Elizabeth,Foster,Elizabeth Foster,8704289639,,elizabeth.foster577@outlook.com,,,,,,,'Back Yard Only',Call before arriving,218183236,condo,false,false,,2024-07-06T00:00:00Z,false,2025-08-07T00:00:00Z,$950.60,34288 Willow Dr,Suite 100,Germantown,MD,20874,,,,,,,,,
Edward,Hernandez,Edward Hernandez,7021249048,,edward.hernandez107@hotmail.com,,,owner,,,,'Large Yard',,225243522,condo,true,false,Yard Sign,2022-07-02T00:00:00Z,false,2022-12-13T00:00:00Z,"$4,282.04",25580 Union St,,Gaithersburg,MD,20877,,,,,,,,,
Raymond,Miller,Raymond Miller,7471281773,,raymond.miller990@hotmail.com,,,,,,,'Small Yard',,268282676,homeowner,false,false,Google,2024-01-30T00:00:00Z,false,2025-01-19T00:00:00Z,"$3,356.08",12436 Creek Rd,Apt 2,Clifton,VA,20124,,,,,,,,,
Mark,Ortiz,Mark Ortiz,5271744335,,mark.ortiz508@yahoo.com,,,,,,,,1 large dog. Gate code: 1077,288529233,homeowner,false,false,Facebook,2023-11-09T00:00:00Z,false,2024-02-14T00:00:00Z,"$4,738.01",3064 Meadow Ln,,Round Hill,VA,20141,,,,,,,,,
Karen,Jackson,Karen Jackson,8133525230,,karen.jackson904@icloud.com,,,,,,,'New Client',Large friendly dogs,255517801,homeowner,false,false,Yard Sign,2024-02-12T00:00:00Z,false,2024-07-10T00:00:00Z,"$4,044.64",13526 Linden Ln,Unit B,Haymarket,VA,20169,,,,,,,,,
Scott,Johnson,Scott Johnson,8418097479,,scott.johnson43@icloud.com,,,,,,,'Bi-Weekly Client',,224609969,condo,false,false,Facebook,2025-01-04T00:00:00Z,false,2025-06-27T00:00:00Z,$803.36,14712 Elm St,Unit B,Herndon,VA,20170,,,,,,,,,
Jonathan,Torres,Jonathan Torres,4919765284,,jonathan.torres112@gmail.com,,,,,,,'VIP',,262942341,homeowner,false,false,,2024-09-07T00:00:00Z,false,2024-11-08T00:00:00Z,$534.75,13346 Washington Blvd,Apt 2,Charles Town,WV,25414,,,,,,,,,
David,Powell,David Powell,2693478142,,david.powell631@hotmail.com,,,,,,,'Back Yard Only',3 dogs. Gate code: 4096,297295794,homeowner,true,false,Google,2023-10-14T00:00:00Z,false,2023-11-12T00:00:00Z,"$2,730.25",9455 Hickory Ln,Apt 2,Shepherdstown,WV,25443,,,,,,,,,
Kevin,Morgan,Kevin Morgan,4057591924,,kevin.morgan401@icloud.com,,,,,,,'Monthly Client',Call before arriving,288316904,homeowner,true,false,Nextdoor,2024-06-17T00:00:00Z,true,,"$4,182.42",19223 Magnolia Ave,,Reston,VA,20190,,,,,,,,,
Shirley,Torres,Shirley Torres,7702643348,,shirley.torres561@hotmail.com,,,,,,,'Auto Pay',Call before arriving,249710508,condo,true,false,,2022-03-20T00:00:00Z,false,2022-06-08T00:00:00Z,"$4,327.29",7398 Elm St,,Hamilton,VA,20158,,,,,,,,,
James,Wood,James Wood,2599337349,,james.wood788@outlook.com,,,,,,,'Auto Pay',No gate,276704340,homeowner,true,false,,2024-03-01T00:00:00Z,false,2024-07-30T00:00:00Z,"$3,290.93",14814 Cypress Ave,,Sterling,VA,20164,,,,,,,,,
Brandon,Allen,Brandon Allen,5537518454,,brandon.allen491@yahoo.com,,,,,,,'Gate Code Required',Large friendly dogs,234522269,homeowner,true,false,Referral,2022-11-25T00:00:00Z,false,2023-06-08T00:00:00Z,"$3,552.03",35257 Grove St,,Frederick,MD,21701,,,,,,,,,
Jennifer,Rogers,Jennifer Rogers,6208279871,,jennifer.rogers873@yahoo.com,,,,,,,'New Client',No gate,298441897,homeowner,true,false,Nextdoor,2024-07-15T00:00:00Z,false,2025-03-06T00:00:00Z,"$4,571.40",8293 Cypress Ave,,Charles Town,WV,25414,,,,,,,,,
Christine,Phillips,Christine Phillips,3368409682,,christine.phillips211@yahoo.com,,,,,,,'Multiple Dogs',Large friendly dogs,250307037,homeowner,false,false,,2023-09-21T00:00:00Z,false,2024-01-15T00:00:00Z,"$1,885.58",12615 Chestnut St,,Arlington,VA,22201,,,,,,,,,
Helen,Evans,Helen Evans,2523044558,,helen.evans346@outlook.com,,,owner,,,,'Long Term',Large friendly dogs,276154186,condo,true,false,Referral,2022-12-19T00:00:00Z,false,2023-05-14T00:00:00Z,"$4,721.44",25284 Sycamore Ln,,Fairfax,VA,22030,,,,,,,,,
Pamela,Sanchez,Pamela Sanchez,3545216185,,pamela.sanchez480@yahoo.com,,,,,,,'Auto Pay',,208772342,homeowner,true,false,,2022-06-25T00:00:00Z,false,2022-07-12T00:00:00Z,$41.61,31995 Ridge Rd,Apt 2,Herndon,VA,20170,,,,,,,,,
Amanda,Sanchez,Amanda Sanchez,9612544489,,amanda.sanchez315@gmail.com,,,,,,,'Long Term',Gate around back,240700248,homeowner,false,false,,2022-07-27T00:00:00Z,false,2023-05-17T00:00:00Z,$767.10,20776 Mulberry Ln,Suite 100,Burke,VA,22015,,,,,,,,,
Jonathan,Cruz,Jonathan Cruz,6192628693,,jonathan.cruz717@hotmail.com,,,owner,,,,'Large Yard',Large friendly dogs,263459898,homeowner,true,false,Facebook,2024-02-16T00:00:00Z,false,2024-10-24T00:00:00Z,$818.20,7529 River Rd,,Springfield,VA,22150,,,,,,,,,
Justin,Watson,Justin Watson,3865581325,,justin.watson994@icloud.com,,,,,,,'Monthly Client',Large friendly dogs,220063671,condo,true,false,Facebook,2022-08-16T00:00:00Z,false,2023-07-31T00:00:00Z,$946.23,22367 Washington Blvd,,Chantilly,VA,20151,,,,,,,,,
Amanda,James,Amanda James,7061167844,,amanda.james174@hotmail.com,,,,,,,,Call before arriving,222398512,homeowner,false,false,,2022-04-17T00:00:00Z,false,2023-03-22T00:00:00Z,"$1,146.26",12684 Magnolia Ave,,Manassas,VA,20110,,,,,,,,,
Carol,Garcia,Carol Garcia,4798678505,,carol.garcia676@gmail.com,,,manager,,,,'Weekly Client',Gate around back,251092812,homeowner,true,false,,2023-02-13T00:00:00Z,false,2023-10-18T00:00:00Z,"$1,824.08",36228 Cedar Ln,,Centreville,VA,20120,,,,,,,,,
Joshua,Campbell,Joshua Campbell,7249747955,,joshua.campbell417@hotmail.com,,,,,,,'Long Term',,260381095,renter,true,false,Nextdoor,2022-06-23T00:00:00Z,false,2023-06-06T00:00:00Z,"$4,384.04",22791 Main St,Apt 2,Herndon,VA,20170,,,,,,,,,
Susan,Young,Susan Young,2762817117,,susan.young67@yahoo.com,,,manager,,,,'Front and Back',,220970686,homeowner,true,false,Google,2025-04-08T00:00:00Z,false,2026-03-01T00:00:00Z,"$4,635.09",5826 Elm St,,Springfield,VA,22150,,,,,,,,,
Brandon,Thomas,Brandon Thomas,2578213272,,brandon.thomas205@gmail.com,,,,,,,'Large Yard',2 dogs - Goldendoodle. Gate code: 4818,206710702,renter,false,false,,2022-06-12T00:00:00Z,false,2023-01-03T00:00:00Z,"$1,537.94",6109 Washington Blvd,,Vienna,VA,22180,,,,,,,,,
Alexander,Bailey,Alexander Bailey,8198234048,,alexander.bailey481@hotmail.com,,,,,,,'Bi-Weekly Client',Gate around back,219312960,condo,true,false,Google,2025-01-15T00:00:00Z,false,2025-11-12T00:00:00Z,"$4,669.07",29100 Sunset Blvd,Apt 2,Hamilton,VA,20158,,,,,,,,,
Nancy,Adams,Nancy Adams,9743333661,,nancy.adams405@outlook.com,,,,,,,'VIP',Call before arriving,298709509,condo,true,false,Yard Sign,2023-05-09T00:00:00Z,false,2024-02-11T00:00:00Z,$33.52,39523 Birch St,Apt 2,Gainesville,VA,20155,,,,,,,,,
William,Davis,William Davis,2646056639,,william.davis925@gmail.com,,,,,,,'Multiple Dogs',,276396882,homeowner,false,false,Facebook,2023-06-22T00:00:00Z,false,2024-07-05T00:00:00Z,"$4,030.68",5339 Hickory Ln,,Martinsburg,WV,25401,,,,,,,,,
Amy,Hill,Amy Hill,9816006135,,amy.hill560@yahoo.com,,,manager,,,,'New Client',Call before arriving,254122182,homeowner,false,false,Other,2024-08-07T00:00:00Z,false,2025-04-08T00:00:00Z,"$2,170.45",38584 Forest Dr,,Alexandria,VA,22301,,,,,,,,,
Patricia,Moore,Patricia Moore,5244903447,,patricia.moore410@hotmail.com,,,,,,,'Monthly Client',,252518275,homeowner,false,false,,2024-08-25T00:00:00Z,false,2024-11-16T00:00:00Z,"$1,300.27",28567 Sunset Blvd,,Round Hill,VA,20141,,,,,,,,,
Christopher,Hill,Christopher Hill,7623844731,,christopher.hill195@icloud.com,,,,,,,'Long Term',Call before arriving,214228623,renter,true,false,Referral,2022-05-18T00:00:00Z,false,2022-11-06T00:00:00Z,"$3,388.92",28467 Walnut Ave,Suite 100,Rockville,MD,20850,,,,,,,,,
Eric,Bailey,Eric Bailey,4215269036,,eric.bailey14@hotmail.com,,,,,,,'New Client',,271086637,condo,true,false,,2023-08-01T00:00:00Z,false,2024-01-29T00:00:00Z,"$3,478.83",22289 Cypress Ave,,Fairfax,VA,22030,,,,,,,,,
Larry,Peterson,Larry Peterson,2641188324,,larry.peterson379@icloud.com,,,manager,,,,,No gate,237652279,homeowner,true,false,Nextdoor,2025-02-10T00:00:00Z,false,2025-08-10T00:00:00Z,"$2,770.66",13826 Ridge Rd,Unit B,Springfield,VA,22150,,,,,,,,,
Michelle,Hughes,Michelle Hughes,7863344883,,michelle.hughes833@yahoo.com,,,owner,,,,'Auto Pay',,283699114,homeowner,true,false,Other,2023-10-21T00:00:00Z,false,2023-12-08T00:00:00Z,"$2,540.33",37016 Cherry St,,Rockville,MD,20850,,,,,,,,,
Laura,Roberts,Laura Roberts,9962975525,,laura.roberts729@yahoo.com,,,,,,,'Back Yard Only',Call before arriving,283302571,homeowner,false,false,Nextdoor,2024-09-15T00:00:00Z,false,2025-07-06T00:00:00Z,$701.38,3968 Cherry St,,Burke,VA,22015,,,,,,,,,
Nicole,Ward,Nicole Ward,4049434083,,nicole.ward981@outlook.com,,,,,,,'Auto Pay',Gate around back,233316392,homeowner,true,false,Nextdoor,2024-02-10T00:00:00Z,false,2024-09-20T00:00:00Z,"$3,363.10",19473 Pine Rd,Unit B,Sterling,VA,20164,,,,,,,,,
Charles,Nguyen,Charles Nguyen,2251297904,,charles.nguyen81@hotmail.com,,,owner,,,,'Auto Pay',Call before arriving,214461271,condo,false,false,,2023-07-15T00:00:00Z,false,2024-03-11T00:00:00Z,"$1,324.56",9774 Hickory Ln,Unit B,Frederick,MD,21701,,,,,,,,,
Christopher,Bennett,Christopher Bennett,3314301277,,christopher.bennett127@gmail.com,,,,,,,'Multiple Dogs',,284408232,homeowner,true,false,Referral,2024-06-08T00:00:00Z,false,2025-05-11T00:00:00Z,"$1,554.64",36313 Cherry St,,Warrenton,VA,20186,,,,,,,,,
Michelle,Wood,Michelle Wood,9746821645,,michelle.wood905@outlook.com,,,,,,,'Monthly Client',,295811834,homeowner,true,false,Facebook,2023-04-27T00:00:00Z,false,2023-06-20T00:00:00Z,"$3,622.37",8742 Dogwood Dr,,Hamilton,VA,20158,,,,,,,,,
Carol,Rodriguez,Carol Rodriguez,7045109931,,carol.rodriguez64@outlook.com,,,manager,,,,'Small Yard',,215468478,condo,true,false,Facebook,2023-06-19T00:00:00Z,false,2023-10-20T00:00:00Z,"$1,148.47",26051 River Rd,Apt 2,Ranson,WV,25438,,,,,,,,,
Samuel,Sullivan,Samuel Sullivan,4305901694,,samuel.sullivan44@yahoo.com,,,manager,,,,'Multiple Dogs',,268484185,condo,false,false,Other,2023-08-17T00:00:00Z,true,,$112.86,10102 Hill Rd,Apt 2,Alexandria,VA,22301,,,,,,,,,
William,Garcia,William Garcia,4047031589,,william.garcia214@yahoo.com,,,manager,,,,'Needs Reminder',,253308797,condo,true,false,Facebook,2023-03-12T00:00:00Z,false,2023-06-04T00:00:00Z,"$2,573.90",568 Creek Rd,Unit B,Rockville,MD,20850,,,,,,,,,
Brenda,Mitchell,Brenda Mitchell,7234973619,,brenda.mitchell855@yahoo.com,,,owner,,,,'New Client',No gate,203867816,condo,false,false,Yard Sign,2024-07-01T00:00:00Z,false,2025-05-12T00:00:00Z,"$4,645.13",22020 Valley Rd,,Manassas,VA,20110,,,,,,,,,
Nancy,Anderson,Nancy Anderson,2424962748,,nancy.anderson761@yahoo.com,,,,,,,,Call before arriving,262247467,renter,true,false,Nextdoor,2022-04-22T00:00:00Z,false,2023-03-26T00:00:00Z,"$3,005.36",37469 Union St,Suite 100,McLean,VA,22101,,,,,,,,,
Angela,Brown,Angela Brown,5171124545,,angela.brown850@yahoo.com,,,,,,,'Front and Back',Large friendly dogs,280773970,renter,true,false,,2022-12-05T00:00:00Z,false,2023-08-20T00:00:00Z,"$2,304.84",13623 Dogwood Dr,Unit B,Centreville,VA,20120,,,,,,,,,
Brandon,Wilson,Brandon Wilson,2009731511,,brandon.wilson635@gmail.com,,,manager,,,,'New Client',,207185727,homeowner,true,false,,2024-01-24T00:00:00Z,false,2024-05-20T00:00:00Z,"$3,099.71",18072 Oak St,,Round Hill,VA,20141,,,,,,,,,
Kimberly,Collins,Kimberly Collins,8691225873,,kimberly.collins789@gmail.com,,,,,,,,,285457740,homeowner,true,false,,2022-03-04T00:00:00Z,false,2022-11-09T00:00:00Z,$837.99,19895 River Rd,,Sterling,VA,20164,,,,,,,,,
Justin,Powell,Justin Powell,7703795424,,justin.powell24@outlook.com,,,,,,,'New Client',,204987687,homeowner,true,false,Facebook,2024-10-15T00:00:00Z,true,,"$3,986.17",4247 River Rd,,Gaithersburg,MD,20877,,,,,,,,,
Jennifer,Foster,Jennifer Foster,2648885601,,jennifer.foster727@hotmail.com,,,owner,,,,'Small Yard',No gate,200261534,homeowner,false,false,Yard Sign,2022-04-01T00:00:00Z,false,2023-01-21T00:00:00Z,"$4,009.88",13384 High St,,Gaithersburg,MD,20877,,,,,,,,,
Carolyn,Butler,Carolyn Butler,2483936964,,carolyn.butler91@outlook.com,,,,,,,'Multiple Dogs',,243045133,homeowner,false,false,Referral,2023-12-12T00:00:00Z,false,2024-07-14T00:00:00Z,$835.02,30001 Cherry St,Apt 2,Burke,VA,22015,,,,,,,,,
Emily,Jackson,Emily Jackson,8888699102,,emily.jackson692@outlook.com,,,,,,,'Gate Code Required',Call before arriving,286632730,condo,true,false,,2024-08-13T00:00:00Z,false,2025-04-07T00:00:00Z,"$3,617.78",23714 Walnut Ave,,Ranson,WV,25438,,,,,,,,,
Nicholas,Hughes,Nicholas Hughes,3487136597,,nicholas.hughes554@yahoo.com,,,manager,,,,,,269735350,renter,true,false,,2022-08-01T00:00:00Z,false,2023-05-29T00:00:00Z,$19.39,13588 Willow Dr,,Herndon,VA,20170,,,,,,,,,
Debra,Russell,Debra Russell,5426002915,,debra.russell334@hotmail.com,,,manager,,,,'Multiple Dogs',,230308351,homeowner,true,false,,2024-07-18T00:00:00Z,true,,"$4,004.88",34383 Willow Dr,,Charles Town,WV,25414,,,,,,,,,
Susan,Bailey,Susan Bailey,3471736022,,susan.bailey248@icloud.com,,,,,,,'Small Yard',,204173828,condo,true,false,Facebook,2023-08-29T00:00:00Z,false,2023-11-05T00:00:00Z,$994.02,13813 Spruce St,Unit B,Haymarket,VA,20169,,,,,,,,,
Laura,Thomas,Laura Thomas,6324667602,,laura.thomas11@outlook.com,,,,,,,'Gate Code Required',,291149597,homeowner,true,false,Nextdoor,2024-10-03T00:00:00Z,false,2024-10-26T00:00:00Z,"$2,399.98",22589 Meadow Ln,,Haymarket,VA,20169,,,,,,,,,
Deborah,Ward,Deborah Ward,9882007925,,deborah.ward706@outlook.com,,,,,,,'Long Term',No gate,233843856,condo,true,false,Google,2025-01-18T00:00:00Z,false,2025-03-13T00:00:00Z,$398.23,32232 Maple Ave,,Chantilly,VA,20151,,,,,,,,,
Edward,Butler,Edward Butler,5453478688,,edward.butler36@hotmail.com,,,,,,,'New Client',,279648700,renter,false,false,,2022-02-27T00:00:00Z,false,2022-11-20T00:00:00Z,"$2,133.26",36316 Hickory Ln,,Haymarket,VA,20169,,,,,,,,,
Rachel,Wood,Rachel Wood,5979209776,,rachel.wood670@gmail.com,,,,,,,'Long Term',Gate around back,221843423,homeowner,true,false,,2022-03-23T00:00:00Z,false,2022-08-25T00:00:00Z,"$2,885.38",38481 Lake Dr,Unit B,Manassas,VA,20110,,,,,,,,,
Betty,Cooper,Betty Cooper,6973551093,,betty.cooper397@yahoo.com,,,,,,,'Multiple Dogs',1 dog - Husky. Gate code: 9083,295808365,homeowner,true,false,Nextdoor,2024-06-29T00:00:00Z,false,2025-06-29T00:00:00Z,"$4,550.60",2975 Union St,,Clifton,VA,20124,,,,,,,,,
Thomas,Perry,Thomas Perry,8196761387,,thomas.perry449@icloud.com,,,manager,,,,,,256186841,renter,false,false,,2024-08-28T00:00:00Z,false,2024-09-21T00:00:00Z,"$1,338.73",28278 Maple Ave,Unit B,Burke,VA,22015,,,,,,,,,
William,Lopez,William Lopez,4699986859,,william.lopez487@icloud.com,,,,,,,'Monthly Client',2 dogs. Gate code: 4060,259874812,homeowner,true,false,Google,2025-01-23T00:00:00Z,true,,"$2,675.37",16040 Hill Rd,,Bethesda,MD,20814,,,,,,,,,
Timothy,Anderson,Timothy Anderson,7731404805,,timothy.anderson208@yahoo.com,,,,,,,'Weekly Client',,270405670,homeowner,true,false,Other,2023-06-29T00:00:00Z,false,2024-04-30T00:00:00Z,"$2,546.49",8830 Willow Dr,,Haymarket,VA,20169,,,,,,,,,
Ashley,Cooper,Ashley Cooper,4182938778,,ashley.cooper490@icloud.com,,,,,,,'Back Yard Only',,219610873,homeowner,true,false,,2022-09-18T00:00:00Z,true,,$697.93,6591 Sunset Blvd,,Arlington,VA,22201,,,,,,,,,
Lisa,Young,Lisa Young,8418717774,,lisa.young860@hotmail.com,,,,,,,'Weekly Client',Large friendly dogs,203713165,homeowner,false,false,,2023-01-30T00:00:00Z,true,,"$3,487.18",17301 Birch St,,Alexandria,VA,22301,,,,,,,,,
Mark,Butler,Mark Butler,3305909348,,mark.butler911@icloud.com,,,manager,,,,'Long Term',Large friendly dogs,280506717,homeowner,true,false,Yard Sign,2022-03-05T00:00:00Z,false,2022-10-11T00:00:00Z,$318.40,15916 Hawthorn Dr,Apt 2,Fairfax,VA,22030,,,,,,,,,
Melissa,Scott,Melissa Scott,6023878610,,melissa.scott666@hotmail.com,,,,,,,'Small Yard',No gate,251820639,condo,true,false,Yard Sign,2025-02-21T00:00:00Z,false,2026-02-12T00:00:00Z,"$2,904.98",35180 Hawthorn Dr,,Haymarket,VA,20169,,,,,,,,,
Carol,Lopez,Carol Lopez,9086016610,,carol.lopez546@outlook.com,,,,,,,'Small Yard',1 large dog. Gate code: 9413,242017078,homeowner,true,false,Yard Sign,2023-10-26T00:00:00Z,false,2024-03-03T00:00:00Z,"$2,716.87",16588 Cypress Ave,,Lovettsville,VA,20180,,,,,,,,,
Eric,Ross,Eric Ross,6213855323,,eric.ross613@icloud.com,,,manager,,,,'Front and Back',3 dogs. Gate code: 6261,262101258,condo,true,false,Other,2025-04-06T00:00:00Z,false,2026-01-04T00:00:00Z,$832.39,9227 School St,,McLean,VA,22101,,,,,,,,,
Anthony,Gray,Anthony Gray,8489506527,,anthony.gray188@icloud.com,,,,,,,,Call before arriving,219641411,homeowner,false,false,Yard Sign,2023-06-06T00:00:00Z,false,2024-04-18T00:00:00Z,$345.84,16197 Willow Dr,,Burke,VA,22015,,,,,,,,,
William,Harris,William Harris,4606068450,,william.harris958@outlook.com,,,,,,,'Gate Code Required',No gate,279896025,homeowner,true,false,Nextdoor,2022-08-10T00:00:00Z,false,2023-04-17T00:00:00Z,"$2,098.43",33596 Chestnut St,,Woodbridge,VA,22191,,,,,,,,,
Jessica,Campbell,Jessica Campbell,9789201892,,jessica.campbell43@gmail.com,,,,,,,'Monthly Client',Large friendly dogs,227500238,homeowner,true,false,Yard Sign,2022-03-23T00:00:00Z,true,,"$2,719.52",7142 Aspen Ct,Apt 2,Woodbridge,VA,22191,,,,,,,,,
Patrick,Scott,Patrick Scott,4915404943,,patrick.scott237@yahoo.com,,,,,,,'Monthly Client',1 dog. Gate code: 6189,223064287,homeowner,true,false,Nextdoor,2024-02-24T00:00:00Z,true,,"$2,600.21",36316 Creek Rd,Suite 100,Woodbridge,VA,22191,,,,,,,,,
Raymond,Reyes,Raymond Reyes,4769288966,,raymond.reyes128@gmail.com,,,,,,,'Needs Reminder',3 dogs. Gate code: 3843,237509920,homeowner,false,false,,2022-08-08T00:00:00Z,false,2022-08-16T00:00:00Z,"$1,146.10",26733 Mill Rd,,Springfield,VA,22150,,,,,,,,,
Margaret,Robinson,Margaret Robinson,3029672343,,margaret.robinson419@icloud.com,,,,,,,'Large Yard',Gate around back,227531916,renter,true,false,,2024-10-03T00:00:00Z,false,2025-05-21T00:00:00Z,"$3,790.02",9955 Meadow Ln,Suite 100,Shepherdstown,WV,25443,,,,,,,,,
Amy,Bell,Amy Bell,8304978244,,amy.bell622@yahoo.com,,,manager,,,,'Monthly Client',2 medium dogs. Gate code: 7619,229249849,homeowner,true,false,,2023-10-06T00:00:00Z,false,2024-04-10T00:00:00Z,"$1,944.49",9570 Elm St,Apt 2,Burke,VA,22015,,,,,,,,,
Edward,Gray,Edward Gray,6801244998,,edward.gray661@gmail.com,,,,,,,'Multiple Dogs',No gate,258558100,homeowner,true,false,Other,2024-07-01T00:00:00Z,false,2025-02-10T00:00:00Z,$429.41,1533 Meadow Ln,Apt 2,Shepherdstown,WV,25443,,,,,,,,,
Brian,King,Brian King,6902613761,,brian.king225@outlook.com,,,,,,,'Small Yard',Call before arriving,206439568,homeowner,true,false,Nextdoor,2023-04-14T00:00:00Z,false,2023-06-06T00:00:00Z,"$3,394.10",39362 Sycamore Ln,Suite 100,Silver Spring,MD,20901,,,,,,,,,
David,Howard,David Howard,4615633441,,david.howard301@yahoo.com,,,,,,,'Gate Code Required',,231113767,condo,true,false,,2022-07-08T00:00:00Z,false,2023-05-28T00:00:00Z,$250.30,18352 Sunset Blvd,,Martinsburg,WV,25401,,,,,,,,,
Stephen,Peterson,Stephen Peterson,6332714870,,stephen.peterson18@yahoo.com,,,,,,,'Auto Pay',Call before arriving,297067401,homeowner,true,false,Referral,2023-01-02T00:00:00Z,false,2023-03-28T00:00:00Z,"$2,561.56",4515 Park Ave,,Lovettsville,VA,20180,,,,,,,,,
Lisa,Wright,Lisa Wright,7259321339,,lisa.wright513@outlook.com,,,,,,,'Long Term',3 dogs. Gate code: 3167,281734449,homeowner,false,false,Google,2024-01-23T00:00:00Z,false,2024-11-18T00:00:00Z,"$3,759.16",25908 Hill Rd,,Hamilton,VA,20158,,,,,,,,,
Alexander,Anderson,Alexander Anderson,9303543655,,alexander.anderson656@outlook.com,,,owner,,,,'Gate Code Required',No gate,290935921,homeowner,false,false,Google,2024-03-19T00:00:00Z,true,,"$2,599.05",4495 Meadow Ln,,Purcellville,VA,20132,,,,,,,,,
Amanda,James,Amanda James,7918357638,,amanda.james770@hotmail.com,,,,,,,'Monthly Client',2 medium dogs. Gate code: 1596,209853872,homeowner,false,false,,2024-01-23T00:00:00Z,false,2024-06-30T00:00:00Z,$554.57,26817 Forest Dr,Apt 2,Silver Spring,MD,20901,,,,,,,,,
Melissa,Brown,Melissa Brown,5225984255,,melissa.brown769@gmail.com,,,,,,,'Long Term',Gate around back,253198642,homeowner,true,false,Referral,2023-05-16T00:00:00Z,false,2023-08-03T00:00:00Z,$78.61,28643 Cypress Ave,Suite 100,Arlington,VA,22201,,,,,,,,,
Stephanie,Morgan,Stephanie Morgan,9295767087,,stephanie.morgan904@yahoo.com,,,manager,,,,'Monthly Client',Gate around back,250202214,homeowner,false,false,Nextdoor,2022-04-19T00:00:00Z,false,2022-10-22T00:00:00Z,"$2,232.43",8646 Birch St,,Frederick,MD,21701,,,,,,,,,
Scott,Nguyen,Scott Nguyen,5639409397,,scott.nguyen565@icloud.com,,,,,,,'VIP',,201483935,renter,true,false,Other,2022-07-27T00:00:00Z,false,2022-10-16T00:00:00Z,"$3,572.82",31521 Elm St,,Purcellville,VA,20132,,,,,,,,,
Angela,Ramirez,Angela Ramirez,8456337082,,angela.ramirez25@icloud.com,,,,,,,'Needs Reminder',Call before arriving,206833876,homeowner,false,false,Other,2024-11-24T00:00:00Z,false,2025-09-26T00:00:00Z,$591.83,21991 Juniper Rd,,Charles Town,WV,25414,,,,,,,,,
Angela,Jones,Angela Jones,8828989978,,angela.jones747@outlook.com,,,owner,,,,'Multiple Dogs',Gate around back,219320840,homeowner,false,false,,2022-10-19T00:00:00Z,false,2023-11-20T00:00:00Z,"$4,391.98",4509 River Rd,Suite 100,Bethesda,MD,20814,,,,,,,,,
Ronald,Lewis,Ronald Lewis,2421455962,,ronald.lewis13@yahoo.com,,,,,,,'Large Yard',Large friendly dogs,273424609,homeowner,true,false,,2025-03-09T00:00:00Z,false,2025-07-24T00:00:00Z,"$4,754.05",27518 Chestnut St,,McLean,VA,22101,,,,,,,,,
Robert,King,Robert King,9445942082,,robert.king225@icloud.com,,,,,,,'Large Yard',No gate,234639362,condo,true,false,,2025-03-27T00:00:00Z,true,,"$2,630.04",32440 Lake Dr,,Fairfax,VA,22030,,,,,,,,,
Karen,Sanders,Karen Sanders,8989559520,,karen.sanders699@hotmail.com,,,,,,,'Gate Code Required',Gate around back,266957784,homeowner,true,false,,2024-04-08T00:00:00Z,false,2024-05-11T00:00:00Z,"$4,570.08",14924 Maple Ave,,Springfield,VA,22150,,,,,,,,,
Charles,Richardson,Charles Richardson,4289644587,,charles.richardson902@yahoo.com,,,,,,,'Auto Pay',Large friendly dogs,256276356,homeowner,false,false,,2025-03-06T00:00:00Z,false,2025-08-29T00:00:00Z,"$1,435.61",10143 Park Ave,Unit B,Frederick,MD,21701,,,,,,,,,
George,Davis,George Davis,6465158080,,george.davis158@icloud.com,,,,,,,'Gate Code Required',No gate,253196481,homeowner,true,false,Facebook,2023-03-15T00:00:00Z,true,,"$2,064.51",2105 Summit Ave,,Gaithersburg,MD,20877,,,,,,,,,
Lisa,Baker,Lisa Baker,3637126359,,lisa.baker608@icloud.com,,,,,,,'Monthly Client',No gate,212390315,homeowner,true,false,Google,2022-11-08T00:00:00Z,false,2022-12-11T00:00:00Z,$10.02,6696 Washington Blvd,,Bluemont,VA,20135,,,,,,,,,
Brian,Ross,Brian Ross,9029466853,,brian.ross683@outlook.com,,,,,,,'Bi-Weekly Client',,282458452,homeowner,false,false,Other,2022-01-01T00:00:00Z,false,2022-04-16T00:00:00Z,"$3,789.80",2749 Forest Dr,,Bluemont,VA,20135,,,,,,,,,
Paul,Bennett,Paul Bennett,4987309619,,paul.bennett74@outlook.com,,,,,,,'Small Yard',,266627763,homeowner,true,false,,2023-04-04T00:00:00Z,false,2024-03-28T00:00:00Z,"$1,361.75",9184 Elm St,,Gainesville,VA,20155,,,,,,,,,
Frank,Peterson,Frank Peterson,6634679337,,frank.peterson314@hotmail.com,,,,,,,'Back Yard Only',2 small dogs. Gate code: 4449,261912861,homeowner,true,false,Yard Sign,2022-11-01T00:00:00Z,false,2023-11-03T00:00:00Z,$745.05,27492 Church St,Suite 100,Charles Town,WV,25414,,,,,,,,,
Susan,Cook,Susan Cook,3292522203,,susan.cook290@hotmail.com,,,,,,,'New Client',Gate around back,295175236,homeowner,false,false,,2023-03-06T00:00:00Z,false,2023-11-10T00:00:00Z,"$3,149.67",38063 Church St,Unit B,Warrenton,VA,20186,,,,,,,,,
Kevin,Rodriguez,Kevin Rodriguez,2501325131,,kevin.rodriguez399@yahoo.com,,,,,,,'Long Term',Large friendly dogs,288369598,condo,true,false,Other,2023-10-07T00:00:00Z,false,2024-11-01T00:00:00Z,"$2,719.53",30476 Willow Dr,Suite 100,Rockville,MD,20850,,,,,,,,,
Steven,Collins,Steven Collins,2955986481,,steven.collins152@gmail.com,,,,,,,'Gate Code Required',Large friendly dogs,205160548,homeowner,true,false,,2022-01-19T00:00:00Z,false,2022-12-15T00:00:00Z,"$1,731.49",15830 Magnolia Ave,Apt 2,Herndon,VA,20170,,,,,,,,,
James,Wilson,James Wilson,6948909209,,james.wilson207@yahoo.com,,,owner,,,,'New Client',Large friendly dogs,298149542,renter,true,false,,2022-03-22T00:00:00Z,true,,"$4,627.88",21891 Magnolia Ave,,Reston,VA,20190,,,,,,,,,
Ryan,Garcia,Ryan Garcia,4914401293,,ryan.garcia418@outlook.com,,,,,,,'Needs Reminder',4 dogs. Gate code: 6163,260300178,homeowner,true,false,,2023-06-27T00:00:00Z,true,,"$4,279.26",31197 Birch St,,Lovettsville,VA,20180,,,,,,,,,
Steven,Turner,Steven Turner,4711049695,,steven.turner235@gmail.com,,,,,,,'New Client',Gate around back,271841063,condo,true,false,Google,2025-01-24T00:00:00Z,true,,$78.45,29542 Church St,,Alexandria,VA,22301,,,,,,,,,
Raymond,Miller,Raymond Miller,7086944496,,raymond.miller547@outlook.com,,,,,,,'Front and Back',2 small dogs. Gate code: 3903,201907415,homeowner,true,false,,2024-05-29T00:00:00Z,false,2024-07-15T00:00:00Z,"$1,578.12",7693 Church St,,Gainesville,VA,20155,,,,,,,,,
Thomas,Butler,Thomas Butler,9483643769,,thomas.butler674@hotmail.com,,,,,,,'Front and Back',,238759195,condo,true,false,Nextdoor,2023-09-26T00:00:00Z,false,2024-07-06T00:00:00Z,"$3,319.48",27335 Forest Dr,,Manassas,VA,20110,,,,,,,,,
Jessica,Smith,Jessica Smith,4451675424,,jessica.smith989@yahoo.com,,,,,,,'Large Yard',No gate,268555677,homeowner,true,false,,2022-09-08T00:00:00Z,false,2023-05-19T00:00:00Z,"$3,206.39",29675 Summit Ave,,Sterling,VA,20164,,,,,,,,,
Elizabeth,Rivera,Elizabeth Rivera,3804974101,,elizabeth.rivera559@hotmail.com,,,,,,,'Multiple Dogs',3 dogs. Gate code: 9553,264248731,homeowner,false,false,Referral,2023-12-21T00:00:00Z,false,2024-01-12T00:00:00Z,"$1,632.87",5763 Elm St,,Leesburg,VA,20175,,,,,,,,,
Angela,Phillips,Angela Phillips,4172714115,,angela.phillips636@icloud.com,,,,,,,'New Client',2 small dogs. Gate code: 7043,205632397,renter,true,false,,2022-03-16T00:00:00Z,false,2022-11-09T00:00:00Z,$902.79,14960 Dogwood Dr,Apt 2,Lovettsville,VA,20180,,,,,,,,,
Katherine,Baker,Katherine Baker,6258671121,,katherine.baker993@hotmail.com,,,,,,,'Needs Reminder',,263542673,condo,true,false,Facebook,2024-10-09T00:00:00Z,false,2025-07-26T00:00:00Z,"$4,781.45",5685 Hill Rd,Suite 100,Frederick,MD,21701,,,,,,,,,
Helen,Jones,Helen Jones,8534245031,,helen.jones320@outlook.com,,,,,,,'Weekly Client',Gate around back,250946520,homeowner,true,false,Facebook,2022-11-10T00:00:00Z,false,2023-04-09T00:00:00Z,"$1,631.72",19331 Cedar Ln,Suite 100,Martinsburg,WV,25401,,,,,,,,,
Amy,Flores,Amy Flores,9564077666,,amy.flores24@gmail.com,,,,,,,'Small Yard',,248658243,homeowner,true,false,Facebook,2022-08-21T00:00:00Z,false,2022-10-15T00:00:00Z,"$4,678.27",21579 Sunset Blvd,Unit B,Gainesville,VA,20155,,,,,,,,,
Pamela,Ramirez,Pamela Ramirez,7969192291,,pamela.ramirez238@gmail.com,,,,,,,,Gate around back,274137409,homeowner,false,false,,2023-09-02T00:00:00Z,false,2023-10-30T00:00:00Z,"$4,297.56",20513 Aspen Ct,Suite 100,Woodbridge,VA,22191,,,,,,,,,
Raymond,Nelson,Raymond Nelson,4758581852,,raymond.nelson141@gmail.com,,,,,,,'Weekly Client',Large friendly dogs,272741232,renter,true,false,,2022-08-07T00:00:00Z,false,2022-12-27T00:00:00Z,$762.27,38655 Oak St,,Ashburn,VA,20147,,,,,,,,,
Joshua,Perez,Joshua Perez,3897642701,,joshua.perez646@gmail.com,,,,,,,'VIP',Gate around back,277402122,homeowner,true,false,,2023-01-20T00:00:00Z,true,,"$2,628.31",14414 Hill Rd,,Gaithersburg,MD,20877,,,,,,,,,
Christine,Roberts,Christine Roberts,3979449647,,christine.roberts300@hotmail.com,,,,,,,'Gate Code Required',,294879097,homeowner,true,false,,2024-05-10T00:00:00Z,false,2024-09-24T00:00:00Z,"$3,112.02",26610 Mulberry Ln,,Herndon,VA,20170,,,,,,,,,
Emma,Harris,Emma Harris,9643593100,,emma.harris591@yahoo.com,,,,,,,'VIP',,291814075,homeowner,true,false,Google,2024-03-19T00:00:00Z,false,2024-06-02T00:00:00Z,"$4,633.06",16404 Hill Rd,Unit B,Sterling,VA,20164,,,,,,,,,
Carolyn,Anderson,Carolyn Anderson,9121147772,,carolyn.anderson110@hotmail.com,,,,,,,'Small Yard',Large friendly dogs,250831560,condo,true,false,Facebook,2024-11-28T00:00:00Z,false,2025-11-18T00:00:00Z,"$1,320.31",29399 River Rd,,Arlington,VA,22201,,,,,,,,,
Deborah,Rivera,Deborah Rivera,3929904977,,deborah.rivera502@icloud.com,,,,,,,'New Client',,207998345,homeowner,true,false,Google,2024-07-28T00:00:00Z,false,2025-04-29T00:00:00Z,"$1,387.55",28768 Pine Rd,,Woodbridge,VA,22191,,,,,,,,,
Andrew,Scott,Andrew Scott,3815361225,,andrew.scott485@outlook.com,,,,,,,'Back Yard Only',4 dogs. Gate code: 8362,292399631,homeowner,false,false,Yard Sign,2023-07-19T00:00:00Z,false,2024-03-26T00:00:00Z,"$4,624.84",38535 Poplar St,,Lovettsville,VA,20180,,,,,,,,,
Jeffrey,Moore,Jeffrey Moore,2178994840,,jeffrey.moore661@icloud.com,,,,,,,'Bi-Weekly Client',Gate around back,292597864,renter,true,false,Referral,2022-07-22T00:00:00Z,false,2022-12-15T00:00:00Z,"$4,137.61",14444 Aspen Ct,Apt 2,Clifton,VA,20124,,,,,,,,,
John,Rodriguez,John Rodriguez,7802094952,,john.rodriguez921@hotmail.com,,,,,,,'Needs Reminder',,284224219,homeowner,false,false,,2024-10-14T00:00:00Z,true,,$16.18,16110 Aspen Ct,Suite 100,Manassas,VA,20110,,,,,,,,,
Carol,Smith,Carol Smith,6922984069,,carol.smith112@hotmail.com,,,,,,,'Back Yard Only',,250992202,homeowner,true,false,Nextdoor,2024-08-24T00:00:00Z,false,2025-07-16T00:00:00Z,$942.09,16560 High St,Apt 2,Martinsburg,WV,25401,,,,,,,,,
Amanda,Peterson,Amanda Peterson,9773469724,,amanda.peterson342@icloud.com,,,manager,,,,'Bi-Weekly Client',1 dog - German Shepherd. Gate code: 3244,255127958,renter,true,false,Facebook,2022-03-31T00:00:00Z,false,2022-07-20T00:00:00Z,"$2,242.00",28334 Aspen Ct,,Alexandria,VA,22301,,,,,,,,,
Debra,Diaz,Debra Diaz,6518353223,,debra.diaz227@yahoo.com,,,owner,,,,'Weekly Client',,237636112,homeowner,true,false,Yard Sign,2024-07-10T00:00:00Z,false,2024-11-01T00:00:00Z,$448.72,24405 Park Ave,,Arlington,VA,22201,,,,,,,,,
Steven,Gray,Steven Gray,7498644951,,steven.gray46@icloud.com,,,,,,,,1 dog - Husky. Gate code: 9020,255272067,renter,true,false,Google,2023-11-09T00:00:00Z,false,2024-01-06T00:00:00Z,$425.81,35559 Forest Dr,Unit B,Woodbridge,VA,22191,,,,,,,,,
Jason,Sullivan,Jason Sullivan,5574658411,,jason.sullivan570@yahoo.com,,,,,,,'Back Yard Only',,221066031,homeowner,true,false,Google,2023-04-25T00:00:00Z,false,2024-05-13T00:00:00Z,$216.98,6490 Cypress Ave,Apt 2,Leesburg,VA,20175,,,,,,,,,
Thomas,Nguyen,Thomas Nguyen,6711628364,,thomas.nguyen232@outlook.com,,,,,,,'Multiple Dogs',Large friendly dogs,220660064,homeowner,true,false,Nextdoor,2022-05-10T00:00:00Z,false,2022-08-06T00:00:00Z,"$2,273.90",2163 Lake Dr,Unit B,Herndon,VA,20170,,,,,,,,,
Jonathan,Thompson,Jonathan Thompson,9009637887,,jonathan.thompson112@gmail.com,,,owner,,,,'Bi-Weekly Client',,235720719,condo,true,false,,2024-12-01T00:00:00Z,false,2025-12-08T00:00:00Z,"$2,663.99",13979 Elm St,,Fairfax,VA,22030,,,,,,,,,
Christopher,Gray,Christopher Gray,7457764532,,christopher.gray977@icloud.com,,,,,,,'Gate Code Required',2 small dogs. Gate code: 5263,298437213,homeowner,false,false,,2022-02-11T00:00:00Z,false,2022-05-29T00:00:00Z,"$1,947.92",11381 Juniper Rd,Suite 100,Martinsburg,WV,25401,,,,,,,,,
Justin,Anderson,Justin Anderson,9112291881,,justin.anderson236@outlook.com,,,,,,,'Front and Back',,269518667,homeowner,true,false,,2023-01-04T00:00:00Z,true,,"$4,203.84",36804 Cherry St,,Sterling,VA,20164,,,,,,,,,
Nicole,Cox,Nicole Cox,2753479831,,nicole.cox566@gmail.com,,,,,,,'Gate Code Required',,223932371,homeowner,true,false,Yard Sign,2022-04-01T00:00:00Z,false,2022-11-12T00:00:00Z,"$2,354.44",34511 Spruce St,,Centreville,VA,20120,,,,,,,,,
Eric,Jackson,Eric Jackson,8395522170,,eric.jackson433@outlook.com,,,,,,,'Small Yard',,201547478,condo,true,false,Yard Sign,2022-02-25T00:00:00Z,false,2023-02-07T00:00:00Z,"$3,316.24",21192 Poplar St,,Bluemont,VA,20135,,,,,,,,,
Lisa,Butler,Lisa Butler,8526992328,,lisa.butler85@yahoo.com,,,,,,,'Back Yard Only',,296532800,condo,true,false,,2022-11-03T00:00:00Z,false,2023-05-09T00:00:00Z,"$1,501.65",6539 Hickory Ln,Suite 100,Gaithersburg,MD,20877,,,,,,,,,
Dorothy,Lee,Dorothy Lee,2876583423,,dorothy.lee615@outlook.com,,,,,,,,,223585405,homeowner,false,false,,2023-08-15T00:00:00Z,false,2024-05-04T00:00:00Z,"$2,983.94",31346 School St,,Germantown,MD,20874,,,,,,,,,
Jennifer,Bell,Jennifer Bell,6455781430,,jennifer.bell46@outlook.com,,,,,,,'Multiple Dogs',,248515244,homeowner,true,false,,2024-11-22T00:00:00Z,false,2025-04-18T00:00:00Z,"$2,544.17",283 Main St,,Hamilton,VA,20158,,,,,,,,,
Timothy,Martin,Timothy Martin,4756234733,,timothy.martin330@hotmail.com,,,,,,,'Large Yard',,274161109,homeowner,true,false,Referral,2022-03-22T00:00:00Z,false,2023-02-12T00:00:00Z,"$2,254.89",24099 Union St,Suite 100,Hamilton,VA,20158,,,,,,,,,
Nicole,Reyes,Nicole Reyes,7715716817,,nicole.reyes806@gmail.com,,,owner,,,,'Gate Code Required',,252569938,renter,true,false,Google,2023-06-02T00:00:00Z,false,2024-03-05T00:00:00Z,$596.47,12208 Hill Rd,,Silver Spring,MD,20901,,,,,,,,,
Benjamin,Gutierrez,Benjamin Gutierrez,4649773907,,benjamin.gutierrez561@icloud.com,,,,,,,'Front and Back',,253647995,homeowner,false,false,,2023-07-03T00:00:00Z,true,,$743.33,16419 Sycamore Ln,,Rockville,MD,20850,,,,,,,,,
Gregory,Nguyen,Gregory Nguyen,9432749547,,gregory.nguyen586@hotmail.com,,,,,,,,Call before arriving,296938683,homeowner,true,false,Nextdoor,2024-12-18T00:00:00Z,false,2025-08-02T00:00:00Z,"$1,026.60",19602 Forest Dr,,Ranson,WV,25438,,,,,,,,,
Cynthia,Garcia,Cynthia Garcia,5993987387,,cynthia.garcia161@hotmail.com,,,,,,,'Large Yard',Call before arriving,272943202,condo,true,false,,2023-01-18T00:00:00Z,false,2023-06-24T00:00:00Z,$920.03,19145 Cedar Ln,,Burke,VA,22015,,,,,,,,,
Edward,Flores,Edward Flores,6219115584,,edward.flores884@hotmail.com,,,,,,,'Large Yard',Call before arriving,232405983,homeowner,true,false,Google,2025-02-12T00:00:00Z,false,2026-02-11T00:00:00Z,"$2,404.66",37829 Sycamore Ln,Apt 2,Bethesda,MD,20814,,,,,,,,,
Patrick,Moore,Patrick Moore,6767242008,,patrick.moore690@hotmail.com,,,manager,,,,'VIP',4 dogs. Gate code: 4541,247655811,homeowner,true,false,Yard Sign,2023-02-02T00:00:00Z,false,2023-11-05T00:00:00Z,"$1,237.04",19085 Cypress Ave,,Purcellville,VA,20132,,,,,,,,,
Janet,Lewis,Janet Lewis,3449252674,,janet.lewis93@gmail.com,,,,,,,'Auto Pay',1 dog. Gate code: 4254,279633754,homeowner,true,false,Facebook,2022-07-07T00:00:00Z,false,2023-06-02T00:00:00Z,"$3,258.16",34585 Poplar St,Unit B,Frederick,MD,21701,,,,,,,,,
Samuel,Adams,Samuel Adams,4311407662,,samuel.adams876@gmail.com,,,manager,,,,'Long Term',Large friendly dogs,212791995,renter,true,false,,2024-08-03T00:00:00Z,false,2025-04-23T00:00:00Z,"$4,120.22",5596 Juniper Rd,Suite 100,Lovettsville,VA,20180,,,,,,,,,
Nancy,Clark,Nancy Clark,2279301481,,nancy.clark601@gmail.com,,,,,,,'Small Yard',,232800911,condo,true,false,Referral,2024-02-12T00:00:00Z,false,2024-08-07T00:00:00Z,"$2,266.91",27298 Lake Dr,Apt 2,Centreville,VA,20120,,,,,,,,,
Scott,Thomas,Scott Thomas,9425251050,,scott.thomas904@outlook.com,,,,,,,'Monthly Client',Gate around back,281026089,condo,true,false,Other,2022-05-26T00:00:00Z,false,2022-08-04T00:00:00Z,"$4,180.04",25774 Grove St,Apt 2,Arlington,VA,22201,,,,,,,,,
Anna,Nguyen,Anna Nguyen,4313367504,,anna.nguyen543@icloud.com,,,,,,,'VIP',3 dogs. Gate code: 3583,281412223,homeowner,true,false,,2024-11-01T00:00:00Z,false,2025-01-22T00:00:00Z,$352.81,1828 Mulberry Ln,,Centreville,VA,20120,,,,,,,,,
Rebecca,Martinez,Rebecca Martinez,2943611597,,rebecca.martinez713@hotmail.com,,,,,,,'Small Yard',Call before arriving,231896662,condo,true,false,Google,2024-10-05T00:00:00Z,false,2025-05-02T00:00:00Z,"$2,057.61",34157 Spruce St,,Herndon,VA,20170,,,,,,,,,
Maria,Taylor,Maria Taylor,6368991294,,maria.taylor962@gmail.com,,,manager,,,,'New Client',,251846177,homeowner,true,false,Other,2022-11-12T00:00:00Z,false,2023-11-04T00:00:00Z,"$2,187.02",3729 Sycamore Ln,,McLean,VA,22101,,,,,,,,,
Daniel,Ramirez,Daniel Ramirez,4604486829,,daniel.ramirez54@icloud.com,,,,,,,'Bi-Weekly Client',Large friendly dogs,275345921,renter,true,false,,2022-10-20T00:00:00Z,false,2023-09-10T00:00:00Z,"$1,012.12",36163 Sunset Blvd,,Bethesda,MD,20814,,,,,,,,,
Maria,Garcia,Maria Garcia,3183475980,,maria.garcia918@outlook.com,,,,,,,'Multiple Dogs',No gate,289537557,homeowner,true,false,Nextdoor,2025-01-31T00:00:00Z,false,2026-02-19T00:00:00Z,"$4,289.88",34690 Hickory Ln,Suite 100,Round Hill,VA,20141,,,,,,,,,
Sandra,Myers,Sandra Myers,5837293033,,sandra.myers55@gmail.com,,,,,,,'Auto Pay',Gate around back,238354650,condo,true,false,Google,2025-03-21T00:00:00Z,true,,"$4,487.82",29691 Maple Ave,Apt 2,Burke,VA,22015,,,,,,,,,
Lisa,Phillips,Lisa Phillips,9747127893,,lisa.phillips786@outlook.com,,,owner,,,,'Large Yard',,270090164,homeowner,false,false,,2023-08-29T00:00:00Z,true,,"$2,569.27",19525 Aspen Ct,Unit B,Clifton,VA,20124,,,,,,,,,
Ashley,Jackson,Ashley Jackson,5386782686,,ashley.jackson302@gmail.com,,,,,,,'Monthly Client',,229934299,homeowner,true,false,Nextdoor,2023-08-26T00:00:00Z,false,2023-11-13T00:00:00Z,"$3,726.09",20389 Chestnut St,Apt 2,Bethesda,MD,20814,,,,,,,,,
Helen,Sullivan,Helen Sullivan,2236718749,,helen.sullivan159@icloud.com,,,manager,,,,'Monthly Client',Gate around back,275384682,homeowner,true,false,,2023-04-13T00:00:00Z,false,2024-01-11T00:00:00Z,"$2,912.31",30061 Birch St,,Sterling,VA,20164,,,,,,,,,
Eric,Moore,Eric Moore,8736741286,,eric.moore857@hotmail.com,,,owner,,,,'Monthly Client',Call before arriving,204018464,homeowner,true,false,Facebook,2025-01-29T00:00:00Z,false,2025-04-21T00:00:00Z,"$1,949.91",22689 Birch St,Unit B,Round Hill,VA,20141,,,,,,,,,
Raymond,Wright,Raymond Wright,2959027265,,raymond.wright587@icloud.com,,,,,,,'Weekly Client',Large friendly dogs,213187264,renter,true,false,Nextdoor,2022-10-26T00:00:00Z,false,2023-11-29T00:00:00Z,$913.38,26768 Cypress Ave,,Chantilly,VA,20151,,,,,,,,,
Steven,Harris,Steven Harris,9953737531,,steven.harris555@yahoo.com,,,manager,,,,'Gate Code Required',,222044652,homeowner,false,false,,2024-09-06T00:00:00Z,true,,"$1,073.93",38609 Union St,Suite 100,Springfield,VA,22150,,,,,,,,,
Ronald,Roberts,Ronald Roberts,2641562913,,ronald.roberts854@icloud.com,,,manager,,,,'Small Yard',,206431196,renter,true,false,Nextdoor,2022-05-16T00:00:00Z,false,2022-12-01T00:00:00Z,"$2,533.50",13342 Elm St,,Bethesda,MD,20814,,,,,,,,,
Emily,Hughes,Emily Hughes,8211746265,,emily.hughes56@icloud.com,,,manager,,,,'Small Yard',Large friendly dogs,284151519,homeowner,true,false,Nextdoor,2022-10-22T00:00:00Z,false,2022-11-23T00:00:00Z,"$3,503.89",11712 Cypress Ave,Apt 2,Ranson,WV,25438,,,,,,,,,
John,Bailey,John Bailey,6515535612,,john.bailey401@yahoo.com,,,manager,,,,'Large Yard',,280035643,homeowner,false,false,,2022-10-08T00:00:00Z,false,2023-04-09T00:00:00Z,$93.42,29527 Hill Rd,Unit B,Hamilton,VA,20158,,,,,,,,,
Deborah,Miller,Deborah Miller,3646782094,,deborah.miller788@hotmail.com,,,,,,,'Gate Code Required',2 dogs. Gate code: 4199,227201429,homeowner,true,false,,2024-07-18T00:00:00Z,false,2024-11-20T00:00:00Z,$428.10,26136 Sycamore Ln,Unit B,Leesburg,VA,20175,,,,,,,,,
Betty,Hall,Betty Hall,6102118654,,betty.hall558@gmail.com,,,,,,,'Back Yard Only',,200062336,homeowner,true,false,Referral,2024-02-17T00:00:00Z,false,2024-04-21T00:00:00Z,"$1,050.58",797 Spring St,Suite 100,Frederick,MD,21701,,,,,,,,,
Cynthia,Bailey,Cynthia Bailey,7596876651,,cynthia.bailey386@gmail.com,,,,,,,'Gate Code Required',,297440277,homeowner,false,false,,2022-12-12T00:00:00Z,false,2023-10-11T00:00:00Z,"$1,550.51",14403 Hickory Ln,,McLean,VA,22101,,,,,,,,,
Angela,Garcia,Angela Garcia,2965415512,,angela.garcia292@gmail.com,,,,,,,'Small Yard',No gate,271696670,condo,false,false,Yard Sign,2022-08-10T00:00:00Z,true,,"$4,344.21",29705 Spring St,Unit B,Springfield,VA,22150,,,,,,,,,
Lisa,White,Lisa White,2761143645,,lisa.white655@gmail.com,,,manager,,,,'Bi-Weekly Client',Gate around back,269715974,homeowner,false,false,Referral,2024-05-09T00:00:00Z,true,,"$2,748.09",38700 Spruce St,Suite 100,Rockville,MD,20850,,,,,,,,,
Jeffrey,Robinson,Jeffrey Robinson,9765364795,,jeffrey.robinson896@outlook.com,,,,,,,'Back Yard Only',,245428845,condo,false,false,,2023-04-14T00:00:00Z,true,,"$3,601.30",7635 Magnolia Ave,,Springfield,VA,22150,,,,,,,,,
Anna,Jenkins,Anna Jenkins,8515387599,,anna.jenkins698@gmail.com,,,,,,,'VIP',,202075251,renter,true,false,,2024-01-18T00:00:00Z,false,2025-02-19T00:00:00Z,$10.81,31447 Pine Rd,,Frederick,MD,21701,,,,,,,,,
Nancy,Lewis,Nancy Lewis,8444576372,,nancy.lewis691@yahoo.com,,,manager,,,,'Auto Pay',Gate around back,254349413,renter,true,false,Other,2025-03-12T00:00:00Z,false,2025-06-03T00:00:00Z,"$3,515.95",25879 Grove St,,Bluemont,VA,20135,,,,,,,,,
Pamela,Moore,Pamela Moore,5356817519,,pamela.moore993@icloud.com,,,,,,,'VIP',Gate around back,273380336,homeowner,true,false,Yard Sign,2022-02-03T00:00:00Z,false,2022-05-02T00:00:00Z,$609.00,36638 Mulberry Ln,Apt 2,Purcellville,VA,20132,,,,,,,,,
Nicole,Powell,Nicole Powell,9473359884,,nicole.powell444@outlook.com,,,owner,,,,'Gate Code Required',,286875210,condo,false,false,Referral,2022-06-22T00:00:00Z,false,2022-11-21T00:00:00Z,"$1,664.54",33350 School St,Unit B,Manassas,VA,20110,,,,,,,,,
Frank,Long,Frank Long,6511936848,,frank.long946@yahoo.com,,,owner,,,,'Long Term',,203518905,homeowner,true,false,,2024-07-14T00:00:00Z,false,2024-12-08T00:00:00Z,"$1,826.15",35749 Willow Dr,,Springfield,VA,22150,,,,,,,,,
Amy,Reyes,Amy Reyes,7446047299,,amy.reyes555@yahoo.com,,,,,,,'Small Yard',Call before arriving,269272032,condo,true,false,Referral,2025-03-27T00:00:00Z,true,,"$2,370.75",33248 Dogwood Dr,Unit B,Martinsburg,WV,25401,,,,,,,,,
James,Phillips,James Phillips,8582904890,,james.phillips378@gmail.com,,,,,,,'New Client',No gate,276395856,homeowner,true,false,,2022-03-20T00:00:00Z,false,2022-04-11T00:00:00Z,"$3,230.45",2059 Grove St,Suite 100,Woodbridge,VA,22191,,,,,,,,,
Melissa,Wright,Melissa Wright,4572869578,,melissa.wright403@icloud.com,,,,,,,'Gate Code Required',,291741251,homeowner,false,false,,2024-12-26T00:00:00Z,false,2026-01-15T00:00:00Z,"$2,765.06",12952 Hill Rd,,Charles Town,WV,25414,,,,,,,,,
Matthew,Cox,Matthew Cox,7862056573,,matthew.cox415@yahoo.com,,,,,,,'Large Yard',,246083747,homeowner,true,false,,2024-03-07T00:00:00Z,false,2024-06-07T00:00:00Z,"$4,649.41",5317 Ridge Rd,,Manassas,VA,20110,,,,,,,,,
Carol,Howard,Carol Howard,8229007062,,carol.howard105@yahoo.com,,,,,,,'Multiple Dogs',No gate,269650275,renter,true,false,,2023-06-23T00:00:00Z,true,,"$4,557.97",7060 Aspen Ct,Unit B,Bethesda,MD,20814,,,,,,,,,
Michelle,Reed,Michelle Reed,9917965707,,michelle.reed845@hotmail.com,,,,,,,'Bi-Weekly Client',,215193029,homeowner,true,false,,2024-09-12T00:00:00Z,true,,"$2,324.40",598 Valley Rd,,Alexandria,VA,22301,,,,,,,,,
Donald,Wright,Donald Wright,2381886967,,donald.wright216@icloud.com,,,,,,,'Bi-Weekly Client',2 small dogs. Gate code: 6370,214391123,renter,false,false,,2023-03-20T00:00:00Z,false,2024-04-03T00:00:00Z,$832.85,5880 Ridge Rd,,Haymarket,VA,20169,,,,,,,,,
Janet,Howard,Janet Howard,2993437983,,janet.howard459@hotmail.com,,,owner,,,,'Front and Back',Gate around back,211695334,homeowner,true,false,Referral,2022-03-14T00:00:00Z,true,,$851.16,1152 Juniper Rd,,Purcellville,VA,20132,,,,,,,,,
Shirley,Peterson,Shirley Peterson,7741613156,,shirley.peterson776@icloud.com,,,,,,,'Small Yard',Call before arriving,253981512,renter,false,false,Nextdoor,2022-11-30T00:00:00Z,false,2023-02-15T00:00:00Z,"$4,488.84",17904 Grove St,,Round Hill,VA,20141,,,,,,,,,
Linda,Adams,Linda Adams,9916979297,,linda.adams426@icloud.com,,,owner,,,,'Monthly Client',Call before arriving,299428744,condo,false,false,Referral,2023-07-27T00:00:00Z,false,2024-05-06T00:00:00Z,"$3,034.43",29080 High St,,Germantown,MD,20874,,,,,,,,,
George,Ortiz,George Ortiz,8283943912,,george.ortiz515@yahoo.com,,,manager,,,,'Multiple Dogs',,205288472,homeowner,true,false,,2022-03-29T00:00:00Z,true,,"$3,847.78",7876 Washington Blvd,Suite 100,Haymarket,VA,20169,,,,,,,,,
Samuel,Robinson,Samuel Robinson,2743423148,,samuel.robinson659@gmail.com,,,manager,,,,'Multiple Dogs',,270033053,renter,true,false,Google,2023-02-22T00:00:00Z,false,2024-01-19T00:00:00Z,"$3,038.42",20899 Elm St,,Warrenton,VA,20186,,,,,,,,,
Andrew,Hill,Andrew Hill,4919719516,,andrew.hill538@outlook.com,,,,,,,'Monthly Client',Large friendly dogs,260264344,condo,true,false,,2024-06-22T00:00:00Z,false,2025-07-02T00:00:00Z,"$4,557.40",25385 Mulberry Ln,Apt 2,Clifton,VA,20124,,,,,,,,,
Thomas,Campbell,Thomas Campbell,7278563747,,thomas.campbell942@hotmail.com,,,,,,,'Large Yard',,298924663,homeowner,true,false,Nextdoor,2022-10-01T00:00:00Z,false,2023-01-13T00:00:00Z,"$4,014.43",13806 Elm St,Apt 2,Gainesville,VA,20155,,,,,,,,,
Benjamin,Flores,Benjamin Flores,8391941966,,benjamin.flores387@gmail.com,,,,,,,'Long Term',No gate,246306069,homeowner,true,false,Yard Sign,2022-02-19T00:00:00Z,false,2022-11-25T00:00:00Z,$792.28,34151 Church St,,Bluemont,VA,20135,,,,,,,,,
Daniel,White,Daniel White,5585918606,,daniel.white329@hotmail.com,,,manager,,,,'Monthly Client',,243679044,condo,false,false,,2022-10-19T00:00:00Z,false,2023-09-07T00:00:00Z,$433.12,36933 Cypress Ave,,Burke,VA,22015,,,,,,,,,
Raymond,Diaz,Raymond Diaz,4468472675,,raymond.diaz402@gmail.com,,,manager,,,,'Monthly Client',2 dogs. Gate code: 8490,226618219,renter,true,false,,2024-06-26T00:00:00Z,false,2025-07-05T00:00:00Z,"$3,495.86",28905 Lake Dr,Unit B,Vienna,VA,22180,,,,,,,,,
Michelle,White,Michelle White,3762584507,,michelle.white759@icloud.com,,,,,,,'Back Yard Only',Gate around back,231711899,homeowner,true,false,Other,2025-02-06T00:00:00Z,false,2025-11-21T00:00:00Z,$690.59,6706 Walnut Ave,Suite 100,Fairfax,VA,22030,,,,,,,,,
Pamela,Cox,Pamela Cox,4084276047,,pamela.cox274@icloud.com,,,owner,,,,'VIP',Gate around back,233169938,homeowner,false,false,,2022-02-10T00:00:00Z,true,,"$1,596.60",32153 Linden Ln,,Sterling,VA,20164,,,,,,,,,
Carolyn,Jenkins,Carolyn Jenkins,3192848320,,carolyn.jenkins619@outlook.com,,,,,,,'Long Term',,244440795,homeowner,false,false,Referral,2023-05-20T00:00:00Z,false,2024-05-02T00:00:00Z,"$4,325.15",276 Sunset Blvd,Apt 2,Shepherdstown,WV,25443,,,,,,,,,
Margaret,Reed,Margaret Reed,9249376355,,margaret.reed142@outlook.com,,,owner,,,,'Large Yard',,248896494,homeowner,true,false,Google,2024-03-24T00:00:00Z,false,2025-04-08T00:00:00Z,"$3,794.81",16027 Hill Rd,,Silver Spring,MD,20901,,,,,,,,,
Robert,Garcia,Robert Garcia,4718799010,,robert.garcia622@icloud.com,,,owner,,,,'Long Term',Call before arriving,289569919,condo,false,false,,2024-11-19T00:00:00Z,false,2025-05-27T00:00:00Z,$886.35,33094 Magnolia Ave,Suite 100,Silver Spring,MD,20901,,,,,,,,,
Jennifer,Sanchez,Jennifer Sanchez,2173845949,,jennifer.sanchez242@icloud.com,,,manager,,,,'Long Term',,228192623,homeowner,true,false,Facebook,2025-03-14T00:00:00Z,true,,$109.63,37630 Chestnut St,,Bluemont,VA,20135,,,,,,,,,
Maria,Hall,Maria Hall,8791242515,,maria.hall311@yahoo.com,,,owner,,,,'VIP',,277383120,condo,false,false,,2024-05-01T00:00:00Z,false,2025-01-03T00:00:00Z,$396.71,18265 Linden Ln,Suite 100,Gaithersburg,MD,20877,,,,,,,,,
Nicole,Anderson,Nicole Anderson,3485071793,,nicole.anderson649@yahoo.com,,,manager,,,,'Small Yard',Large friendly dogs,262619658,condo,true,false,Facebook,2022-10-13T00:00:00Z,false,2022-11-16T00:00:00Z,$552.80,7673 Spring St,,Reston,VA,20190,,,,,,,,,
Joseph,Carter,Joseph Carter,6122073121,,joseph.carter936@yahoo.com,,,,,,,'Long Term',No gate,233376439,homeowner,true,false,Google,2023-02-10T00:00:00Z,true,,"$3,584.51",8027 Juniper Rd,Unit B,Purcellville,VA,20132,,,,,,,,,
Matthew,Morris,Matthew Morris,5894454414,,matthew.morris550@gmail.com,,,,,,,'Large Yard',,237855437,homeowner,false,false,Yard Sign,2022-12-27T00:00:00Z,true,,$432.48,29941 Linden Ln,Unit B,Vienna,VA,22180,,,,,,,,,
Sarah,Baker,Sarah Baker,2086906351,,sarah.baker138@yahoo.com,,,manager,,,,'VIP',Call before arriving,296848050,condo,true,false,,2024-02-19T00:00:00Z,false,2024-03-30T00:00:00Z,"$3,890.23",24713 Hill Rd,,Gainesville,VA,20155,,,,,,,,,
Carolyn,Sanders,Carolyn Sanders,7827106656,,carolyn.sanders132@outlook.com,,,,,,,'Bi-Weekly Client',3 dogs. Gate code: 5513,256889810,homeowner,true,false,,2024-01-06T00:00:00Z,false,2024-10-20T00:00:00Z,"$1,567.87",1219 Park Ave,,Rockville,MD,20850,,,,,,,,,
Margaret,Brown,Margaret Brown,4651763558,,margaret.brown27@yahoo.com,,,owner,,,,'Needs Reminder',3 dogs. Gate code: 8853,274830195,renter,true,false,Other,2024-10-10T00:00:00Z,false,2025-03-08T00:00:00Z,$289.48,3626 Walnut Ave,,Gaithersburg,MD,20877,,,,,,,,,
Patrick,Jenkins,Patrick Jenkins,2875417982,,patrick.jenkins883@outlook.com,,,,,,,'Small Yard',,245954851,homeowner,true,false,Referral,2023-10-17T00:00:00Z,false,2024-03-05T00:00:00Z,"$4,573.99",27123 Mill Rd,,Leesburg,VA,20175,,,,,,,,,
Rachel,Russell,Rachel Russell,4921335091,,rachel.russell61@gmail.com,,,owner,,,,,Call before arriving,256799483,homeowner,true,false,,2023-09-24T00:00:00Z,false,2024-08-14T00:00:00Z,$311.44,23901 Willow Dr,,Leesburg,VA,20175,,,,,,,,,
Andrew,Stewart,Andrew Stewart,3763525116,,andrew.stewart492@gmail.com,,,,,,,'Bi-Weekly Client',,269012477,condo,false,false,Google,2022-09-09T00:00:00Z,true,,$994.65,16556 Poplar St,,Herndon,VA,20170,,,,,,,,,
Sandra,Gonzalez,Sandra Gonzalez,6605085524,,sandra.gonzalez782@gmail.com,,,,,,,'Auto Pay',,297544487,renter,true,false,Google,2024-01-21T00:00:00Z,false,2024-09-13T00:00:00Z,$515.53,10708 Walnut Ave,Apt 2,Rockville,MD,20850,,,,,,,,,
Alexander,Davis,Alexander Davis,6741864202,,alexander.davis521@gmail.com,,,,,,,'Long Term',Call before arriving,210698169,renter,false,false,Google,2022-04-08T00:00:00Z,false,2022-09-09T00:00:00Z,"$1,733.38",29785 Park Ave,,Ranson,WV,25438,,,,,,,,,
Betty,Phillips,Betty Phillips,3792164220,,betty.phillips26@gmail.com,,,,,,,'Back Yard Only',Large friendly dogs,294409791,homeowner,true,false,,2024-05-29T00:00:00Z,true,,"$1,218.05",12009 Creek Rd,Apt 2,Martinsburg,WV,25401,,,,,,,,,
James,Nelson,James Nelson,4037874282,,james.nelson622@icloud.com,,,,,,,,,210594263,homeowner,true,false,,2023-12-25T00:00:00Z,false,2024-10-26T00:00:00Z,$307.56,28901 Main St,Suite 100,Fairfax,VA,22030,,,,,,,,,
John,Jones,John Jones,2583727602,,john.jones425@icloud.com,,,,,,,'Weekly Client',,206788404,homeowner,true,false,,2024-07-04T00:00:00Z,false,2025-05-08T00:00:00Z,"$2,331.14",20455 Summit Ave,Unit B,Ashburn,VA,20147,,,,,,,,,
John,Butler,John Butler,8703684865,,john.butler557@outlook.com,,,,,,,'Needs Reminder',1 dog. Gate code: 6161,289618476,homeowner,true,false,Yard Sign,2022-05-15T00:00:00Z,true,,"$3,765.40",36991 Cypress Ave,Unit B,Lovettsville,VA,20180,,,,,,,,,
Kenneth,Myers,Kenneth Myers,8129419141,,kenneth.myers952@icloud.com,,,,,,,'VIP',,255643484,homeowner,false,false,Facebook,2024-02-22T00:00:00Z,false,2025-01-02T00:00:00Z,"$2,671.40",32397 Cypress Ave,,Silver Spring,MD,20901,,,,,,,,,
Richard,Martin,Richard Martin,4215965696,,richard.martin976@gmail.com,,,manager,,,,'VIP',Call before arriving,258638880,renter,true,false,Nextdoor,2023-01-10T00:00:00Z,true,,"$3,537.45",31550 Chestnut St,,Rockville,MD,20850,,,,,,,,,
Larry,Anderson,Larry Anderson,8255561240,,larry.anderson69@hotmail.com,,,,,,,'Long Term',No gate,272551437,homeowner,true,false,Nextdoor,2022-12-18T00:00:00Z,false,2023-02-17T00:00:00Z,$427.31,28332 Hill Rd,,Fairfax,VA,22030,,,,,,,,,
Benjamin,Foster,Benjamin Foster,8423652557,,benjamin.foster871@outlook.com,,,manager,,,,'Needs Reminder',No gate,219677109,homeowner,true,false,,2022-08-18T00:00:00Z,true,,"$4,684.85",15514 Grove St,Unit B,Bluemont,VA,20135,,,,,,,,,
Patricia,Martinez,Patricia Martinez,7595085260,,patricia.martinez312@outlook.com,,,,,,,'Auto Pay',No gate,268027985,renter,true,false,Other,2024-02-05T00:00:00Z,false,2024-09-23T00:00:00Z,"$4,476.03",10632 Lake Dr,,Herndon,VA,20170,,,,,,,,,
Dorothy,Cox,Dorothy Cox,2475288771,,dorothy.cox328@icloud.com,,,manager,,,,'Bi-Weekly Client',,286966644,homeowner,true,false,,2022-06-22T00:00:00Z,false,2022-09-17T00:00:00Z,"$2,452.31",11885 Valley Rd,,Bluemont,VA,20135,,,,,,,,,
Scott,Sanders,Scott Sanders,6336739268,,scott.sanders155@icloud.com,,,,,,,'Gate Code Required',1 dog. Gate code: 6810,295748511,homeowner,false,false,Google,2022-08-30T00:00:00Z,false,2023-01-16T00:00:00Z,"$4,342.66",38018 Cherry St,Unit B,Charles Town,WV,25414,,,,,,,,,
Amanda,Stewart,Amanda Stewart,2456065065,,amanda.stewart182@icloud.com,,,,,,,'Front and Back',,261772299,homeowner,true,false,Other,2025-04-04T00:00:00Z,false,2026-03-14T00:00:00Z,"$3,216.14",36355 Aspen Ct,,Gainesville,VA,20155,,,,,,,,,
Nicole,Collins,Nicole Collins,9187555637,,nicole.collins856@outlook.com,,,,,,,,,235654227,homeowner,true,false,Yard Sign,2024-07-16T00:00:00Z,false,2025-04-10T00:00:00Z,"$1,499.49",25248 Spruce St,,Clifton,VA,20124,,,,,,,,,
Brenda,Baker,Brenda Baker,3044953332,,brenda.baker164@hotmail.com,,,,,,,'Monthly Client',1 dog. Gate code: 9233,235690939,renter,true,false,,2024-12-30T00:00:00Z,false,2025-07-29T00:00:00Z,"$2,556.98",26748 High St,Apt 2,Springfield,VA,22150,,,,,,,,,
Sarah,King,Sarah King,6045913479,,sarah.king771@outlook.com,,,owner,,,,'Weekly Client',,240251854,homeowner,true,false,,2022-06-01T00:00:00Z,false,2022-09-25T00:00:00Z,"$4,793.81",39548 Chestnut St,,Shepherdstown,WV,25443,,,,,,,,,
Raymond,Gray,Raymond Gray,8559343674,,raymond.gray841@yahoo.com,,,owner,,,,'Front and Back',Call before arriving,225042392,homeowner,true,false,,2023-05-25T00:00:00Z,false,2023-06-23T00:00:00Z,"$4,408.08",7175 Mill Rd,,Ranson,WV,25438,,,,,,,,,
Joshua,Sullivan,Joshua Sullivan,2222696903,,joshua.sullivan929@hotmail.com,,,,,,,'Needs Reminder',Call before arriving,287279876,homeowner,false,false,Facebook,2022-03-06T00:00:00Z,false,2022-06-19T00:00:00Z,"$3,345.67",32579 River Rd,,Haymarket,VA,20169,,,,,,,,,
William,Peterson,William Peterson,9738588933,,william.peterson919@gmail.com,,,,,,,'Needs Reminder',,273377419,homeowner,true,false,,2025-01-13T00:00:00Z,false,2026-01-28T00:00:00Z,$13.69,8408 Main St,Apt 2,Silver Spring,MD,20901,,,,,,,,,
Paul,Hernandez,Paul Hernandez,6533777778,,paul.hernandez530@gmail.com,,,manager,,,,'Back Yard Only',Large friendly dogs,282740956,homeowner,false,false,,2025-01-07T00:00:00Z,true,,"$3,862.88",21494 Juniper Rd,,Alexandria,VA,22301,,,,,,,,,
Stephen,Murphy,Stephen Murphy,5196187244,,stephen.murphy581@hotmail.com,,,,,,,'Multiple Dogs',,216658677,homeowner,false,false,Yard Sign,2022-10-04T00:00:00Z,false,2023-10-15T00:00:00Z,"$2,875.72",21551 Summit Ave,Apt 2,Bluemont,VA,20135,,,,,,,,,
Ashley,Sullivan,Ashley Sullivan,5908111728,,ashley.sullivan360@gmail.com,,,manager,,,,'VIP',Large friendly dogs,227802066,condo,true,false,Google,2024-05-12T00:00:00Z,false,2024-10-26T00:00:00Z,"$1,193.05",31195 Washington Blvd,,Lovettsville,VA,20180,,,,,,,,,
Angela,Brooks,Angela Brooks,4664357101,,angela.brooks614@gmail.com,,,,,,,'Needs Reminder',,240092630,homeowner,false,false,Google,2024-12-22T00:00:00Z,false,2025-10-22T00:00:00Z,"$1,201.05",31918 Oak St,,Clifton,VA,20124,,,,,,,,,
Debra,Scott,Debra Scott,9589828125,,debra.scott442@icloud.com,,,,,,,'Gate Code Required',Gate around back,242244708,homeowner,true,false,,2024-05-17T00:00:00Z,true,,"$2,352.14",3376 Ridge Rd,Suite 100,Ranson,WV,25438,,,,,,,,,
Laura,Flores,Laura Flores,9864264616,,laura.flores197@outlook.com,,,,,,,'Gate Code Required',Large friendly dogs,217556501,homeowner,true,false,Other,2023-01-13T00:00:00Z,false,2023-08-22T00:00:00Z,"$1,615.24",27962 Hill Rd,,Leesburg,VA,20175,,,,,,,,,
Benjamin,Nelson,Benjamin Nelson,8187226685,,benjamin.nelson235@gmail.com,,,manager,,,,'Bi-Weekly Client',Gate around back,224299307,homeowner,false,false,Referral,2024-07-14T00:00:00Z,false,2025-02-25T00:00:00Z,"$4,628.80",27985 Forest Dr,Suite 100,Round Hill,VA,20141,,,,,,,,,
Stephanie,Moore,Stephanie Moore,9824232103,,stephanie.moore400@gmail.com,,,,,,,'Bi-Weekly Client',Gate around back,271592930,homeowner,true,false,Facebook,2024-11-24T00:00:00Z,false,2025-10-24T00:00:00Z,"$1,863.58",5281 Sunset Blvd,,Ashburn,VA,20147,,,,,,,,,
Jacob,Bennett,Jacob Bennett,7285058883,,jacob.bennett729@icloud.com,,,,,,,'Needs Reminder',,236667896,homeowner,true,false,,2024-07-02T00:00:00Z,false,2024-09-16T00:00:00Z,"$4,772.24",12937 Washington Blvd,,Herndon,VA,20170,,,,,,,,,
Samantha,Stewart,Samantha Stewart,2772502817,,samantha.stewart942@yahoo.com,,,,,,,'Front and Back',Call before arriving,230598413,condo,true,false,Nextdoor,2024-05-30T00:00:00Z,false,2024-11-30T00:00:00Z,"$3,342.88",13462 Sycamore Ln,,Hamilton,VA,20158,,,,,,,,,
Stephen,Hall,Stephen Hall,8502727037,,stephen.hall272@outlook.com,,,,,,,'Front and Back',Call before arriving,233986317,homeowner,true,false,,2024-01-12T00:00:00Z,false,2025-02-07T00:00:00Z,"$4,703.75",20400 Hill Rd,,Vienna,VA,22180,,,,,,,,,
Steven,Flores,Steven Flores,8684765672,,steven.flores668@icloud.com,,,,,,,'Bi-Weekly Client',,295687204,renter,false,false,Facebook,2024-07-05T00:00:00Z,true,,"$3,694.80",9644 Valley Rd,Suite 100,Centreville,VA,20120,,,,,,,,,
Janet,Hernandez,Janet Hernandez,6615487523,,janet.hernandez783@yahoo.com,,,,,,,'Long Term',3 dogs. Gate code: 1503,274502763,homeowner,true,false,Referral,2025-01-08T00:00:00Z,false,2025-07-28T00:00:00Z,"$3,288.40",19332 Linden Ln,Unit B,Springfield,VA,22150,,,,,,,,,
Katherine,Cox,Katherine Cox,2629202102,,katherine.cox622@icloud.com,,,owner,,,,'Weekly Client',Call before arriving,296527592,homeowner,true,false,Nextdoor,2025-01-21T00:00:00Z,false,2025-10-12T00:00:00Z,"$3,982.77",2833 Main St,,Springfield,VA,22150,,,,,,,,,
Sandra,Flores,Sandra Flores,2121362701,,sandra.flores528@gmail.com,,,,,,,'Auto Pay',Call before arriving,223119000,condo,true,false,Yard Sign,2023-07-26T00:00:00Z,false,2023-12-10T00:00:00Z,"$1,221.09",28971 Cherry St,Apt 2,Charles Town,WV,25414,,,,,,,,,
Jason,Miller,Jason Miller,7443159766,,jason.miller901@hotmail.com,,,,,,,'Long Term',,286139190,homeowner,false,false,Nextdoor,2023-10-19T00:00:00Z,true,,"$3,089.52",31236 Hawthorn Dr,Apt 2,Lovettsville,VA,20180,,,,,,,,,
Angela,Foster,Angela Foster,4619959828,,angela.foster753@icloud.com,,,,,,,,Gate around back,242211754,homeowner,true,false,Referral,2024-09-12T00:00:00Z,false,2025-07-12T00:00:00Z,"$3,374.77",38525 Sycamore Ln,Apt 2,Martinsburg,WV,25401,,,,,,,,,
Debra,Moore,Debra Moore,4594854810,,debra.moore38@gmail.com,,,,,,,'Monthly Client',No gate,221841792,homeowner,true,false,Yard Sign,2024-12-03T00:00:00Z,true,,"$1,143.68",25091 Main St,,Germantown,MD,20874,,,,,,,,,
Amy,Brown,Amy Brown,6019363574,,amy.brown967@outlook.com,,,,,,,,,219556285,homeowner,true,false,,2022-09-06T00:00:00Z,false,2022-10-05T00:00:00Z,"$3,917.83",11398 Sycamore Ln,Suite 100,Arlington,VA,22201,,,,,,,,,
James,Williams,James Williams,2648089552,,james.williams396@icloud.com,,,,,,,'Auto Pay',Large friendly dogs,216334661,homeowner,true,false,Google,2022-01-23T00:00:00Z,false,2022-11-06T00:00:00Z,$401.33,24964 Lake Dr,,Martinsburg,WV,25401,,,,,,,,,
Elizabeth,Torres,Elizabeth Torres,2638414854,,elizabeth.torres920@outlook.com,,,manager,,,,'Needs Reminder',No gate,237092892,renter,true,false,Facebook,2024-05-12T00:00:00Z,false,2025-06-07T00:00:00Z,"$3,678.88",21027 Linden Ln,,Gainesville,VA,20155,,,,,,,,,
George,Flores,George Flores,6189876183,,george.flores853@gmail.com,,,owner,,,,'Long Term',,200470877,condo,false,false,Google,2024-01-28T00:00:00Z,false,2024-06-25T00:00:00Z,"$4,528.60",339 Valley Rd,Unit B,Purcellville,VA,20132,,,,,,,,,
Barbara,Nelson,Barbara Nelson,2208051754,,barbara.nelson447@icloud.com,,,,,,,'Weekly Client',Call before arriving,240143289,homeowner,true,false,Facebook,2022-06-27T00:00:00Z,false,2023-07-01T00:00:00Z,$433.42,27761 High St,,Clifton,VA,20124,,,,,,,,,
Anna,Adams,Anna Adams,3025085405,,anna.adams791@outlook.com,,,,,,,'Multiple Dogs',Large friendly dogs,256329894,homeowner,false,false,Google,2025-01-27T00:00:00Z,false,2025-05-17T00:00:00Z,"$1,412.17",2849 Sycamore Ln,Apt 2,Gaithersburg,MD,20877,,,,,,,,,
Deborah,James,Deborah James,6709031252,,deborah.james541@yahoo.com,,,,,,,,No gate,271019783,homeowner,false,false,,2024-09-20T00:00:00Z,false,2025-08-07T00:00:00Z,$348.71,28506 Aspen Ct,Apt 2,Germantown,MD,20874,,,,,,,,,
Brian,Rogers,Brian Rogers,2796838446,,brian.rogers919@icloud.com,,,,,,,'Bi-Weekly Client',Call before arriving,261008953,homeowner,true,false,Google,2024-12-05T00:00:00Z,false,2025-10-03T00:00:00Z,"$2,683.53",39074 Church St,,Leesburg,VA,20175,,,,,,,,,
David,Diaz,David Diaz,2058797038,,david.diaz957@yahoo.com,,,,,,,'Multiple Dogs',No gate,261326516,condo,false,false,,2023-08-19T00:00:00Z,false,2024-08-21T00:00:00Z,$433.02,30311 Grove St,,Lovettsville,VA,20180,,,,,,,,,
Deborah,James,Deborah James,3899022222,,deborah.james99@outlook.com,,,,,,,'New Client',Gate around back,223760048,homeowner,true,false,,2022-11-30T00:00:00Z,false,2023-02-17T00:00:00Z,"$2,895.16",18471 Washington Blvd,Apt 2,Reston,VA,20190,,,,,,,,,
Michael,Russell,Michael Russell,4708387003,,michael.russell273@yahoo.com,,,,,,,'Multiple Dogs',Call before arriving,258400503,renter,true,false,Yard Sign,2024-11-01T00:00:00Z,false,2025-01-11T00:00:00Z,$13.85,36377 Creek Rd,Unit B,Ashburn,VA,20147,,,,,,,,,
Amy,Smith,Amy Smith,9276881295,,amy.smith961@gmail.com,,,,,,,'New Client',No gate,223042106,homeowner,true,false,Other,2023-03-09T00:00:00Z,true,,"$1,336.54",26268 Mill Rd,Unit B,Lovettsville,VA,20180,,,,,,,,,
Brandon,Adams,Brandon Adams,9389065587,,brandon.adams6@gmail.com,,,,,,,'Monthly Client',No gate,232261979,homeowner,true,false,,2022-07-04T00:00:00Z,false,2022-09-18T00:00:00Z,"$4,769.69",31916 Sycamore Ln,Unit B,Bluemont,VA,20135,,,,,,,,,
Kathleen,Rodriguez,Kathleen Rodriguez,2609056757,,kathleen.rodriguez966@outlook.com,,,manager,,,,'Weekly Client',No gate,214657555,homeowner,true,false,Other,2022-06-26T00:00:00Z,false,2022-12-11T00:00:00Z,$892.46,6094 Lake Dr,Apt 2,Hamilton,VA,20158,,,,,,,,,
Sandra,Murphy,Sandra Murphy,2549403230,,sandra.murphy205@gmail.com,,,,,,,'Needs Reminder',,264943516,condo,true,false,,2023-06-10T00:00:00Z,true,,"$3,983.89",30402 Elm St,Suite 100,Purcellville,VA,20132,,,,,,,,,
Carolyn,Adams,Carolyn Adams,9154004719,,carolyn.adams831@yahoo.com,,,,,,,'Needs Reminder',Call before arriving,217650310,homeowner,true,false,,2023-06-11T00:00:00Z,true,,"$4,591.44",30792 Birch St,Apt 2,Silver Spring,MD,20901,,,,,,,,,
Patrick,Gomez,Patrick Gomez,3445854312,,patrick.gomez825@hotmail.com,,,,,,,'Weekly Client',,220633166,homeowner,true,false,Facebook,2023-12-22T00:00:00Z,false,2024-10-11T00:00:00Z,"$3,187.14",5516 Spring St,Suite 100,Germantown,MD,20874,,,,,,,,,
Cynthia,Nguyen,Cynthia Nguyen,4189026897,,cynthia.nguyen449@hotmail.com,,,,,,,'New Client',Large friendly dogs,236642579,homeowner,true,false,Referral,2025-01-22T00:00:00Z,true,,$186.81,15956 Summit Ave,Suite 100,Silver Spring,MD,20901,,,,,,,,,
Stephen,Lewis,Stephen Lewis,9343575908,,stephen.lewis954@outlook.com,,,,,,,'Multiple Dogs',Large friendly dogs,284640648,renter,true,false,Referral,2023-09-03T00:00:00Z,false,2024-04-04T00:00:00Z,"$4,392.02",12894 Aspen Ct,,Bethesda,MD,20814,,,,,,,,,
Michael,Cook,Michael Cook,6543831821,,michael.cook403@hotmail.com,,,,,,,'New Client',,297869759,homeowner,true,false,Other,2022-01-20T00:00:00Z,false,2022-11-27T00:00:00Z,$163.27,22091 Creek Rd,,Shepherdstown,WV,25443,,,,,,,,,
Jennifer,Bailey,Jennifer Bailey,8448166070,,jennifer.bailey749@gmail.com,,,manager,,,,'Long Term',Large friendly dogs,212717763,homeowner,false,false,Facebook,2022-02-09T00:00:00Z,false,2022-04-29T00:00:00Z,"$1,576.96",15407 Park Ave,,Ashburn,VA,20147,,,,,,,,,
Michael,Morales,Michael Morales,9192813755,,michael.morales650@gmail.com,,,,,,,'Front and Back',,211098866,homeowner,true,false,Yard Sign,2022-10-04T00:00:00Z,false,2023-01-12T00:00:00Z,"$2,101.14",24410 Mill Rd,,Charles Town,WV,25414,,,,,,,,,
Mary,Lee,Mary Lee,6278771831,,mary.lee81@hotmail.com,,,,,,,,No gate,285055990,homeowner,false,false,Referral,2023-11-27T00:00:00Z,false,2023-12-20T00:00:00Z,"$2,102.70",22202 Spring St,Suite 100,Sterling,VA,20164,,,,,,,,,
Jeffrey,Russell,Jeffrey Russell,3959643115,,jeffrey.russell475@outlook.com,,,owner,,,,'Back Yard Only',,206461845,condo,true,false,Other,2022-01-20T00:00:00Z,false,2022-08-16T00:00:00Z,"$1,381.66",23290 Mulberry Ln,Unit B,Hamilton,VA,20158,,,,,,,,,
Patrick,Johnson,Patrick Johnson,4088062941,,patrick.johnson4@hotmail.com,,,,,,,'Weekly Client',,209664837,homeowner,true,false,,2025-01-16T00:00:00Z,true,,"$3,008.93",8361 Cedar Ln,,Chantilly,VA,20151,,,,,,,,,
Brandon,Thompson,Brandon Thompson,7584676670,,brandon.thompson779@yahoo.com,,,,,,,'Multiple Dogs',,207962450,renter,true,false,Google,2024-04-14T00:00:00Z,false,2024-12-26T00:00:00Z,"$2,733.09",37264 Summit Ave,,Burke,VA,22015,,,,,,,,,
Pamela,Stewart,Pamela Stewart,7601602207,,pamela.stewart560@icloud.com,,,,,,,'Long Term',,296187999,homeowner,true,false,Nextdoor,2023-03-23T00:00:00Z,false,2024-03-03T00:00:00Z,$930.46,31393 Main St,,Shepherdstown,WV,25443,,,,,,,,,
John,Smith,John Smith,6026028511,,john.smith387@yahoo.com,,,,,,,'Back Yard Only',,266200246,homeowner,true,false,Referral,2023-03-12T00:00:00Z,false,2023-09-29T00:00:00Z,"$1,502.90",21601 Oak St,,Centreville,VA,20120,,,,,,,,,
Susan,Rogers,Susan Rogers,7503604010,,susan.rogers597@gmail.com,,,,,,,'Gate Code Required',,202044584,homeowner,true,false,Nextdoor,2022-03-07T00:00:00Z,false,2022-12-31T00:00:00Z,$191.20,37631 River Rd,,Vienna,VA,22180,,,,,,,,,
Ashley,Smith,Ashley Smith,8528829863,,ashley.smith570@icloud.com,,,,,,,,Large friendly dogs,252691474,renter,true,false,Referral,2024-06-28T00:00:00Z,false,2024-10-25T00:00:00Z,"$3,813.98",16698 Church St,,Bethesda,MD,20814,,,,,,,,,
Ryan,Nelson,Ryan Nelson,9729979897,,ryan.nelson462@hotmail.com,,,,,,,'Large Yard',,253048394,homeowner,true,false,,2022-04-06T00:00:00Z,false,2022-08-09T00:00:00Z,"$4,575.61",5849 Forest Dr,Apt 2,Vienna,VA,22180,,,,,,,,,
Frank,Jackson,Frank Jackson,6684786795,,frank.jackson534@yahoo.com,,,,,,,'Front and Back',,259715838,homeowner,true,false,Google,2022-08-23T00:00:00Z,false,2022-10-15T00:00:00Z,"$3,845.53",16866 Poplar St,,Lovettsville,VA,20180,,,,,,,,,
Matthew,Morris,Matthew Morris,9172722621,,matthew.morris663@outlook.com,,,,,,,'Auto Pay',,292126438,homeowner,true,false,Facebook,2024-01-20T00:00:00Z,true,,$453.42,4525 Creek Rd,Apt 2,Fairfax,VA,22030,,,,,,,,,
Sharon,Ramirez,Sharon Ramirez,7484806444,,sharon.ramirez564@outlook.com,,,,,,,'Front and Back',,251233557,homeowner,true,false,,2025-02-12T00:00:00Z,false,2025-11-10T00:00:00Z,$213.39,38670 Ridge Rd,Apt 2,Bluemont,VA,20135,,,,,,,,,
Kathleen,Ward,Kathleen Ward,9839274538,,kathleen.ward69@outlook.com,,,,,,,'Long Term',Gate around back,244519864,renter,true,false,,2023-09-29T00:00:00Z,false,2023-11-02T00:00:00Z,"$3,155.31",39988 River Rd,Apt 2,Clifton,VA,20124,,,,,,,,,
Christopher,Smith,Christopher Smith,2552814502,,christopher.smith630@hotmail.com,,,manager,,,,'Monthly Client',,233817770,homeowner,true,false,Nextdoor,2022-07-01T00:00:00Z,false,2022-11-27T00:00:00Z,"$1,337.97",8453 Cypress Ave,Suite 100,Germantown,MD,20874,,,,,,,,,
Maria,Howard,Maria Howard,9652122081,,maria.howard432@hotmail.com,,,manager,,,,'Monthly Client',,237178071,homeowner,false,false,Google,2022-11-02T00:00:00Z,false,2023-03-01T00:00:00Z,"$4,091.40",768 Hill Rd,Unit B,McLean,VA,22101,,,,,,,,,
Amanda,Taylor,Amanda Taylor,9129962691,,amanda.taylor250@hotmail.com,,,,,,,'New Client',Large friendly dogs,234019584,homeowner,true,false,Facebook,2024-03-21T00:00:00Z,false,2024-07-06T00:00:00Z,$13.85,2815 Hill Rd,Apt 2,McLean,VA,22101,,,,,,,,,
Ryan,Rogers,Ryan Rogers,5645072572,,ryan.rogers626@outlook.com,,,,,,,'Back Yard Only',Large friendly dogs,291621883,renter,true,false,Google,2022-06-01T00:00:00Z,true,,"$1,432.98",8752 Elm St,Unit B,Alexandria,VA,22301,,,,,,,,,
Maria,Howard,Maria Howard,4232221477,,maria.howard270@yahoo.com,,,,,,,'New Client',,227249427,renter,true,false,,2022-08-31T00:00:00Z,false,2023-04-09T00:00:00Z,"$2,336.87",18181 Elm St,Apt 2,Germantown,MD,20874,,,,,,,,,
Brenda,Mitchell,Brenda Mitchell,6279617443,,brenda.mitchell472@gmail.com,,,,,,,'Needs Reminder',Call before arriving,248542593,homeowner,true,false,Facebook,2022-05-04T00:00:00Z,false,2022-10-13T00:00:00Z,"$2,789.82",15426 Willow Dr,,Clifton,VA,20124,,,,,,,,,
Sharon,Turner,Sharon Turner,4018016016,,sharon.turner620@yahoo.com,,,,,,,'Gate Code Required',,260883220,homeowner,false,false,Google,2023-01-24T00:00:00Z,false,2023-04-07T00:00:00Z,"$4,063.24",37295 Birch St,,Alexandria,VA,22301,,,,,,,,,
Elizabeth,Nguyen,Elizabeth Nguyen,3503614546,,elizabeth.nguyen805@icloud.com,,,owner,,,,'Gate Code Required',,291157701,homeowner,false,false,Other,2024-11-20T00:00:00Z,true,,"$3,053.91",22613 Linden Ln,Apt 2,Herndon,VA,20170,,,,,,,,,
Debra,Cruz,Debra Cruz,3008577677,,debra.cruz152@yahoo.com,,,,,,,'Gate Code Required',Call before arriving,232134668,homeowner,true,false,,2022-10-02T00:00:00Z,false,2023-10-12T00:00:00Z,"$4,635.33",5646 Hawthorn Dr,Apt 2,Haymarket,VA,20169,,,,,,,,,
Christine,Davis,Christine Davis,5736444864,,christine.davis231@yahoo.com,,,,,,,'Bi-Weekly Client',No gate,254447809,homeowner,false,false,Nextdoor,2022-02-27T00:00:00Z,false,2022-09-13T00:00:00Z,"$4,704.66",13358 Cedar Ln,Suite 100,Manassas,VA,20110,,,,,,,,,
Frank,Wood,Frank Wood,8913759181,,frank.wood339@icloud.com,,,,,,,'VIP',Large friendly dogs,249757038,homeowner,false,false,Other,2025-03-01T00:00:00Z,true,,"$4,757.42",38558 High St,Unit B,Charles Town,WV,25414,,,,,,,,,
Nicholas,Carter,Nicholas Carter,2655414418,,nicholas.carter928@hotmail.com,,,owner,,,,'Multiple Dogs',,276864684,homeowner,true,false,Yard Sign,2023-11-12T00:00:00Z,false,2024-09-30T00:00:00Z,"$4,401.91",5282 Sunset Blvd,,Herndon,VA,20170,,,,,,,,,
Nancy,Phillips,Nancy Phillips,8102466293,,nancy.phillips806@hotmail.com,,,owner,,,,'Monthly Client',,260827518,condo,true,false,,2023-07-20T00:00:00Z,false,2023-10-04T00:00:00Z,"$1,150.07",26122 Union St,Suite 100,Clifton,VA,20124,,,,,,,,,
Nancy,Roberts,Nancy Roberts,3259335684,,nancy.roberts54@hotmail.com,,,,,,,'New Client',Gate around back,242511436,homeowner,false,false,Referral,2023-09-25T00:00:00Z,false,2024-01-19T00:00:00Z,"$3,448.29",38341 Valley Rd,,Germantown,MD,20874,,,,,,,,,
Raymond,Rogers,Raymond Rogers,4312061296,,raymond.rogers31@outlook.com,,,owner,,,,,,210656998,homeowner,true,false,Other,2024-01-25T00:00:00Z,false,2025-02-08T00:00:00Z,"$2,635.12",32585 Sycamore Ln,Suite 100,Sterling,VA,20164,,,,,,,,,
Christopher,Clark,Christopher Clark,5719355577,,christopher.clark757@yahoo.com,,,,,,,'Small Yard',,215089913,homeowner,true,false,Yard Sign,2024-10-15T00:00:00Z,true,,"$3,085.52",33227 Poplar St,,Martinsburg,WV,25401,,,,,,,,,
Timothy,Baker,Timothy Baker,9599403418,,timothy.baker228@icloud.com,,,,,,,'New Client',Large friendly dogs,225273235,homeowner,true,false,,2023-02-04T00:00:00Z,false,2023-10-08T00:00:00Z,$16.35,29785 Hill Rd,Apt 2,Frederick,MD,21701,,,,,,,,,
Karen,Murphy,Karen Murphy,7491641402,,karen.murphy950@hotmail.com,,,,,,,,,297910252,homeowner,true,false,Google,2022-09-20T00:00:00Z,false,2022-10-30T00:00:00Z,"$1,484.11",34122 Cedar Ln,,Warrenton,VA,20186,,,,,,,,,
Jason,Brown,Jason Brown,8184084714,,jason.brown991@outlook.com,,,manager,,,,'Long Term',3 dogs. Gate code: 1574,216323980,homeowner,true,false,Facebook,2023-02-10T00:00:00Z,true,,"$2,987.68",14361 Willow Dr,Apt 2,Sterling,VA,20164,,,,,,,,,
Ronald,Thompson,Ronald Thompson,9381274055,,ronald.thompson590@icloud.com,,,,,,,'Needs Reminder',2 small dogs. Gate code: 4493,219912354,homeowner,true,false,Other,2022-12-13T00:00:00Z,true,,"$3,071.70",22642 Hill Rd,Unit B,Springfield,VA,22150,,,,,,,,,
Nicole,James,Nicole James,3781015707,,nicole.james373@icloud.com,,,owner,,,,'New Client',Call before arriving,204665196,homeowner,false,false,Nextdoor,2024-08-19T00:00:00Z,false,2025-03-17T00:00:00Z,$439.86,23302 Mill Rd,,Alexandria,VA,22301,,,,,,,,,
Angela,White,Angela White,5987219156,,angela.white807@gmail.com,,,,,,,'Bi-Weekly Client',,220934062,renter,true,false,Google,2024-03-22T00:00:00Z,false,2024-05-19T00:00:00Z,"$1,700.26",10480 Valley Rd,,Bethesda,MD,20814,,,,,,,,,
Amy,Sanders,Amy Sanders,8455455294,,amy.sanders547@hotmail.com,,,,,,,'Large Yard',,228161588,homeowner,true,false,,2023-03-20T00:00:00Z,false,2024-03-14T00:00:00Z,"$4,715.86",31457 Valley Rd,,Charles Town,WV,25414,,,,,,,,,
Nicole,Nguyen,Nicole Nguyen,4592576670,,nicole.nguyen574@outlook.com,,,,,,,'New Client',,282937486,homeowner,true,false,Other,2023-11-23T00:00:00Z,false,2024-03-17T00:00:00Z,"$1,783.64",12167 Sunset Blvd,Unit B,Reston,VA,20190,,,,,,,,,
Ashley,Rodriguez,Ashley Rodriguez,8632179709,,ashley.rodriguez57@hotmail.com,,,,,,,'Weekly Client',2 dogs - Lab mix. Gate code: 6165,275013013,homeowner,true,false,Nextdoor,2023-09-17T00:00:00Z,false,2023-11-25T00:00:00Z,"$3,135.37",32329 High St,,Charles Town,WV,25414,,,,,,,,,
Mark,Roberts,Mark Roberts,3785101939,,mark.roberts521@hotmail.com,,,,,,,'Back Yard Only',,242121679,homeowner,true,false,,2023-07-21T00:00:00Z,false,2024-03-27T00:00:00Z,$216.16,15123 Chestnut St,Suite 100,Charles Town,WV,25414,,,,,,,,,
Benjamin,Foster,Benjamin Foster,2684772416,,benjamin.foster439@hotmail.com,,,,,,,'Multiple Dogs',,276447121,renter,true,false,Other,2022-07-07T00:00:00Z,false,2023-05-05T00:00:00Z,"$3,460.30",5178 Chestnut St,Suite 100,Lovettsville,VA,20180,,,,,,,,,
Stephen,Bailey,Stephen Bailey,5669244028,,stephen.bailey62@icloud.com,,,,,,,'New Client',,283584003,condo,true,false,Referral,2024-10-13T00:00:00Z,false,2024-12-08T00:00:00Z,$652.59,9084 Maple Ave,,Round Hill,VA,20141,,,,,,,,,
Barbara,Sanchez,Barbara Sanchez,7853498045,,barbara.sanchez928@outlook.com,,,,,,,'New Client',No gate,228939951,homeowner,true,false,,2022-06-01T00:00:00Z,true,,"$2,046.54",30427 Spruce St,Apt 2,Charles Town,WV,25414,,,,,,,,,
Nancy,Taylor,Nancy Taylor,6487677379,,nancy.taylor692@gmail.com,,,manager,,,,'Needs Reminder',Large friendly dogs,247300592,condo,true,false,,2023-05-01T00:00:00Z,false,2024-03-29T00:00:00Z,"$4,492.65",22324 Chestnut St,Apt 2,Frederick,MD,21701,,,,,,,,,
Joseph,James,Joseph James,2937457262,,joseph.james337@hotmail.com,,,,,,,'Back Yard Only',2 small dogs. Gate code: 3976,216735503,renter,true,false,,2022-10-24T00:00:00Z,false,2022-11-23T00:00:00Z,$760.99,2123 Magnolia Ave,Unit B,McLean,VA,22101,,,,,,,,,
Kevin,Reed,Kevin Reed,5873785633,,kevin.reed577@icloud.com,,,,,,,'Weekly Client',No gate,253102334,homeowner,false,false,Google,2023-09-20T00:00:00Z,false,2024-03-03T00:00:00Z,"$2,614.83",31553 Oak St,Unit B,Gainesville,VA,20155,,,,,,,,,
Pamela,Cook,Pamela Cook,8075606071,,pamela.cook907@gmail.com,,,manager,,,,'Front and Back',Call before arriving,204432708,homeowner,true,false,,2022-02-17T00:00:00Z,false,2022-09-20T00:00:00Z,"$1,172.47",13292 Meadow Ln,,Ranson,WV,25438,,,,,,,,,
Betty,Jones,Betty Jones,8028567326,,betty.jones999@hotmail.com,,,manager,,,,'Bi-Weekly Client',,276411462,homeowner,true,false,Facebook,2024-02-18T00:00:00Z,true,,"$1,541.26",12320 Poplar St,,Martinsburg,WV,25401,,,,,,,,,
Cynthia,Jenkins,Cynthia Jenkins,2082837029,,cynthia.jenkins359@gmail.com,,,owner,,,,'Back Yard Only',Gate around back,231510394,renter,true,false,,2022-06-10T00:00:00Z,true,,"$2,947.59",34769 Forest Dr,,Fairfax,VA,22030,,,,,,,,,
Ronald,Hall,Ronald Hall,4885238120,,ronald.hall254@hotmail.com,,,owner,,,,'Gate Code Required',,240983721,renter,true,false,Nextdoor,2022-09-06T00:00:00Z,true,,"$2,733.05",17252 School St,Unit B,Centreville,VA,20120,,,,,,,,,
