Job #,Job description,Job status,Customer name,Address,Job created date,Job scheduled start date,Assigned employees,Job amount,Due amount
"=""""1""""",Monthly Cleanup,Scheduled,Samantha Anderson,"6817 Spruce St, Herndon, VA 20170",2023-04-22T00:00:00-04:00,2023-05-02T00:00:00-05:00,Mike Torres,$60.00,$60.00
"=""""2""""",BW Cleanup,Scheduled,Laura Bennett,"22398 High St, Martinsburg, WV 25401",2022-07-18T00:00:00-04:00,2022-07-19T00:00:00-05:00,Jeremy Casanave,$65.00,$65.00
"=""""3""""",Every 2 Weeks - Pet Waste Removal,Scheduled,Laura Bennett,"22398 High St, Martinsburg, WV 25401",2022-07-18T00:00:00-04:00,2022-07-22T00:00:00-05:00,Jeremy Casanave,$25.00,$25.00
"=""""4""""",Monthly waste removal,Completed,Jonathan Thomas,"37937 Valley Rd, Burke, VA 22015",2023-04-22T00:00:00-04:00,2023-04-30T00:00:00-05:00,Sarah Mitchell,$80.00,$0.00
"=""""5""""",Bi-weekly service,Completed,Melissa Rivera,"35105 Church St, Fairfax, VA 22030",2023-04-15T00:00:00-04:00,2023-04-28T00:00:00-05:00,Jeremy Casanave,$65.00,$0.00
"=""""6""""",Weekly Pet Waste Removal,Scheduled,Larry Ortiz,"17459 Hill Rd, Reston, VA 20190",2023-03-26T00:00:00-04:00,2023-03-28T00:00:00-05:00,Jeremy Casanave,$25.00,$25.00
"=""""7""""",Every 2 Weeks - Pet Waste Removal,Scheduled,Karen Hughes,"25109 Hawthorn Dr, Clifton, VA 20124",2025-01-04T00:00:00-04:00,2025-01-18T00:00:00-05:00,Jeremy Casanave,$60.00,$60.00
"=""""8""""",Bi-weekly service,Scheduled,Sharon Lee,"33371 Park Ave, Vienna, VA 22180",2024-02-05T00:00:00-04:00,2024-02-09T00:00:00-05:00,,$45.00,$45.00
"=""""9""""",Monthly waste removal,Scheduled,John Anderson,"37282 Washington Blvd, Springfield, VA 22150",2024-08-31T00:00:00-04:00,2024-09-14T00:00:00-05:00,Sarah Mitchell,$90.00,$90.00
"=""""10""""",Monthly Cleanup,Scheduled,Cynthia Gutierrez,"7261 Church St, Centreville, VA 20120",2023-07-25T00:00:00-04:00,2023-07-27T00:00:00-05:00,Jeremy Casanave,$35.00,$35.00
"=""""11""""",Weekly Cleanup Service,Scheduled,Katherine Cox,"31646 Spring St, Rockville, MD 20850",2024-03-10T00:00:00-04:00,2024-03-22T00:00:00-05:00,Mike Torres,$100.00,$100.00
"=""""12""""",Weekly - 2 dogs,Scheduled,Stephanie Thomas,"38351 Chestnut St, Ranson, WV 25438",2023-06-28T00:00:00-04:00,2023-07-12T00:00:00-05:00,Mike Torres,$55.00,$55.00
"=""""13""""",Weekly Pet Waste Removal,Scheduled,Barbara Johnson,"33253 Main St, Arlington, VA 22201",2022-11-20T00:00:00-04:00,2022-11-30T00:00:00-05:00,,$50.00,$50.00
"=""""14""""",BW Cleanup,In Progress,Kenneth Foster,"36356 River Rd, Ashburn, VA 20147",2023-06-25T00:00:00-04:00,2023-06-27T00:00:00-05:00,Jeremy Casanave,$70.00,$70.00
"=""""15""""",2x monthly service,Scheduled,Jennifer Smith,"29056 Aspen Ct, Fairfax, VA 22030",2022-11-02T00:00:00-04:00,2022-11-11T00:00:00-05:00,Sarah Mitchell,$45.00,$45.00
"=""""16""""",BW Cleanup,Scheduled,Thomas Garcia,"16453 Park Ave, Arlington, VA 22201",2022-11-29T00:00:00-04:00,2022-12-01T00:00:00-05:00,Sarah Mitchell,$30.00,$30.00
"=""""17""""",Weekly Cleanup Service,Scheduled,Christine Perry,"2637 Cherry St, Clifton, VA 20124",2023-04-02T00:00:00-04:00,2023-04-07T00:00:00-05:00,Sarah Mitchell,$35.00,$35.00
"=""""18""""",Weekly yard cleanup,Completed,Kimberly Hall,"1908 Lake Dr, Centreville, VA 20120",2024-06-08T00:00:00-04:00,2024-06-11T00:00:00-05:00,Sarah Mitchell,$25.00,$0.00
"=""""19""""",Every 2 Weeks - Pet Waste Removal,Scheduled,Pamela Harris,"13012 Grove St, Germantown, MD 20874",2023-09-08T00:00:00-04:00,2023-09-15T00:00:00-05:00,Jeremy Casanave,$40.00,$40.00
"=""""20""""",Monthly waste removal,Scheduled,Raymond Hernandez,"14822 Valley Rd, Haymarket, VA 20169",2024-04-28T00:00:00-04:00,2024-05-07T00:00:00-05:00,,$80.00,$80.00
"=""""21""""",Weekly Cleanup Service,Scheduled,Stephanie Young,"14441 Sunset Blvd, Martinsburg, WV 25401",2022-10-01T00:00:00-04:00,2022-10-10T00:00:00-05:00,Mike Torres,$90.00,$90.00
"=""""22""""",Monthly waste removal,In Progress,Brandon Jenkins,"29595 Main St, Gaithersburg, MD 20877",2023-05-05T00:00:00-04:00,2023-05-10T00:00:00-05:00,Jeremy Casanave,$55.00,$55.00
"=""""23""""",Weekly Cleanup Service,Scheduled,Brandon Jenkins,"29595 Main St, Gaithersburg, MD 20877",2023-05-05T00:00:00-04:00,2023-05-18T00:00:00-05:00,Jeremy Casanave,$75.00,$75.00
"=""""24""""",Weekly - 2 dogs,Scheduled,Joshua Green,"10114 Spring St, Clifton, VA 20124",2022-05-08T00:00:00-04:00,2022-05-10T00:00:00-05:00,Mike Torres,$60.00,$60.00
"=""""25""""",Weekly Pet Waste Removal,Scheduled,Joshua Green,"10114 Spring St, Clifton, VA 20124",2022-05-08T00:00:00-04:00,2022-05-13T00:00:00-05:00,Mike Torres,$40.00,$40.00
"=""""26""""",Weekly Cleanup Service,Scheduled,Joshua Green,"10114 Spring St, Clifton, VA 20124",2022-05-08T00:00:00-04:00,2022-05-12T00:00:00-05:00,Mike Torres,$65.00,$65.00
"=""""27""""",Bi-weekly service,Awaiting Response,Edward Cooper,"35372 Spruce St, Ranson, WV 25438",2024-06-11T00:00:00-04:00,2024-06-16T00:00:00-05:00,,$55.00,$55.00
"=""""28""""",WK SVC,Completed,Cynthia Taylor,"5601 Linden Ln, Leesburg, VA 20175",2024-02-16T00:00:00-04:00,2024-03-01T00:00:00-05:00,Sarah Mitchell,$90.00,$0.00
"=""""29""""",Every 2 Weeks - Pet Waste Removal,Awaiting Response,Rebecca Allen,"23035 Mill Rd, Hamilton, VA 20158",2023-02-13T00:00:00-04:00,2023-02-26T00:00:00-05:00,Jeremy Casanave,$40.00,$40.00
"=""""30""""",Weekly Pet Waste Removal,Scheduled,Samantha Rogers,"35369 Cherry St, Woodbridge, VA 22191",2022-06-27T00:00:00-04:00,2022-06-28T00:00:00-05:00,Jeremy Casanave,$40.00,$40.00
"=""""31""""",Weekly Pet Waste Removal,Scheduled,Samantha Rogers,"35369 Cherry St, Woodbridge, VA 22191",2022-06-27T00:00:00-04:00,2022-07-02T00:00:00-05:00,,$55.00,$55.00
"=""""32""""",Weekly - 2 dogs,Scheduled,Samantha Rogers,"35369 Cherry St, Woodbridge, VA 22191",2022-06-27T00:00:00-04:00,2022-07-09T00:00:00-05:00,Jeremy Casanave,$80.00,$80.00
"=""""33""""",Weekly - 2 dogs,Scheduled,Brandon Sanders,"32052 Spring St, Vienna, VA 22180",2023-01-27T00:00:00-04:00,2023-02-10T00:00:00-05:00,,$25.00,$25.00
"=""""34""""",Weekly - 2 dogs,Awaiting Response,Samuel Ortiz,"26602 Church St, Alexandria, VA 22301",2025-02-01T00:00:00-04:00,2025-02-11T00:00:00-05:00,Mike Torres,$50.00,$50.00
"=""""35""""",Every 2 Weeks - Pet Waste Removal,Scheduled,Sandra Thomas,"12652 Spring St, Vienna, VA 22180",2023-02-02T00:00:00-04:00,2023-02-13T00:00:00-05:00,Sarah Mitchell,$50.00,$50.00
"=""""36""""",Weekly Pet Waste Removal,Completed,Gary Martinez,"5682 Church St, Haymarket, VA 20169",2024-06-25T00:00:00-04:00,2024-07-05T00:00:00-05:00,Mike Torres,$65.00,$0.00
"=""""37""""",Weekly Cleanup Service,Scheduled,Raymond Gonzalez,"15819 Sunset Blvd, Fairfax, VA 22030",2024-08-20T00:00:00-04:00,2024-08-25T00:00:00-05:00,Sarah Mitchell,$80.00,$80.00
"=""""38""""",Monthly waste removal,In Progress,Cynthia Powell,"35488 Dogwood Dr, Bethesda, MD 20814",2023-05-28T00:00:00-04:00,2023-06-09T00:00:00-05:00,Jeremy Casanave,$90.00,$90.00
"=""""39""""",Weekly yard cleanup,In Progress,Timothy Powell,"29907 Washington Blvd, Purcellville, VA 20132",2025-01-16T00:00:00-04:00,2025-01-19T00:00:00-05:00,Jeremy Casanave,$45.00,$45.00
"=""""40""""",WK SVC,Scheduled,Timothy Powell,"29907 Washington Blvd, Purcellville, VA 20132",2025-01-16T00:00:00-04:00,2025-01-24T00:00:00-05:00,,$100.00,$100.00
"=""""41""""",Monthly Cleanup,Completed,Timothy Powell,"29907 Washington Blvd, Purcellville, VA 20132",2025-01-16T00:00:00-04:00,2025-01-25T00:00:00-05:00,Jeremy Casanave,$60.00,$0.00
"=""""42""""",Weekly yard cleanup,Completed,Amy Hughes,"18976 Hickory Ln, Herndon, VA 20170",2025-02-02T00:00:00-04:00,2025-02-10T00:00:00-05:00,Mike Torres,$50.00,$0.00
"=""""43""""",Monthly waste removal,In Progress,Jessica Myers,"31721 Cherry St, Ranson, WV 25438",2024-11-06T00:00:00-04:00,2024-11-09T00:00:00-05:00,Jeremy Casanave,$45.00,$45.00
"=""""44""""",Weekly Pet Waste Removal,Awaiting Response,Nicholas Wright,"9838 Hickory Ln, Rockville, MD 20850",2023-10-22T00:00:00-04:00,2023-11-05T00:00:00-05:00,Sarah Mitchell,$60.00,$60.00
"=""""45""""",Every 2 Weeks - Pet Waste Removal,Scheduled,Timothy Garcia,"10068 Dogwood Dr, Clifton, VA 20124",2022-07-24T00:00:00-04:00,2022-08-02T00:00:00-05:00,Jeremy Casanave,$100.00,$100.00
"=""""46""""",Weekly Cleanup Service,In Progress,Katherine Martin,"5363 Summit Ave, Charles Town, WV 25414",2022-05-21T00:00:00-04:00,2022-05-31T00:00:00-05:00,Mike Torres,$90.00,$90.00
"=""""47""""",Monthly Cleanup,Completed,Richard Price,"1997 Cedar Ln, Haymarket, VA 20169",2023-05-16T00:00:00-04:00,2023-05-21T00:00:00-05:00,Sarah Mitchell,$65.00,$0.00
"=""""48""""",Weekly Pet Waste Removal,Scheduled,Richard Price,"1997 Cedar Ln, Haymarket, VA 20169",2023-05-16T00:00:00-04:00,2023-05-20T00:00:00-05:00,Sarah Mitchell,$75.00,$75.00
"=""""49""""",Bi-Weekly Cleanup Service,In Progress,Daniel Hernandez,"38317 River Rd, Rockville, MD 20850",2022-01-20T00:00:00-04:00,2022-01-23T00:00:00-05:00,Sarah Mitchell,$30.00,$30.00
"=""""50""""",Bi-Weekly Cleanup Service,Scheduled,Daniel Hernandez,"38317 River Rd, Rockville, MD 20850",2022-01-20T00:00:00-04:00,2022-01-21T00:00:00-05:00,Jeremy Casanave,$30.00,$30.00
"=""""51""""",Weekly Pet Waste Removal,Completed,Jeffrey Hall,"19899 Valley Rd, Frederick, MD 21701",2023-08-29T00:00:00-04:00,2023-09-04T00:00:00-05:00,Jeremy Casanave,$80.00,$0.00
"=""""52""""",Monthly waste removal,Scheduled,Larry Morales,"18856 Mill Rd, Rockville, MD 20850",2022-10-08T00:00:00-04:00,2022-10-19T00:00:00-05:00,,$30.00,$30.00
"=""""53""""",Weekly Cleanup Service,In Progress,Larry Morales,"18856 Mill Rd, Rockville, MD 20850",2022-10-08T00:00:00-04:00,2022-10-22T00:00:00-05:00,Mike Torres,$60.00,$60.00
"=""""54""""",Weekly Pet Waste Removal,Awaiting Response,Jeffrey Jones,"27330 Sunset Blvd, Warrenton, VA 20186",2023-06-11T00:00:00-04:00,2023-06-14T00:00:00-05:00,Jeremy Casanave,$50.00,$50.00
"=""""55""""",Monthly waste removal,Awaiting Response,Jeffrey Jones,"27330 Sunset Blvd, Warrenton, VA 20186",2023-06-11T00:00:00-04:00,2023-06-21T00:00:00-05:00,Mike Torres,$45.00,$45.00
"=""""56""""",Bi-Weekly Cleanup Service,Scheduled,Cynthia Martinez,"6018 Willow Dr, Burke, VA 22015",2023-06-21T00:00:00-04:00,2023-06-23T00:00:00-05:00,Sarah Mitchell,$35.00,$35.00
"=""""57""""",Monthly Cleanup,Scheduled,Donald Ward,"38591 River Rd, Ranson, WV 25438",2024-01-29T00:00:00-04:00,2024-02-02T00:00:00-05:00,,$65.00,$65.00
"=""""58""""",Monthly Cleanup,Scheduled,Debra Mitchell,"12539 Lake Dr, Woodbridge, VA 22191",2023-11-15T00:00:00-04:00,2023-11-18T00:00:00-05:00,,$30.00,$30.00
"=""""59""""",Weekly yard cleanup,In Progress,Anthony Bennett,"18271 River Rd, Round Hill, VA 20141",2022-02-22T00:00:00-04:00,2022-02-27T00:00:00-05:00,,$70.00,$70.00
"=""""60""""",Weekly Pet Waste Removal,Completed,Daniel King,"31311 Hickory Ln, Lovettsville, VA 20180",2023-03-30T00:00:00-04:00,2023-04-11T00:00:00-05:00,Jeremy Casanave,$25.00,$0.00
"=""""61""""",Monthly Cleanup,Scheduled,Samuel Brown,"29169 Elm St, Rockville, MD 20850",2025-04-13T00:00:00-04:00,2025-04-18T00:00:00-05:00,Jeremy Casanave,$60.00,$60.00
"=""""62""""",Weekly - 2 dogs,Awaiting Response,Nicholas James,"28285 Hickory Ln, Arlington, VA 22201",2022-07-14T00:00:00-04:00,2022-07-24T00:00:00-05:00,Mike Torres,$70.00,$70.00
"=""""63""""",Weekly Cleanup Service,Scheduled,Nicholas James,"28285 Hickory Ln, Arlington, VA 22201",2022-07-14T00:00:00-04:00,2022-07-22T00:00:00-05:00,Sarah Mitchell,$25.00,$25.00
"=""""64""""",Bi-weekly service,Completed,Scott Flores,"14796 Park Ave, Gaithersburg, MD 20877",2025-02-22T00:00:00-04:00,2025-02-28T00:00:00-05:00,Jeremy Casanave,$30.00,$0.00
"=""""65""""",Weekly yard cleanup,Scheduled,Raymond Powell,"23104 Oak St, Centreville, VA 20120",2022-03-04T00:00:00-04:00,2022-03-12T00:00:00-05:00,Jeremy Casanave,$45.00,$45.00
"=""""66""""",BW Cleanup,Completed,Carol Lee,"3547 River Rd, Bluemont, VA 20135",2024-05-18T00:00:00-04:00,2024-05-29T00:00:00-05:00,Sarah Mitchell,$40.00,$0.00
"=""""67""""",WK SVC,Scheduled,Joseph Hall,"34633 Union St, Rockville, MD 20850",2023-09-10T00:00:00-04:00,2023-09-14T00:00:00-05:00,Sarah Mitchell,$45.00,$45.00
"=""""68""""",WK SVC,In Progress,James Bailey,"15180 Magnolia Ave, Germantown, MD 20874",2024-07-30T00:00:00-04:00,2024-08-02T00:00:00-05:00,Mike Torres,$35.00,$35.00
"=""""69""""",Bi-Weekly Cleanup Service,Scheduled,Emily Anderson,"23814 Washington Blvd, Frederick, MD 21701",2023-09-28T00:00:00-04:00,2023-10-04T00:00:00-05:00,Jeremy Casanave,$65.00,$65.00
"=""""70""""",WK SVC,Awaiting Response,Justin Cook,"28920 Elm St, Reston, VA 20190",2024-11-05T00:00:00-04:00,2024-11-17T00:00:00-05:00,Sarah Mitchell,$35.00,$35.00
"=""""71""""",WK SVC,In Progress,Andrew Martinez,"25297 Poplar St, Bethesda, MD 20814",2023-01-21T00:00:00-04:00,2023-02-03T00:00:00-05:00,Sarah Mitchell,$55.00,$55.00
"=""""72""""",Weekly yard cleanup,Completed,William Nelson,"21947 Washington Blvd, Reston, VA 20190",2022-06-23T00:00:00-04:00,2022-07-03T00:00:00-05:00,Sarah Mitchell,$55.00,$0.00
"=""""73""""",2x monthly service,In Progress,Christine Sullivan,"23812 Maple Ave, Bethesda, MD 20814",2023-04-09T00:00:00-04:00,2023-04-12T00:00:00-05:00,,$75.00,$75.00
"=""""74""""",Monthly Cleanup,Completed,Anna Perry,"39241 Meadow Ln, Herndon, VA 20170",2024-04-21T00:00:00-04:00,2024-05-04T00:00:00-05:00,Jeremy Casanave,$35.00,$0.00
"=""""75""""",Weekly yard cleanup,Scheduled,Sandra Ward,"37483 Hickory Ln, Burke, VA 22015",2023-02-13T00:00:00-04:00,2023-02-23T00:00:00-05:00,Jeremy Casanave,$65.00,$65.00
"=""""76""""",Bi-Weekly Cleanup Service,Scheduled,Stephen Wilson,"5596 Forest Dr, Gainesville, VA 20155",2023-03-31T00:00:00-04:00,2023-04-04T00:00:00-05:00,Jeremy Casanave,$80.00,$80.00
"=""""77""""",Weekly Cleanup Service,Scheduled,Nicholas Mitchell,"20985 Park Ave, Leesburg, VA 20175",2024-08-25T00:00:00-04:00,2024-08-30T00:00:00-05:00,Jeremy Casanave,$70.00,$70.00
"=""""78""""",Every 2 Weeks - Pet Waste Removal,Scheduled,James Hernandez,"27838 Lake Dr, Silver Spring, MD 20901",2024-05-09T00:00:00-04:00,2024-05-23T00:00:00-05:00,Jeremy Casanave,$75.00,$75.00
"=""""79""""",Every 2 Weeks - Pet Waste Removal,In Progress,Scott Ward,"19188 Walnut Ave, Reston, VA 20190",2022-06-25T00:00:00-04:00,2022-06-27T00:00:00-05:00,Mike Torres,$50.00,$50.00
"=""""80""""",Bi-Weekly Cleanup Service,Completed,Jacob Garcia,"4527 Creek Rd, Chantilly, VA 20151",2023-12-23T00:00:00-04:00,2023-12-29T00:00:00-05:00,Sarah Mitchell,$65.00,$0.00
"=""""81""""",BW Cleanup,Awaiting Response,Jacob Garcia,"4527 Creek Rd, Chantilly, VA 20151",2023-12-23T00:00:00-04:00,2023-12-30T00:00:00-05:00,,$65.00,$65.00
"=""""82""""",Weekly Cleanup Service,Scheduled,Benjamin White,"2970 Valley Rd, McLean, VA 22101",2024-08-27T00:00:00-04:00,2024-09-09T00:00:00-05:00,Jeremy Casanave,$70.00,$70.00
"=""""83""""",Bi-weekly service,Scheduled,Michael Long,"26315 Hickory Ln, Martinsburg, WV 25401",2023-07-01T00:00:00-04:00,2023-07-08T00:00:00-05:00,Mike Torres,$45.00,$45.00
"=""""84""""",Weekly yard cleanup,Scheduled,Emily Adams,"29323 Hawthorn Dr, Haymarket, VA 20169",2022-03-28T00:00:00-04:00,2022-03-29T00:00:00-05:00,,$90.00,$90.00
"=""""85""""",Every 2 Weeks - Pet Waste Removal,Awaiting Response,Emily Adams,"29323 Hawthorn Dr, Haymarket, VA 20169",2022-03-28T00:00:00-04:00,2022-04-06T00:00:00-05:00,,$60.00,$60.00
"=""""86""""",WK SVC,Awaiting Response,Samantha Davis,"2140 River Rd, Fairfax, VA 22030",2022-05-18T00:00:00-04:00,2022-05-24T00:00:00-05:00,,$90.00,$90.00
"=""""87""""",BW Cleanup,Completed,Robert James,"29194 Elm St, Burke, VA 22015",2023-07-25T00:00:00-04:00,2023-07-30T00:00:00-05:00,Jeremy Casanave,$90.00,$0.00
"=""""88""""",Weekly Pet Waste Removal,Scheduled,Eric Roberts,"14162 Juniper Rd, Shepherdstown, WV 25443",2022-12-20T00:00:00-04:00,2022-12-31T00:00:00-05:00,Jeremy Casanave,$35.00,$35.00
"=""""89""""",BW Cleanup,In Progress,Alexander Rodriguez,"11509 Grove St, Fairfax, VA 22030",2022-02-23T00:00:00-04:00,2022-02-26T00:00:00-05:00,Jeremy Casanave,$35.00,$35.00
"=""""90""""",2x monthly service,Scheduled,Elizabeth Rodriguez,"37776 Elm St, Ranson, WV 25438",2024-11-25T00:00:00-04:00,2024-11-26T00:00:00-05:00,Sarah Mitchell,$45.00,$45.00
"=""""91""""",Bi-Weekly Cleanup Service,Scheduled,Sharon Bell,"10890 Forest Dr, Haymarket, VA 20169",2023-02-07T00:00:00-04:00,2023-02-19T00:00:00-05:00,Jeremy Casanave,$60.00,$60.00
"=""""92""""",2x monthly service,In Progress,Jonathan Lopez,"11319 Juniper Rd, Reston, VA 20190",2022-04-04T00:00:00-04:00,2022-04-06T00:00:00-05:00,,$30.00,$30.00
"=""""93""""",BW Cleanup,Awaiting Response,Rebecca Cruz,"19898 Cherry St, Gainesville, VA 20155",2024-06-19T00:00:00-04:00,2024-06-29T00:00:00-05:00,Jeremy Casanave,$70.00,$70.00
"=""""94""""",Bi-Weekly Cleanup Service,Completed,Carolyn Green,"24383 Magnolia Ave, Herndon, VA 20170",2024-07-09T00:00:00-04:00,2024-07-12T00:00:00-05:00,Sarah Mitchell,$65.00,$0.00
"=""""95""""",BW Cleanup,Scheduled,Michael Torres,"7144 Walnut Ave, Round Hill, VA 20141",2024-03-31T00:00:00-04:00,2024-04-07T00:00:00-05:00,Sarah Mitchell,$25.00,$25.00
"=""""96""""",WK SVC,Scheduled,Deborah Bell,"8532 Park Ave, Sterling, VA 20164",2024-11-08T00:00:00-04:00,2024-11-20T00:00:00-05:00,Jeremy Casanave,$35.00,$35.00
"=""""97""""",Weekly Pet Waste Removal,In Progress,Jacob Kelly,"10749 Willow Dr, Warrenton, VA 20186",2025-02-26T00:00:00-04:00,2025-02-28T00:00:00-05:00,Mike Torres,$25.00,$25.00
"=""""98""""",Every 2 Weeks - Pet Waste Removal,Scheduled,Rebecca Brooks,"38010 Chestnut St, Manassas, VA 20110",2023-05-12T00:00:00-04:00,2023-05-16T00:00:00-05:00,Sarah Mitchell,$65.00,$65.00
"=""""99""""",WK SVC,Awaiting Response,Jeffrey Green,"32987 Juniper Rd, Ranson, WV 25438",2023-10-28T00:00:00-04:00,2023-11-09T00:00:00-05:00,,$35.00,$35.00
"=""""100""""",Weekly yard cleanup,In Progress,Jonathan Baker,"16255 High St, McLean, VA 22101",2024-09-28T00:00:00-04:00,2024-10-08T00:00:00-05:00,Jeremy Casanave,$90.00,$90.00
"=""""101""""",BW Cleanup,Scheduled,Rachel Wright,"14889 Cypress Ave, Silver Spring, MD 20901",2022-10-09T00:00:00-04:00,2022-10-23T00:00:00-05:00,,$60.00,$60.00
"=""""102""""",Every 2 Weeks - Pet Waste Removal,In Progress,Katherine Sanchez,"37726 Mill Rd, Bluemont, VA 20135",2024-03-24T00:00:00-04:00,2024-04-02T00:00:00-05:00,Jeremy Casanave,$40.00,$40.00
"=""""103""""",Monthly waste removal,Scheduled,Katherine Sanchez,"37726 Mill Rd, Bluemont, VA 20135",2024-03-24T00:00:00-04:00,2024-04-04T00:00:00-05:00,Sarah Mitchell,$90.00,$90.00
"=""""104""""",2x monthly service,Scheduled,Mary Hill,"29876 Linden Ln, Gainesville, VA 20155",2023-01-30T00:00:00-04:00,2023-02-08T00:00:00-05:00,Jeremy Casanave,$50.00,$50.00
"=""""105""""",BW Cleanup,Scheduled,Mary Perry,"26674 Walnut Ave, Vienna, VA 22180",2024-09-04T00:00:00-04:00,2024-09-11T00:00:00-05:00,Jeremy Casanave,$60.00,$60.00
"=""""106""""",Weekly Pet Waste Removal,Scheduled,Mary Perry,"26674 Walnut Ave, Vienna, VA 22180",2024-09-04T00:00:00-04:00,2024-09-13T00:00:00-05:00,Jeremy Casanave,$45.00,$45.00
"=""""107""""",Weekly Cleanup Service,Scheduled,Mary Perry,"26674 Walnut Ave, Vienna, VA 22180",2024-09-04T00:00:00-04:00,2024-09-08T00:00:00-05:00,Jeremy Casanave,$35.00,$35.00
"=""""108""""",Weekly Pet Waste Removal,Completed,Laura Wright,"4171 Lake Dr, Springfield, VA 22150",2022-08-29T00:00:00-04:00,2022-09-08T00:00:00-05:00,Jeremy Casanave,$35.00,$0.00
"=""""109""""",2x monthly service,Scheduled,Sarah Cooper,"35326 Spring St, Gaithersburg, MD 20877",2024-01-11T00:00:00-04:00,2024-01-17T00:00:00-05:00,,$35.00,$35.00
"=""""110""""",2x monthly service,Awaiting Response,Sarah Cooper,"35326 Spring St, Gaithersburg, MD 20877",2024-01-11T00:00:00-04:00,2024-01-23T00:00:00-05:00,Jeremy Casanave,$100.00,$100.00
"=""""111""""",2x monthly service,Completed,Jonathan Martin,"38317 Dogwood Dr, Arlington, VA 22201",2024-11-17T00:00:00-04:00,2024-11-18T00:00:00-05:00,,$55.00,$0.00
"=""""112""""",Weekly Cleanup Service,Scheduled,Patrick Williams,"3068 Walnut Ave, Lovettsville, VA 20180",2023-08-11T00:00:00-04:00,2023-08-24T00:00:00-05:00,Mike Torres,$75.00,$75.00
"=""""113""""",Weekly yard cleanup,Awaiting Response,Edward Cook,"22891 Lake Dr, Herndon, VA 20170",2022-02-16T00:00:00-04:00,2022-02-25T00:00:00-05:00,Mike Torres,$30.00,$30.00
"=""""114""""",Every 2 Weeks - Pet Waste Removal,Scheduled,Edward Robinson,"7495 Cedar Ln, McLean, VA 22101",2022-05-18T00:00:00-04:00,2022-05-28T00:00:00-05:00,,$60.00,$60.00
"=""""115""""",WK SVC,Awaiting Response,Kimberly Davis,"3172 Creek Rd, Rockville, MD 20850",2022-11-02T00:00:00-04:00,2022-11-09T00:00:00-05:00,Jeremy Casanave,$70.00,$70.00
"=""""116""""",Monthly Cleanup,Scheduled,Kenneth Russell,"27396 Aspen Ct, Ranson, WV 25438",2022-06-11T00:00:00-04:00,2022-06-22T00:00:00-05:00,Sarah Mitchell,$60.00,$60.00
"=""""117""""",2x monthly service,In Progress,Paul Carter,"38607 Aspen Ct, McLean, VA 22101",2023-03-10T00:00:00-04:00,2023-03-22T00:00:00-05:00,,$35.00,$35.00
"=""""118""""",BW Cleanup,Awaiting Response,Rachel James,"18650 Meadow Ln, Warrenton, VA 20186",2024-11-16T00:00:00-04:00,2024-11-23T00:00:00-05:00,Sarah Mitchell,$90.00,$90.00
"=""""119""""",Bi-Weekly Cleanup Service,Scheduled,Melissa Green,"17190 Aspen Ct, Leesburg, VA 20175",2023-11-07T00:00:00-04:00,2023-11-13T00:00:00-05:00,Sarah Mitchell,$60.00,$60.00
"=""""120""""",Monthly waste removal,Scheduled,Gary Jenkins,"11192 Hill Rd, Chantilly, VA 20151",2022-03-11T00:00:00-04:00,2022-03-17T00:00:00-05:00,Sarah Mitchell,$50.00,$50.00
"=""""121""""",Weekly yard cleanup,Completed,Sarah Hughes,"29985 Grove St, Bethesda, MD 20814",2022-01-14T00:00:00-04:00,2022-01-15T00:00:00-05:00,,$90.00,$0.00
"=""""122""""",Monthly waste removal,In Progress,Andrew Williams,"6412 Sycamore Ln, Ashburn, VA 20147",2023-07-02T00:00:00-04:00,2023-07-12T00:00:00-05:00,,$25.00,$25.00
"=""""123""""",Monthly Cleanup,Completed,Andrew Williams,"6412 Sycamore Ln, Ashburn, VA 20147",2023-07-02T00:00:00-04:00,2023-07-10T00:00:00-05:00,Jeremy Casanave,$35.00,$0.00
"=""""124""""",Monthly Cleanup,Scheduled,Kenneth Morales,"24818 Aspen Ct, Clifton, VA 20124",2024-06-07T00:00:00-04:00,2024-06-20T00:00:00-05:00,Jeremy Casanave,$60.00,$60.00
"=""""125""""",Bi-weekly service,Scheduled,Jennifer Robinson,"18474 Spruce St, Lovettsville, VA 20180",2022-10-23T00:00:00-04:00,2022-11-01T00:00:00-05:00,Jeremy Casanave,$90.00,$90.00
"=""""126""""",Weekly - 2 dogs,Scheduled,Larry Walker,"25255 Hill Rd, Centreville, VA 20120",2024-06-14T00:00:00-04:00,2024-06-23T00:00:00-05:00,Jeremy Casanave,$50.00,$50.00
"=""""127""""",Monthly Cleanup,Scheduled,Patricia Price,"36343 Meadow Ln, Chantilly, VA 20151",2023-08-28T00:00:00-04:00,2023-09-06T00:00:00-05:00,Jeremy Casanave,$40.00,$40.00
"=""""128""""",Bi-Weekly Cleanup Service,Scheduled,Carolyn Price,"6097 Oak St, Ashburn, VA 20147",2022-06-28T00:00:00-04:00,2022-07-06T00:00:00-05:00,Mike Torres,$40.00,$40.00
"=""""129""""",Weekly - 2 dogs,Awaiting Response,Carolyn Price,"6097 Oak St, Ashburn, VA 20147",2022-06-28T00:00:00-04:00,2022-07-09T00:00:00-05:00,Sarah Mitchell,$50.00,$50.00
"=""""130""""",Bi-weekly service,Scheduled,Patricia Lopez,"25346 Oak St, Warrenton, VA 20186",2024-12-03T00:00:00-04:00,2024-12-10T00:00:00-05:00,Jeremy Casanave,$45.00,$45.00
"=""""131""""",WK SVC,Scheduled,Paul Bailey,"19744 Cherry St, Ranson, WV 25438",2023-02-05T00:00:00-04:00,2023-02-18T00:00:00-05:00,Sarah Mitchell,$70.00,$70.00
"=""""132""""",BW Cleanup,Scheduled,Helen Carter,"19789 Ridge Rd, Herndon, VA 20170",2023-08-20T00:00:00-04:00,2023-08-26T00:00:00-05:00,Jeremy Casanave,$35.00,$35.00
"=""""133""""",Every 2 Weeks - Pet Waste Removal,Scheduled,Edward Scott,"38912 Spruce St, McLean, VA 22101",2023-08-20T00:00:00-04:00,2023-08-23T00:00:00-05:00,Jeremy Casanave,$60.00,$60.00
"=""""134""""",BW Cleanup,Scheduled,Edward Scott,"38912 Spruce St, McLean, VA 22101",2023-08-20T00:00:00-04:00,2023-08-25T00:00:00-05:00,Jeremy Casanave,$65.00,$65.00
"=""""135""""",Weekly Cleanup Service,Scheduled,Edward Scott,"38912 Spruce St, McLean, VA 22101",2023-08-20T00:00:00-04:00,2023-09-03T00:00:00-05:00,Sarah Mitchell,$65.00,$65.00
"=""""136""""",WK SVC,Awaiting Response,Samantha Hill,"4947 Hickory Ln, Clifton, VA 20124",2022-03-17T00:00:00-04:00,2022-03-19T00:00:00-05:00,Sarah Mitchell,$90.00,$90.00
"=""""137""""",Weekly Cleanup Service,Awaiting Response,Samantha Hill,"4947 Hickory Ln, Clifton, VA 20124",2022-03-17T00:00:00-04:00,2022-03-26T00:00:00-05:00,Jeremy Casanave,$70.00,$70.00
"=""""138""""",Weekly Cleanup Service,Scheduled,Ashley Foster,"37011 Linden Ln, Purcellville, VA 20132",2022-07-21T00:00:00-04:00,2022-07-29T00:00:00-05:00,Jeremy Casanave,$45.00,$45.00
"=""""139""""",2x monthly service,Scheduled,Melissa Turner,"31738 Park Ave, Leesburg, VA 20175",2023-10-01T00:00:00-04:00,2023-10-06T00:00:00-05:00,Jeremy Casanave,$100.00,$100.00
"=""""140""""",Weekly Pet Waste Removal,Scheduled,Jacob Gonzalez,"3028 Lake Dr, Haymarket, VA 20169",2022-12-24T00:00:00-04:00,2022-12-27T00:00:00-05:00,Mike Torres,$60.00,$60.00
"=""""141""""",Weekly Pet Waste Removal,Scheduled,Stephanie Hughes,"29563 Mulberry Ln, McLean, VA 22101",2022-05-09T00:00:00-04:00,2022-05-20T00:00:00-05:00,,$50.00,$50.00
"=""""142""""",Monthly waste removal,In Progress,Betty Rogers,"25825 Mulberry Ln, Clifton, VA 20124",2023-09-02T00:00:00-04:00,2023-09-15T00:00:00-05:00,Mike Torres,$70.00,$70.00
"=""""143""""",WK SVC,Scheduled,Donald Flores,"25558 Birch St, Bethesda, MD 20814",2025-01-05T00:00:00-04:00,2025-01-10T00:00:00-05:00,Jeremy Casanave,$30.00,$30.00
"=""""144""""",Weekly - 2 dogs,Awaiting Response,Andrew Moore,"728 Dogwood Dr, Chantilly, VA 20151",2024-10-04T00:00:00-04:00,2024-10-15T00:00:00-05:00,Mike Torres,$100.00,$100.00
"=""""145""""",Bi-weekly service,In Progress,Larry Brown,"35332 School St, Alexandria, VA 22301",2022-08-22T00:00:00-04:00,2022-08-30T00:00:00-05:00,Jeremy Casanave,$80.00,$80.00
"=""""146""""",Every 2 Weeks - Pet Waste Removal,Scheduled,Anna Ramirez,"17323 Creek Rd, Shepherdstown, WV 25443",2023-12-20T00:00:00-04:00,2023-12-31T00:00:00-05:00,Jeremy Casanave,$90.00,$90.00
"=""""147""""",WK SVC,Completed,Charles Ortiz,"9417 Chestnut St, Rockville, MD 20850",2022-07-10T00:00:00-04:00,2022-07-12T00:00:00-05:00,Sarah Mitchell,$25.00,$0.00
"=""""148""""",Monthly Cleanup,Scheduled,Gary Adams,"4250 Spruce St, Chantilly, VA 20151",2023-10-24T00:00:00-04:00,2023-11-03T00:00:00-05:00,Jeremy Casanave,$70.00,$70.00
"=""""149""""",WK SVC,Scheduled,Debra Miller,"29020 Poplar St, Fairfax, VA 22030",2023-07-16T00:00:00-04:00,2023-07-25T00:00:00-05:00,Mike Torres,$55.00,$55.00
"=""""150""""",BW Cleanup,Scheduled,Michael Turner,"171 Spring St, Ashburn, VA 20147",2022-01-17T00:00:00-04:00,2022-01-30T00:00:00-05:00,Sarah Mitchell,$90.00,$90.00
"=""""151""""",Bi-Weekly Cleanup Service,Scheduled,Michael Turner,"171 Spring St, Ashburn, VA 20147",2022-01-17T00:00:00-04:00,2022-01-23T00:00:00-05:00,Jeremy Casanave,$70.00,$70.00
"=""""152""""",WK SVC,Scheduled,Kathleen Martinez,"20635 Grove St, Ashburn, VA 20147",2024-12-22T00:00:00-04:00,2025-01-04T00:00:00-05:00,Sarah Mitchell,$35.00,$35.00
"=""""153""""",Monthly waste removal,Scheduled,Patrick Ramirez,"14337 Washington Blvd, Shepherdstown, WV 25443",2023-10-07T00:00:00-04:00,2023-10-13T00:00:00-05:00,Sarah Mitchell,$40.00,$40.00
"=""""154""""",Monthly Cleanup,Scheduled,Scott Gray,"13564 Sycamore Ln, Haymarket, VA 20169",2022-04-22T00:00:00-04:00,2022-05-05T00:00:00-05:00,Mike Torres,$25.00,$25.00
"=""""155""""",BW Cleanup,Scheduled,Barbara Howard,"24047 Spruce St, Ranson, WV 25438",2022-05-19T00:00:00-04:00,2022-05-28T00:00:00-05:00,Mike Torres,$45.00,$45.00
"=""""156""""",BW Cleanup,Scheduled,Andrew Hughes,"35264 Spruce St, Bluemont, VA 20135",2023-02-21T00:00:00-04:00,2023-02-24T00:00:00-05:00,Sarah Mitchell,$30.00,$30.00
"=""""157""""",Weekly - 2 dogs,In Progress,Rachel Morris,"28574 Lake Dr, Bluemont, VA 20135",2022-01-26T00:00:00-04:00,2022-01-28T00:00:00-05:00,Mike Torres,$35.00,$35.00
"=""""158""""",Bi-Weekly Cleanup Service,Scheduled,Eric Kelly,"7836 Maple Ave, Woodbridge, VA 22191",2025-03-26T00:00:00-04:00,2025-04-07T00:00:00-05:00,Jeremy Casanave,$100.00,$100.00
"=""""159""""",Weekly yard cleanup,Scheduled,Carolyn Perry,"21067 High St, Ranson, WV 25438",2023-04-03T00:00:00-04:00,2023-04-05T00:00:00-05:00,Jeremy Casanave,$100.00,$100.00
"=""""160""""",Weekly Pet Waste Removal,In Progress,Donna Adams,"19209 Chestnut St, McLean, VA 22101",2024-10-07T00:00:00-04:00,2024-10-18T00:00:00-05:00,,$35.00,$35.00
"=""""161""""",Weekly - 2 dogs,Scheduled,Donna Adams,"19209 Chestnut St, McLean, VA 22101",2024-10-07T00:00:00-04:00,2024-10-14T00:00:00-05:00,Mike Torres,$90.00,$90.00
"=""""162""""",Weekly Pet Waste Removal,Awaiting Response,James Evans,"195 Meadow Ln, Centreville, VA 20120",2024-10-04T00:00:00-04:00,2024-10-10T00:00:00-05:00,Mike Torres,$65.00,$65.00
"=""""163""""",WK SVC,Scheduled,Jennifer Robinson,"33223 Hill Rd, Ashburn, VA 20147",2022-09-25T00:00:00-04:00,2022-09-28T00:00:00-05:00,Mike Torres,$70.00,$70.00
"=""""164""""",Every 2 Weeks - Pet Waste Removal,Completed,George Cook,"38419 Park Ave, Herndon, VA 20170",2022-09-05T00:00:00-04:00,2022-09-19T00:00:00-05:00,Jeremy Casanave,$50.00,$0.00
"=""""165""""",BW Cleanup,Scheduled,George Cook,"38419 Park Ave, Herndon, VA 20170",2022-09-05T00:00:00-04:00,2022-09-14T00:00:00-05:00,,$50.00,$50.00
"=""""166""""",Bi-Weekly Cleanup Service,Scheduled,Dorothy Thomas,"14191 Ridge Rd, Purcellville, VA 20132",2022-04-11T00:00:00-04:00,2022-04-17T00:00:00-05:00,Jeremy Casanave,$25.00,$25.00
"=""""167""""",Monthly Cleanup,Awaiting Response,Brenda Butler,"8059 Oak St, Herndon, VA 20170",2022-06-22T00:00:00-04:00,2022-06-24T00:00:00-05:00,,$45.00,$45.00
"=""""168""""",Weekly Pet Waste Removal,In Progress,Samuel Murphy,"3418 Forest Dr, Frederick, MD 21701",2024-02-23T00:00:00-04:00,2024-02-29T00:00:00-05:00,Sarah Mitchell,$75.00,$75.00
"=""""169""""",Weekly - 2 dogs,In Progress,Kimberly Cook,"27100 Aspen Ct, Rockville, MD 20850",2023-02-13T00:00:00-04:00,2023-02-22T00:00:00-05:00,Mike Torres,$80.00,$80.00
"=""""170""""",WK SVC,Awaiting Response,Ashley Foster,"37828 Meadow Ln, Alexandria, VA 22301",2022-02-27T00:00:00-04:00,2022-03-04T00:00:00-05:00,Jeremy Casanave,$80.00,$80.00
"=""""171""""",Monthly waste removal,Scheduled,Matthew Bailey,"3781 Mill Rd, Bluemont, VA 20135",2023-02-17T00:00:00-04:00,2023-02-18T00:00:00-05:00,Sarah Mitchell,$50.00,$50.00
"=""""172""""",Weekly Pet Waste Removal,Scheduled,John Jackson,"24013 Elm St, Silver Spring, MD 20901",2022-10-07T00:00:00-04:00,2022-10-09T00:00:00-05:00,Sarah Mitchell,$65.00,$65.00
"=""""173""""",Bi-Weekly Cleanup Service,Completed,Daniel Russell,"24897 Union St, Vienna, VA 22180",2022-03-08T00:00:00-04:00,2022-03-12T00:00:00-05:00,Jeremy Casanave,$40.00,$0.00
"=""""174""""",Monthly waste removal,Scheduled,Daniel Russell,"24897 Union St, Vienna, VA 22180",2022-03-08T00:00:00-04:00,2022-03-15T00:00:00-05:00,Jeremy Casanave,$25.00,$25.00
"=""""175""""",Every 2 Weeks - Pet Waste Removal,In Progress,Charles Nelson,"5914 Cypress Ave, Fairfax, VA 22030",2022-05-19T00:00:00-04:00,2022-05-28T00:00:00-05:00,Mike Torres,$30.00,$30.00
"=""""176""""",Weekly - 2 dogs,Scheduled,Deborah Murphy,"24919 Creek Rd, Rockville, MD 20850",2024-07-13T00:00:00-04:00,2024-07-14T00:00:00-05:00,Jeremy Casanave,$45.00,$45.00
"=""""177""""",Bi-Weekly Cleanup Service,Scheduled,Dorothy Wilson,"5015 Aspen Ct, Fairfax, VA 22030",2022-12-04T00:00:00-04:00,2022-12-07T00:00:00-05:00,,$30.00,$30.00
"=""""178""""",Weekly yard cleanup,Scheduled,Anthony Harris,"15667 Park Ave, Haymarket, VA 20169",2024-01-09T00:00:00-04:00,2024-01-15T00:00:00-05:00,Sarah Mitchell,$80.00,$80.00
"=""""179""""",Bi-weekly service,Scheduled,Richard Brown,"20308 Willow Dr, Sterling, VA 20164",2025-01-19T00:00:00-04:00,2025-01-21T00:00:00-05:00,Jeremy Casanave,$65.00,$65.00
"=""""180""""",Bi-Weekly Cleanup Service,Scheduled,Richard Brown,"20308 Willow Dr, Sterling, VA 20164",2025-01-19T00:00:00-04:00,2025-01-26T00:00:00-05:00,,$75.00,$75.00
"=""""181""""",BW Cleanup,Scheduled,Jennifer King,"10004 Park Ave, Hamilton, VA 20158",2022-05-05T00:00:00-04:00,2022-05-07T00:00:00-05:00,,$80.00,$80.00
"=""""182""""",Every 2 Weeks - Pet Waste Removal,Awaiting Response,Donald Peterson,"37535 Sycamore Ln, Bethesda, MD 20814",2022-12-21T00:00:00-04:00,2023-01-03T00:00:00-05:00,Jeremy Casanave,$55.00,$55.00
"=""""183""""",Weekly Pet Waste Removal,Scheduled,David Morales,"21055 Elm St, Manassas, VA 20110",2024-07-27T00:00:00-04:00,2024-08-10T00:00:00-05:00,Sarah Mitchell,$55.00,$55.00
"=""""184""""",Monthly waste removal,Awaiting Response,David Morales,"21055 Elm St, Manassas, VA 20110",2024-07-27T00:00:00-04:00,2024-08-06T00:00:00-05:00,,$45.00,$45.00
"=""""185""""",Weekly yard cleanup,In Progress,David Morales,"21055 Elm St, Manassas, VA 20110",2024-07-27T00:00:00-04:00,2024-08-03T00:00:00-05:00,Mike Torres,$45.00,$45.00
"=""""186""""",Weekly Cleanup Service,Completed,Ronald Nelson,"24508 Maple Ave, Woodbridge, VA 22191",2022-10-03T00:00:00-04:00,2022-10-04T00:00:00-05:00,Jeremy Casanave,$30.00,$0.00
"=""""187""""",Weekly - 2 dogs,Scheduled,Janet Collins,"26784 Dogwood Dr, Arlington, VA 22201",2023-09-30T00:00:00-04:00,2023-10-10T00:00:00-05:00,Jeremy Casanave,$25.00,$25.00
"=""""188""""",Weekly yard cleanup,Completed,Matthew Sanchez,"13148 High St, Burke, VA 22015",2024-02-02T00:00:00-04:00,2024-02-08T00:00:00-05:00,Jeremy Casanave,$35.00,$0.00
"=""""189""""",2x monthly service,Scheduled,Matthew Sanchez,"13148 High St, Burke, VA 22015",2024-02-02T00:00:00-04:00,2024-02-11T00:00:00-05:00,,$70.00,$70.00
"=""""190""""",Monthly Cleanup,Scheduled,Stephen Hall,"1898 Meadow Ln, Gainesville, VA 20155",2023-04-07T00:00:00-04:00,2023-04-18T00:00:00-05:00,,$45.00,$45.00
"=""""191""""",Bi-weekly service,Scheduled,Jacob Taylor,"18147 Walnut Ave, Haymarket, VA 20169",2024-12-02T00:00:00-04:00,2024-12-12T00:00:00-05:00,Jeremy Casanave,$90.00,$90.00
"=""""192""""",2x monthly service,Scheduled,Jacob Taylor,"18147 Walnut Ave, Haymarket, VA 20169",2024-12-02T00:00:00-04:00,2024-12-12T00:00:00-05:00,,$50.00,$50.00
"=""""193""""",WK SVC,In Progress,Samuel Gray,"4283 Summit Ave, Gaithersburg, MD 20877",2022-11-04T00:00:00-04:00,2022-11-17T00:00:00-05:00,Mike Torres,$60.00,$60.00
"=""""194""""",Weekly yard cleanup,Completed,Samuel Gray,"4283 Summit Ave, Gaithersburg, MD 20877",2022-11-04T00:00:00-04:00,2022-11-14T00:00:00-05:00,Jeremy Casanave,$50.00,$0.00
"=""""195""""",Monthly waste removal,Scheduled,Kenneth Perez,"8484 Main St, Gaithersburg, MD 20877",2023-12-29T00:00:00-04:00,2024-01-01T00:00:00-05:00,Jeremy Casanave,$35.00,$35.00
"=""""196""""",2x monthly service,Awaiting Response,Dorothy Brooks,"31047 Valley Rd, Lovettsville, VA 20180",2022-04-21T00:00:00-04:00,2022-05-01T00:00:00-05:00,Jeremy Casanave,$75.00,$75.00
"=""""197""""",Bi-weekly service,Scheduled,Ryan Jackson,"21899 Cypress Ave, Rockville, MD 20850",2023-03-05T00:00:00-04:00,2023-03-16T00:00:00-05:00,,$70.00,$70.00
"=""""198""""",WK SVC,In Progress,Elizabeth Taylor,"25221 Oak St, Gaithersburg, MD 20877",2024-12-23T00:00:00-04:00,2025-01-02T00:00:00-05:00,Mike Torres,$65.00,$65.00
"=""""199""""",WK SVC,In Progress,Frank Hall,"11045 Elm St, Haymarket, VA 20169",2022-10-02T00:00:00-04:00,2022-10-04T00:00:00-05:00,Mike Torres,$90.00,$90.00
"=""""200""""",Weekly - 2 dogs,In Progress,Stephanie Williams,"11174 Lake Dr, Bethesda, MD 20814",2022-04-09T00:00:00-04:00,2022-04-23T00:00:00-05:00,Jeremy Casanave,$35.00,$35.00
"=""""201""""",Bi-Weekly Cleanup Service,Scheduled,Jeffrey Carter,"709 Union St, Arlington, VA 22201",2022-08-03T00:00:00-04:00,2022-08-06T00:00:00-05:00,Sarah Mitchell,$80.00,$80.00
"=""""202""""",Weekly yard cleanup,Scheduled,Jeffrey Carter,"709 Union St, Arlington, VA 22201",2022-08-03T00:00:00-04:00,2022-08-07T00:00:00-05:00,Jeremy Casanave,$65.00,$65.00
"=""""203""""",WK SVC,In Progress,Jeffrey Carter,"709 Union St, Arlington, VA 22201",2022-08-03T00:00:00-04:00,2022-08-10T00:00:00-05:00,Jeremy Casanave,$100.00,$100.00
"=""""204""""",Weekly - 2 dogs,In Progress,Raymond Anderson,"21639 Creek Rd, Fairfax, VA 22030",2023-01-10T00:00:00-04:00,2023-01-19T00:00:00-05:00,Mike Torres,$30.00,$30.00
"=""""205""""",WK SVC,Awaiting Response,Raymond Anderson,"21639 Creek Rd, Fairfax, VA 22030",2023-01-10T00:00:00-04:00,2023-01-11T00:00:00-05:00,Jeremy Casanave,$100.00,$100.00
"=""""206""""",2x monthly service,In Progress,Raymond Anderson,"21639 Creek Rd, Fairfax, VA 22030",2023-01-10T00:00:00-04:00,2023-01-20T00:00:00-05:00,Jeremy Casanave,$75.00,$75.00
"=""""207""""",Bi-Weekly Cleanup Service,Scheduled,Rebecca Long,"6896 Birch St, Fairfax, VA 22030",2024-02-17T00:00:00-04:00,2024-02-25T00:00:00-05:00,Jeremy Casanave,$70.00,$70.00
"=""""208""""",BW Cleanup,Scheduled,Gary Anderson,"910 Sycamore Ln, Warrenton, VA 20186",2024-12-07T00:00:00-04:00,2024-12-17T00:00:00-05:00,Sarah Mitchell,$40.00,$40.00
"=""""209""""",Weekly yard cleanup,In Progress,Kevin Foster,"863 Linden Ln, Hamilton, VA 20158",2024-10-03T00:00:00-04:00,2024-10-14T00:00:00-05:00,Jeremy Casanave,$50.00,$50.00
"=""""210""""",2x monthly service,Scheduled,Samuel Carter,"37654 Hickory Ln, Shepherdstown, WV 25443",2022-02-06T00:00:00-04:00,2022-02-18T00:00:00-05:00,Mike Torres,$25.00,$25.00
"=""""211""""",Weekly Cleanup Service,Completed,Nicole Cruz,"22438 Grove St, Frederick, MD 21701",2024-08-26T00:00:00-04:00,2024-09-07T00:00:00-05:00,Jeremy Casanave,$30.00,$0.00
"=""""212""""",Bi-Weekly Cleanup Service,Scheduled,Raymond Lewis,"24603 Park Ave, Silver Spring, MD 20901",2023-02-06T00:00:00-04:00,2023-02-10T00:00:00-05:00,Jeremy Casanave,$100.00,$100.00
"=""""213""""",Every 2 Weeks - Pet Waste Removal,In Progress,Raymond Lewis,"24603 Park Ave, Silver Spring, MD 20901",2023-02-06T00:00:00-04:00,2023-02-16T00:00:00-05:00,Mike Torres,$60.00,$60.00
"=""""214""""",Weekly Pet Waste Removal,Completed,Daniel Gutierrez,"33137 Meadow Ln, Warrenton, VA 20186",2023-12-04T00:00:00-04:00,2023-12-11T00:00:00-05:00,Jeremy Casanave,$25.00,$0.00
"=""""215""""",Bi-Weekly Cleanup Service,In Progress,Kathleen Brooks,"27781 Oak St, Gainesville, VA 20155",2022-04-26T00:00:00-04:00,2022-05-05T00:00:00-05:00,Jeremy Casanave,$80.00,$80.00
"=""""216""""",Weekly Cleanup Service,Scheduled,Kathleen Brooks,"27781 Oak St, Gainesville, VA 20155",2022-04-26T00:00:00-04:00,2022-05-02T00:00:00-05:00,Sarah Mitchell,$25.00,$25.00
"=""""217""""",Weekly Pet Waste Removal,Scheduled,Linda Powell,"6816 Juniper Rd, Shepherdstown, WV 25443",2023-08-13T00:00:00-04:00,2023-08-15T00:00:00-05:00,Jeremy Casanave,$50.00,$50.00
"=""""218""""",BW Cleanup,Scheduled,Stephen Miller,"14881 Cypress Ave, Shepherdstown, WV 25443",2023-02-01T00:00:00-04:00,2023-02-09T00:00:00-05:00,Sarah Mitchell,$30.00,$30.00
"=""""219""""",Monthly waste removal,Scheduled,Raymond Gomez,"8624 Forest Dr, Manassas, VA 20110",2022-11-11T00:00:00-04:00,2022-11-21T00:00:00-05:00,Sarah Mitchell,$40.00,$40.00
"=""""220""""",Weekly Cleanup Service,Completed,Pamela Diaz,"34218 Elm St, Vienna, VA 22180",2023-12-17T00:00:00-04:00,2023-12-18T00:00:00-05:00,Mike Torres,$75.00,$0.00
"=""""221""""",Bi-weekly service,Scheduled,Pamela Diaz,"34218 Elm St, Vienna, VA 22180",2023-12-17T00:00:00-04:00,2023-12-31T00:00:00-05:00,,$90.00,$90.00
"=""""222""""",Weekly yard cleanup,Scheduled,Patrick Torres,"32003 Cedar Ln, Shepherdstown, WV 25443",2025-01-06T00:00:00-04:00,2025-01-08T00:00:00-05:00,Mike Torres,$75.00,$75.00
"=""""223""""",Weekly Pet Waste Removal,Awaiting Response,Susan Clark,"1656 Poplar St, Reston, VA 20190",2023-05-31T00:00:00-04:00,2023-06-08T00:00:00-05:00,Sarah Mitchell,$70.00,$70.00
"=""""224""""",WK SVC,Scheduled,Susan Clark,"1656 Poplar St, Reston, VA 20190",2023-05-31T00:00:00-04:00,2023-06-13T00:00:00-05:00,Jeremy Casanave,$30.00,$30.00
"=""""225""""",Weekly yard cleanup,Awaiting Response,Laura Hughes,"35150 Oak St, Sterling, VA 20164",2024-10-26T00:00:00-04:00,2024-10-27T00:00:00-05:00,Sarah Mitchell,$75.00,$75.00
"=""""226""""",Weekly - 2 dogs,Scheduled,Jeffrey Carter,"14509 Hill Rd, Germantown, MD 20874",2022-10-23T00:00:00-04:00,2022-10-26T00:00:00-05:00,Jeremy Casanave,$60.00,$60.00
"=""""227""""",Every 2 Weeks - Pet Waste Removal,Awaiting Response,Jeffrey Carter,"14509 Hill Rd, Germantown, MD 20874",2022-10-23T00:00:00-04:00,2022-11-02T00:00:00-05:00,,$55.00,$55.00
"=""""228""""",Weekly Pet Waste Removal,Scheduled,Stephen Richardson,"35302 Aspen Ct, Charles Town, WV 25414",2024-11-15T00:00:00-04:00,2024-11-18T00:00:00-05:00,Jeremy Casanave,$65.00,$65.00
"=""""229""""",Bi-Weekly Cleanup Service,In Progress,Joseph White,"36122 Elm St, Frederick, MD 21701",2024-01-02T00:00:00-04:00,2024-01-14T00:00:00-05:00,,$75.00,$75.00
"=""""230""""",2x monthly service,Scheduled,Brian Moore,"29286 Creek Rd, Frederick, MD 21701",2022-06-17T00:00:00-04:00,2022-06-23T00:00:00-05:00,Sarah Mitchell,$75.00,$75.00
"=""""231""""",Weekly yard cleanup,Scheduled,Janet Hughes,"2144 Mulberry Ln, Bethesda, MD 20814",2023-06-18T00:00:00-04:00,2023-06-25T00:00:00-05:00,Mike Torres,$100.00,$100.00
"=""""232""""",Weekly Cleanup Service,Scheduled,Janet Hughes,"2144 Mulberry Ln, Bethesda, MD 20814",2023-06-18T00:00:00-04:00,2023-06-20T00:00:00-05:00,Sarah Mitchell,$25.00,$25.00
"=""""233""""",Every 2 Weeks - Pet Waste Removal,Scheduled,Ronald Lewis,"33550 Washington Blvd, Bethesda, MD 20814",2022-10-15T00:00:00-04:00,2022-10-19T00:00:00-05:00,Mike Torres,$25.00,$25.00
"=""""234""""",Bi-weekly service,In Progress,Samantha Scott,"24906 Grove St, Clifton, VA 20124",2024-04-11T00:00:00-04:00,2024-04-13T00:00:00-05:00,Mike Torres,$45.00,$45.00
"=""""235""""",Bi-weekly service,In Progress,James Bell,"18503 Spring St, Bethesda, MD 20814",2023-11-08T00:00:00-04:00,2023-11-18T00:00:00-05:00,Jeremy Casanave,$40.00,$40.00
"=""""236""""",Weekly Cleanup Service,Awaiting Response,Emma Lee,"8481 Chestnut St, Purcellville, VA 20132",2022-10-28T00:00:00-04:00,2022-11-04T00:00:00-05:00,Jeremy Casanave,$70.00,$70.00
"=""""237""""",2x monthly service,In Progress,Larry Price,"29538 Hawthorn Dr, Arlington, VA 22201",2023-01-08T00:00:00-04:00,2023-01-22T00:00:00-05:00,Jeremy Casanave,$75.00,$75.00
"=""""238""""",Weekly Cleanup Service,Awaiting Response,Scott Bennett,"1185 Valley Rd, Ashburn, VA 20147",2024-09-01T00:00:00-04:00,2024-09-04T00:00:00-05:00,Jeremy Casanave,$35.00,$35.00
"=""""239""""",Monthly waste removal,Awaiting Response,Kathleen Foster,"34312 Birch St, Martinsburg, WV 25401",2024-02-20T00:00:00-04:00,2024-02-28T00:00:00-05:00,Mike Torres,$90.00,$90.00
"=""""240""""",WK SVC,In Progress,Kathleen Foster,"34312 Birch St, Martinsburg, WV 25401",2024-02-20T00:00:00-04:00,2024-02-26T00:00:00-05:00,Sarah Mitchell,$30.00,$30.00
"=""""241""""",Bi-weekly service,Completed,Sarah Allen,"39309 Spruce St, Gainesville, VA 20155",2022-01-15T00:00:00-04:00,2022-01-23T00:00:00-05:00,,$35.00,$0.00
"=""""242""""",Bi-Weekly Cleanup Service,Scheduled,Sarah Allen,"39309 Spruce St, Gainesville, VA 20155",2022-01-15T00:00:00-04:00,2022-01-20T00:00:00-05:00,Jeremy Casanave,$40.00,$40.00
"=""""243""""",Bi-weekly service,Awaiting Response,Brian Wilson,"37106 Grove St, Martinsburg, WV 25401",2025-02-15T00:00:00-04:00,2025-02-17T00:00:00-05:00,Jeremy Casanave,$90.00,$90.00
"=""""244""""",Monthly Cleanup,In Progress,Donna Watson,"15158 Hickory Ln, Sterling, VA 20164",2025-02-01T00:00:00-04:00,2025-02-13T00:00:00-05:00,Jeremy Casanave,$90.00,$90.00
"=""""245""""",Weekly Pet Waste Removal,Scheduled,Donna Watson,"15158 Hickory Ln, Sterling, VA 20164",2025-02-01T00:00:00-04:00,2025-02-05T00:00:00-05:00,Jeremy Casanave,$70.00,$70.00
"=""""246""""",Bi-weekly service,Scheduled,Samantha Smith,"5876 Elm St, Martinsburg, WV 25401",2024-12-03T00:00:00-04:00,2024-12-07T00:00:00-05:00,,$65.00,$65.00
"=""""247""""",Weekly - 2 dogs,Completed,Samantha Smith,"5876 Elm St, Martinsburg, WV 25401",2024-12-03T00:00:00-04:00,2024-12-15T00:00:00-05:00,Jeremy Casanave,$50.00,$0.00
"=""""248""""",BW Cleanup,Scheduled,Jeffrey Johnson,"39389 Magnolia Ave, Purcellville, VA 20132",2022-01-01T00:00:00-04:00,2022-01-14T00:00:00-05:00,,$60.00,$60.00
"=""""249""""",Weekly Cleanup Service,Awaiting Response,Daniel Evans,"7768 Magnolia Ave, Centreville, VA 20120",2025-02-27T00:00:00-04:00,2025-02-28T00:00:00-05:00,Jeremy Casanave,$70.00,$70.00
"=""""250""""",Bi-weekly service,In Progress,Emma Brown,"15168 Ridge Rd, Alexandria, VA 22301",2023-08-12T00:00:00-04:00,2023-08-23T00:00:00-05:00,,$100.00,$100.00
"=""""251""""",Every 2 Weeks - Pet Waste Removal,Scheduled,Stephen Thompson,"12078 Valley Rd, Woodbridge, VA 22191",2023-04-15T00:00:00-04:00,2023-04-18T00:00:00-05:00,Mike Torres,$50.00,$50.00
"=""""252""""",Monthly Cleanup,Scheduled,Jessica Hernandez,"2869 Cherry St, Germantown, MD 20874",2024-11-12T00:00:00-04:00,2024-11-23T00:00:00-05:00,Sarah Mitchell,$100.00,$100.00
"=""""253""""",Weekly Pet Waste Removal,Scheduled,Jessica Hernandez,"2869 Cherry St, Germantown, MD 20874",2024-11-12T00:00:00-04:00,2024-11-22T00:00:00-05:00,Mike Torres,$25.00,$25.00
"=""""254""""",Weekly - 2 dogs,Scheduled,Jessica Hernandez,"2869 Cherry St, Germantown, MD 20874",2024-11-12T00:00:00-04:00,2024-11-15T00:00:00-05:00,Mike Torres,$25.00,$25.00
"=""""255""""",Weekly Cleanup Service,Completed,Jason Cooper,"30062 Lake Dr, Vienna, VA 22180",2023-03-08T00:00:00-04:00,2023-03-20T00:00:00-05:00,Jeremy Casanave,$60.00,$0.00
"=""""256""""",Monthly waste removal,Scheduled,Stephen King,"24081 Sunset Blvd, Centreville, VA 20120",2023-07-27T00:00:00-04:00,2023-07-30T00:00:00-05:00,Mike Torres,$45.00,$45.00
"=""""257""""",Bi-weekly service,Completed,Patrick Wright,"9658 River Rd, McLean, VA 22101",2024-11-24T00:00:00-04:00,2024-11-26T00:00:00-05:00,Jeremy Casanave,$25.00,$0.00
"=""""258""""",Bi-Weekly Cleanup Service,Completed,Larry Miller,"31330 Cypress Ave, Manassas, VA 20110",2025-02-21T00:00:00-04:00,2025-02-24T00:00:00-05:00,Mike Torres,$35.00,$0.00
"=""""259""""",Monthly waste removal,Completed,Jessica Hall,"11538 School St, Germantown, MD 20874",2024-02-20T00:00:00-04:00,2024-03-03T00:00:00-05:00,,$65.00,$0.00
"=""""260""""",Monthly Cleanup,In Progress,Rebecca Hughes,"10716 Summit Ave, Bluemont, VA 20135",2024-03-20T00:00:00-04:00,2024-03-30T00:00:00-05:00,Sarah Mitchell,$55.00,$55.00
"=""""261""""",Weekly - 2 dogs,In Progress,Lisa White,"13900 Forest Dr, Bluemont, VA 20135",2024-03-24T00:00:00-04:00,2024-03-29T00:00:00-05:00,Sarah Mitchell,$90.00,$90.00
"=""""262""""",2x monthly service,Completed,Karen Hernandez,"29142 Cypress Ave, Gainesville, VA 20155",2024-01-01T00:00:00-04:00,2024-01-12T00:00:00-05:00,Sarah Mitchell,$40.00,$0.00
"=""""263""""",Monthly waste removal,Scheduled,Jeffrey Moore,"37061 Walnut Ave, Frederick, MD 21701",2024-06-23T00:00:00-04:00,2024-06-24T00:00:00-05:00,Mike Torres,$40.00,$40.00
"=""""264""""",2x monthly service,Scheduled,James Kelly,"35168 Oak St, Gaithersburg, MD 20877",2023-08-23T00:00:00-04:00,2023-08-27T00:00:00-05:00,,$25.00,$25.00
"=""""265""""",Weekly yard cleanup,Scheduled,Joseph Price,"12406 Ridge Rd, Rockville, MD 20850",2023-08-01T00:00:00-04:00,2023-08-02T00:00:00-05:00,Jeremy Casanave,$35.00,$35.00
"=""""266""""",BW Cleanup,In Progress,Mary Thomas,"2296 Valley Rd, Springfield, VA 22150",2023-10-02T00:00:00-04:00,2023-10-09T00:00:00-05:00,Sarah Mitchell,$80.00,$80.00
"=""""267""""",Bi-Weekly Cleanup Service,Awaiting Response,Mary Thomas,"2296 Valley Rd, Springfield, VA 22150",2023-10-02T00:00:00-04:00,2023-10-08T00:00:00-05:00,,$40.00,$40.00
"=""""268""""",Weekly Cleanup Service,Scheduled,Kathleen Price,"7500 Church St, Arlington, VA 22201",2022-09-03T00:00:00-04:00,2022-09-11T00:00:00-05:00,Jeremy Casanave,$60.00,$60.00
"=""""269""""",Weekly - 2 dogs,Scheduled,Karen Mitchell,"22278 Cypress Ave, Bluemont, VA 20135",2024-09-26T00:00:00-04:00,2024-09-29T00:00:00-05:00,Jeremy Casanave,$50.00,$50.00
"=""""270""""",Weekly - 2 dogs,Scheduled,Janet Harris,"2687 Dogwood Dr, Manassas, VA 20110",2025-03-06T00:00:00-04:00,2025-03-16T00:00:00-05:00,Jeremy Casanave,$60.00,$60.00
"=""""271""""",Weekly yard cleanup,Scheduled,Scott Diaz,"17358 Spruce St, Gainesville, VA 20155",2023-01-15T00:00:00-04:00,2023-01-18T00:00:00-05:00,Jeremy Casanave,$35.00,$35.00
"=""""272""""",Bi-Weekly Cleanup Service,Scheduled,Scott Diaz,"17358 Spruce St, Gainesville, VA 20155",2023-01-15T00:00:00-04:00,2023-01-24T00:00:00-05:00,,$100.00,$100.00
"=""""273""""",Weekly - 2 dogs,Scheduled,Patrick Rodriguez,"36240 River Rd, Rockville, MD 20850",2024-12-07T00:00:00-04:00,2024-12-18T00:00:00-05:00,,$55.00,$55.00
"=""""274""""",2x monthly service,In Progress,Shirley Foster,"7014 Cypress Ave, Ranson, WV 25438",2023-01-05T00:00:00-04:00,2023-01-10T00:00:00-05:00,,$80.00,$80.00
"=""""275""""",Bi-Weekly Cleanup Service,Awaiting Response,Scott Murphy,"28319 Ridge Rd, Ranson, WV 25438",2023-06-05T00:00:00-04:00,2023-06-08T00:00:00-05:00,Jeremy Casanave,$65.00,$65.00
"=""""276""""",Weekly - 2 dogs,In Progress,Scott Murphy,"28319 Ridge Rd, Ranson, WV 25438",2023-06-05T00:00:00-04:00,2023-06-06T00:00:00-05:00,Mike Torres,$60.00,$60.00
"=""""277""""",Monthly Cleanup,Scheduled,Scott Murphy,"28319 Ridge Rd, Ranson, WV 25438",2023-06-05T00:00:00-04:00,2023-06-12T00:00:00-05:00,Sarah Mitchell,$25.00,$25.00
"=""""278""""",Monthly Cleanup,In Progress,Andrew Gray,"19782 Mill Rd, Round Hill, VA 20141",2022-03-19T00:00:00-04:00,2022-04-01T00:00:00-05:00,Sarah Mitchell,$35.00,$35.00
"=""""279""""",WK SVC,Scheduled,Andrew Gray,"19782 Mill Rd, Round Hill, VA 20141",2022-03-19T00:00:00-04:00,2022-03-21T00:00:00-05:00,,$75.00,$75.00
"=""""280""""",Monthly waste removal,Scheduled,Linda Nelson,"39572 Oak St, Alexandria, VA 22301",2025-01-10T00:00:00-04:00,2025-01-23T00:00:00-05:00,Sarah Mitchell,$30.00,$30.00
"=""""281""""",Weekly yard cleanup,Completed,Michael Ross,"6003 Mill Rd, Bethesda, MD 20814",2022-06-19T00:00:00-04:00,2022-06-20T00:00:00-05:00,Mike Torres,$70.00,$0.00
"=""""282""""",Monthly Cleanup,Completed,Michael Ross,"6003 Mill Rd, Bethesda, MD 20814",2022-06-19T00:00:00-04:00,2022-07-03T00:00:00-05:00,,$60.00,$0.00
"=""""283""""",Weekly Cleanup Service,Scheduled,David Phillips,"36754 Valley Rd, Gaithersburg, MD 20877",2022-05-27T00:00:00-04:00,2022-06-07T00:00:00-05:00,,$35.00,$35.00
"=""""284""""",Bi-Weekly Cleanup Service,Scheduled,Christine Evans,"39020 Linden Ln, Chantilly, VA 20151",2022-04-02T00:00:00-04:00,2022-04-05T00:00:00-05:00,,$60.00,$60.00
"=""""285""""",2x monthly service,Awaiting Response,Kathleen Cruz,"2949 Main St, Silver Spring, MD 20901",2022-01-18T00:00:00-04:00,2022-01-19T00:00:00-05:00,Sarah Mitchell,$75.00,$75.00
"=""""286""""",Monthly Cleanup,Scheduled,Kathleen Cruz,"2949 Main St, Silver Spring, MD 20901",2022-01-18T00:00:00-04:00,2022-02-01T00:00:00-05:00,Mike Torres,$80.00,$80.00
"=""""287""""",BW Cleanup,Scheduled,John Nguyen,"20773 Dogwood Dr, Ashburn, VA 20147",2024-07-26T00:00:00-04:00,2024-07-29T00:00:00-05:00,Jeremy Casanave,$30.00,$30.00
"=""""288""""",Bi-weekly service,Awaiting Response,Donna Nelson,"23390 Cypress Ave, Chantilly, VA 20151",2022-03-02T00:00:00-04:00,2022-03-16T00:00:00-05:00,Sarah Mitchell,$30.00,$30.00
"=""""289""""",BW Cleanup,In Progress,Raymond Moore,"27450 Church St, Alexandria, VA 22301",2022-09-27T00:00:00-04:00,2022-10-09T00:00:00-05:00,Jeremy Casanave,$45.00,$45.00
"=""""290""""",Monthly Cleanup,Scheduled,Donna Powell,"20907 Elm St, Fairfax, VA 22030",2022-03-02T00:00:00-04:00,2022-03-11T00:00:00-05:00,Jeremy Casanave,$55.00,$55.00
"=""""291""""",Weekly yard cleanup,Scheduled,Donna Powell,"20907 Elm St, Fairfax, VA 22030",2022-03-02T00:00:00-04:00,2022-03-05T00:00:00-05:00,,$40.00,$40.00
"=""""292""""",Weekly Cleanup Service,Awaiting Response,Maria Price,"8720 Sunset Blvd, Ashburn, VA 20147",2022-02-23T00:00:00-04:00,2022-03-04T00:00:00-05:00,Mike Torres,$45.00,$45.00
"=""""293""""",2x monthly service,Scheduled,Nancy Roberts,"2212 Birch St, Alexandria, VA 22301",2023-02-20T00:00:00-04:00,2023-02-28T00:00:00-05:00,Jeremy Casanave,$100.00,$100.00
"=""""294""""",Bi-Weekly Cleanup Service,Awaiting Response,Ryan Young,"25931 Juniper Rd, Warrenton, VA 20186",2022-08-12T00:00:00-04:00,2022-08-13T00:00:00-05:00,Mike Torres,$60.00,$60.00
"=""""295""""",Monthly waste removal,In Progress,Ryan Young,"25931 Juniper Rd, Warrenton, VA 20186",2022-08-12T00:00:00-04:00,2022-08-22T00:00:00-05:00,Jeremy Casanave,$35.00,$35.00
"=""""296""""",BW Cleanup,Scheduled,Ryan Young,"25931 Juniper Rd, Warrenton, VA 20186",2022-08-12T00:00:00-04:00,2022-08-13T00:00:00-05:00,,$25.00,$25.00
"=""""297""""",Bi-weekly service,In Progress,Brenda Roberts,"26185 Union St, Shepherdstown, WV 25443",2022-04-22T00:00:00-04:00,2022-05-05T00:00:00-05:00,,$40.00,$40.00
"=""""298""""",Every 2 Weeks - Pet Waste Removal,In Progress,Patrick Bell,"21298 Hickory Ln, Ranson, WV 25438",2023-05-28T00:00:00-04:00,2023-06-01T00:00:00-05:00,Mike Torres,$90.00,$90.00
"=""""299""""",Monthly Cleanup,Awaiting Response,Elizabeth Anderson,"33632 Juniper Rd, Clifton, VA 20124",2025-03-04T00:00:00-04:00,2025-03-11T00:00:00-05:00,,$45.00,$45.00
"=""""300""""",Every 2 Weeks - Pet Waste Removal,Scheduled,Carolyn Miller,"11942 Lake Dr, Gainesville, VA 20155",2024-10-16T00:00:00-04:00,2024-10-20T00:00:00-05:00,Jeremy Casanave,$70.00,$70.00
"=""""301""""",Every 2 Weeks - Pet Waste Removal,Scheduled,Margaret Bennett,"39501 Hawthorn Dr, Bluemont, VA 20135",2023-01-14T00:00:00-04:00,2023-01-26T00:00:00-05:00,Jeremy Casanave,$100.00,$100.00
"=""""302""""",Weekly Pet Waste Removal,Completed,Christine Watson,"7236 Birch St, Hamilton, VA 20158",2024-01-08T00:00:00-04:00,2024-01-20T00:00:00-05:00,Sarah Mitchell,$60.00,$0.00
"=""""303""""",Weekly Cleanup Service,Scheduled,Christine Watson,"7236 Birch St, Hamilton, VA 20158",2024-01-08T00:00:00-04:00,2024-01-14T00:00:00-05:00,Sarah Mitchell,$25.00,$25.00
"=""""304""""",Weekly Pet Waste Removal,Scheduled,Christine Watson,"7236 Birch St, Hamilton, VA 20158",2024-01-08T00:00:00-04:00,2024-01-09T00:00:00-05:00,Jeremy Casanave,$25.00,$25.00
"=""""305""""",Monthly Cleanup,Completed,William Stewart,"18084 Summit Ave, Sterling, VA 20164",2025-03-16T00:00:00-04:00,2025-03-28T00:00:00-05:00,,$55.00,$0.00
"=""""306""""",Weekly Cleanup Service,Scheduled,Alexander Torres,"8600 Juniper Rd, Chantilly, VA 20151",2023-04-22T00:00:00-04:00,2023-05-01T00:00:00-05:00,Jeremy Casanave,$65.00,$65.00
"=""""307""""",Bi-Weekly Cleanup Service,Scheduled,Cynthia Hughes,"27234 Cedar Ln, Ranson, WV 25438",2023-02-17T00:00:00-04:00,2023-02-22T00:00:00-05:00,,$30.00,$30.00
"=""""308""""",Bi-Weekly Cleanup Service,Scheduled,Stephen Adams,"26055 Chestnut St, Centreville, VA 20120",2024-09-08T00:00:00-04:00,2024-09-18T00:00:00-05:00,Sarah Mitchell,$90.00,$90.00
"=""""309""""",Weekly - 2 dogs,Scheduled,Benjamin Rogers,"34249 Union St, Hamilton, VA 20158",2023-11-11T00:00:00-04:00,2023-11-19T00:00:00-05:00,Jeremy Casanave,$80.00,$80.00
"=""""310""""",Monthly waste removal,Completed,Edward Hughes,"12380 Hawthorn Dr, Clifton, VA 20124",2024-04-27T00:00:00-04:00,2024-05-05T00:00:00-05:00,Jeremy Casanave,$80.00,$0.00
"=""""311""""",Weekly Cleanup Service,Scheduled,Edward Hughes,"12380 Hawthorn Dr, Clifton, VA 20124",2024-04-27T00:00:00-04:00,2024-04-28T00:00:00-05:00,Mike Torres,$65.00,$65.00
"=""""312""""",Bi-Weekly Cleanup Service,In Progress,Margaret Howard,"6168 Hickory Ln, McLean, VA 22101",2023-11-28T00:00:00-04:00,2023-12-12T00:00:00-05:00,,$65.00,$65.00
"=""""313""""",Weekly - 2 dogs,Scheduled,Margaret Howard,"6168 Hickory Ln, McLean, VA 22101",2023-11-28T00:00:00-04:00,2023-12-05T00:00:00-05:00,Jeremy Casanave,$40.00,$40.00
"=""""314""""",Weekly Cleanup Service,Scheduled,Margaret Howard,"6168 Hickory Ln, McLean, VA 22101",2023-11-28T00:00:00-04:00,2023-12-08T00:00:00-05:00,Jeremy Casanave,$100.00,$100.00
"=""""315""""",Weekly Pet Waste Removal,Scheduled,Richard Kelly,"25500 Sycamore Ln, Frederick, MD 21701",2022-04-05T00:00:00-04:00,2022-04-07T00:00:00-05:00,Sarah Mitchell,$30.00,$30.00
"=""""316""""",Bi-Weekly Cleanup Service,Awaiting Response,Pamela Flores,"18230 Spruce St, Gainesville, VA 20155",2023-07-15T00:00:00-04:00,2023-07-17T00:00:00-05:00,Jeremy Casanave,$50.00,$50.00
"=""""317""""",WK SVC,Completed,Anna Hall,"11324 Elm St, Springfield, VA 22150",2022-09-24T00:00:00-04:00,2022-09-29T00:00:00-05:00,Jeremy Casanave,$50.00,$0.00
"=""""318""""",Every 2 Weeks - Pet Waste Removal,Scheduled,Donna Morales,"9518 Juniper Rd, Alexandria, VA 22301",2024-09-25T00:00:00-04:00,2024-09-29T00:00:00-05:00,Mike Torres,$75.00,$75.00
"=""""319""""",Weekly yard cleanup,Scheduled,Donna Morales,"9518 Juniper Rd, Alexandria, VA 22301",2024-09-25T00:00:00-04:00,2024-09-27T00:00:00-05:00,Sarah Mitchell,$50.00,$50.00
"=""""320""""",BW Cleanup,Scheduled,Lisa Torres,"7111 Ridge Rd, Charles Town, WV 25414",2024-04-26T00:00:00-04:00,2024-04-27T00:00:00-05:00,Mike Torres,$60.00,$60.00
"=""""321""""",Monthly waste removal,Scheduled,William Baker,"35786 Church St, Centreville, VA 20120",2024-08-06T00:00:00-04:00,2024-08-11T00:00:00-05:00,Mike Torres,$70.00,$70.00
"=""""322""""",Every 2 Weeks - Pet Waste Removal,Completed,William Gray,"6033 Spring St, Hamilton, VA 20158",2022-11-02T00:00:00-04:00,2022-11-03T00:00:00-05:00,Jeremy Casanave,$30.00,$0.00
"=""""323""""",Weekly yard cleanup,Completed,Anthony Morales,"5951 Mulberry Ln, Chantilly, VA 20151",2024-01-27T00:00:00-04:00,2024-01-28T00:00:00-05:00,Sarah Mitchell,$90.00,$0.00
"=""""324""""",Bi-Weekly Cleanup Service,Completed,Andrew Brown,"26709 Meadow Ln, Clifton, VA 20124",2023-01-21T00:00:00-04:00,2023-01-30T00:00:00-05:00,Sarah Mitchell,$35.00,$0.00
"=""""325""""",Monthly waste removal,In Progress,Andrew Sanders,"31996 Walnut Ave, Reston, VA 20190",2024-05-21T00:00:00-04:00,2024-05-26T00:00:00-05:00,Sarah Mitchell,$25.00,$25.00
"=""""326""""",Weekly Cleanup Service,Awaiting Response,Amanda Lewis,"32981 High St, Springfield, VA 22150",2024-09-16T00:00:00-04:00,2024-09-22T00:00:00-05:00,Jeremy Casanave,$65.00,$65.00
"=""""327""""",Every 2 Weeks - Pet Waste Removal,Scheduled,Janet Gutierrez,"34398 Juniper Rd, Bluemont, VA 20135",2022-04-19T00:00:00-04:00,2022-04-23T00:00:00-05:00,Mike Torres,$90.00,$90.00
"=""""328""""",Monthly Cleanup,Scheduled,Jacob Watson,"11077 Cedar Ln, Gainesville, VA 20155",2024-08-27T00:00:00-04:00,2024-08-31T00:00:00-05:00,,$50.00,$50.00
"=""""329""""",Bi-Weekly Cleanup Service,In Progress,Melissa Thompson,"2268 Summit Ave, Silver Spring, MD 20901",2024-02-24T00:00:00-04:00,2024-03-04T00:00:00-05:00,Jeremy Casanave,$35.00,$35.00
"=""""330""""",Bi-Weekly Cleanup Service,Completed,Pamela Gutierrez,"11083 Poplar St, Hamilton, VA 20158",2024-03-09T00:00:00-04:00,2024-03-16T00:00:00-05:00,Sarah Mitchell,$30.00,$0.00
"=""""331""""",WK SVC,Awaiting Response,Andrew Cook,"6480 Spruce St, Purcellville, VA 20132",2023-07-01T00:00:00-04:00,2023-07-02T00:00:00-05:00,,$45.00,$45.00
"=""""332""""",Bi-Weekly Cleanup Service,Scheduled,Andrew Cook,"6480 Spruce St, Purcellville, VA 20132",2023-07-01T00:00:00-04:00,2023-07-02T00:00:00-05:00,Jeremy Casanave,$60.00,$60.00
"=""""333""""",Every 2 Weeks - Pet Waste Removal,Scheduled,Andrew Cook,"6480 Spruce St, Purcellville, VA 20132",2023-07-01T00:00:00-04:00,2023-07-02T00:00:00-05:00,,$45.00,$45.00
"=""""334""""",Every 2 Weeks - Pet Waste Removal,Awaiting Response,Janet Ross,"20630 Aspen Ct, Vienna, VA 22180",2024-12-11T00:00:00-04:00,2024-12-15T00:00:00-05:00,Sarah Mitchell,$65.00,$65.00
"=""""335""""",2x monthly service,Completed,Matthew Jones,"39381 Cypress Ave, Arlington, VA 22201",2025-03-05T00:00:00-04:00,2025-03-08T00:00:00-05:00,Sarah Mitchell,$40.00,$0.00
"=""""336""""",Weekly yard cleanup,Scheduled,Cynthia Foster,"21294 Main St, Martinsburg, WV 25401",2023-11-13T00:00:00-04:00,2023-11-15T00:00:00-05:00,Jeremy Casanave,$50.00,$50.00
"=""""337""""",Every 2 Weeks - Pet Waste Removal,Scheduled,Cynthia Foster,"21294 Main St, Martinsburg, WV 25401",2023-11-13T00:00:00-04:00,2023-11-24T00:00:00-05:00,Jeremy Casanave,$45.00,$45.00
"=""""338""""",2x monthly service,Scheduled,Cynthia Foster,"21294 Main St, Martinsburg, WV 25401",2023-11-13T00:00:00-04:00,2023-11-14T00:00:00-05:00,,$60.00,$60.00
"=""""339""""",2x monthly service,In Progress,Gary Sanchez,"9528 Spruce St, Ashburn, VA 20147",2023-06-15T00:00:00-04:00,2023-06-20T00:00:00-05:00,,$45.00,$45.00
"=""""340""""",Monthly Cleanup,Completed,John Bailey,"17561 River Rd, Clifton, VA 20124",2024-06-12T00:00:00-04:00,2024-06-15T00:00:00-05:00,,$35.00,$0.00
"=""""341""""",BW Cleanup,Scheduled,John Bailey,"17561 River Rd, Clifton, VA 20124",2024-06-12T00:00:00-04:00,2024-06-26T00:00:00-05:00,Mike Torres,$75.00,$75.00
"=""""342""""",BW Cleanup,In Progress,John Bailey,"17561 River Rd, Clifton, VA 20124",2024-06-12T00:00:00-04:00,2024-06-13T00:00:00-05:00,Jeremy Casanave,$30.00,$30.00
"=""""343""""",2x monthly service,Completed,Stephen Garcia,"23644 Dogwood Dr, Ashburn, VA 20147",2022-02-21T00:00:00-04:00,2022-03-06T00:00:00-05:00,Sarah Mitchell,$75.00,$0.00
"=""""344""""",Every 2 Weeks - Pet Waste Removal,Scheduled,Anna Myers,"2527 Summit Ave, Leesburg, VA 20175",2023-03-10T00:00:00-04:00,2023-03-14T00:00:00-05:00,Jeremy Casanave,$50.00,$50.00
"=""""345""""",BW Cleanup,Awaiting Response,Sandra Martinez,"3101 Church St, Gaithersburg, MD 20877",2024-07-23T00:00:00-04:00,2024-07-26T00:00:00-05:00,Mike Torres,$35.00,$35.00
"=""""346""""",Every 2 Weeks - Pet Waste Removal,In Progress,Amy Gray,"22208 Willow Dr, Martinsburg, WV 25401",2023-03-13T00:00:00-04:00,2023-03-21T00:00:00-05:00,Sarah Mitchell,$75.00,$75.00
"=""""347""""",Bi-weekly service,Scheduled,Kimberly Jackson,"28848 Church St, Fairfax, VA 22030",2024-09-24T00:00:00-04:00,2024-10-08T00:00:00-05:00,,$55.00,$55.00
"=""""348""""",WK SVC,Completed,Kimberly Jackson,"28848 Church St, Fairfax, VA 22030",2024-09-24T00:00:00-04:00,2024-10-07T00:00:00-05:00,Sarah Mitchell,$55.00,$0.00
"=""""349""""",Every 2 Weeks - Pet Waste Removal,Scheduled,Kimberly Jackson,"28848 Church St, Fairfax, VA 22030",2024-09-24T00:00:00-04:00,2024-09-26T00:00:00-05:00,,$70.00,$70.00
"=""""350""""",Bi-weekly service,Scheduled,Frank Peterson,"29618 Birch St, Silver Spring, MD 20901",2024-10-20T00:00:00-04:00,2024-10-29T00:00:00-05:00,Mike Torres,$100.00,$100.00
"=""""351""""",Weekly - 2 dogs,In Progress,Rebecca Smith,"23817 Spruce St, Ashburn, VA 20147",2023-02-01T00:00:00-04:00,2023-02-03T00:00:00-05:00,Sarah Mitchell,$75.00,$75.00
"=""""352""""",WK SVC,Scheduled,Daniel Lee,"13835 Walnut Ave, Gainesville, VA 20155",2022-04-18T00:00:00-04:00,2022-04-19T00:00:00-05:00,Jeremy Casanave,$55.00,$55.00
"=""""353""""",Monthly waste removal,Scheduled,Donald Jenkins,"15177 Lake Dr, Warrenton, VA 20186",2023-03-28T00:00:00-04:00,2023-04-02T00:00:00-05:00,Sarah Mitchell,$35.00,$35.00
"=""""354""""",Weekly Pet Waste Removal,Scheduled,Margaret Reyes,"12824 Cypress Ave, Frederick, MD 21701",2025-03-10T00:00:00-04:00,2025-03-11T00:00:00-05:00,,$45.00,$45.00
"=""""355""""",2x monthly service,In Progress,Margaret Reyes,"12824 Cypress Ave, Frederick, MD 21701",2025-03-10T00:00:00-04:00,2025-03-17T00:00:00-05:00,Sarah Mitchell,$65.00,$65.00
"=""""356""""",WK SVC,In Progress,Rebecca Perez,"11236 Chestnut St, Fairfax, VA 22030",2024-08-27T00:00:00-04:00,2024-09-07T00:00:00-05:00,Mike Torres,$55.00,$55.00
"=""""357""""",Every 2 Weeks - Pet Waste Removal,Scheduled,Michelle Morris,"27479 Cedar Ln, Round Hill, VA 20141",2024-12-23T00:00:00-04:00,2024-12-28T00:00:00-05:00,Sarah Mitchell,$70.00,$70.00
"=""""358""""",Weekly Cleanup Service,Scheduled,Michelle Morris,"27479 Cedar Ln, Round Hill, VA 20141",2024-12-23T00:00:00-04:00,2025-01-03T00:00:00-05:00,Mike Torres,$80.00,$80.00
"=""""359""""",Bi-Weekly Cleanup Service,In Progress,Amy Walker,"8797 Creek Rd, Arlington, VA 22201",2023-09-17T00:00:00-04:00,2023-09-19T00:00:00-05:00,Jeremy Casanave,$30.00,$30.00
"=""""360""""",Bi-weekly service,Scheduled,Cynthia Moore,"189 Cypress Ave, Frederick, MD 21701",2024-05-22T00:00:00-04:00,2024-05-31T00:00:00-05:00,,$35.00,$35.00
"=""""361""""",BW Cleanup,Scheduled,Helen Nelson,"7372 Meadow Ln, Hamilton, VA 20158",2025-02-18T00:00:00-04:00,2025-02-23T00:00:00-05:00,Mike Torres,$40.00,$40.00
"=""""362""""",Weekly yard cleanup,Awaiting Response,Helen Nelson,"7372 Meadow Ln, Hamilton, VA 20158",2025-02-18T00:00:00-04:00,2025-03-03T00:00:00-05:00,Jeremy Casanave,$45.00,$45.00
"=""""363""""",Every 2 Weeks - Pet Waste Removal,Completed,Joshua Walker,"14874 Ridge Rd, Arlington, VA 22201",2022-05-10T00:00:00-04:00,2022-05-12T00:00:00-05:00,Jeremy Casanave,$65.00,$0.00
"=""""364""""",Bi-weekly service,Scheduled,Alexander Ward,"24226 Elm St, Shepherdstown, WV 25443",2022-06-07T00:00:00-04:00,2022-06-14T00:00:00-05:00,Mike Torres,$55.00,$55.00
"=""""365""""",Weekly Cleanup Service,Scheduled,Alexander Ward,"24226 Elm St, Shepherdstown, WV 25443",2022-06-07T00:00:00-04:00,2022-06-21T00:00:00-05:00,Jeremy Casanave,$30.00,$30.00
"=""""366""""",Every 2 Weeks - Pet Waste Removal,In Progress,Karen Clark,"8752 Cherry St, Germantown, MD 20874",2022-05-09T00:00:00-04:00,2022-05-15T00:00:00-05:00,Sarah Mitchell,$45.00,$45.00
"=""""367""""",2x monthly service,Scheduled,Justin Baker,"36044 Hickory Ln, Silver Spring, MD 20901",2023-04-10T00:00:00-04:00,2023-04-14T00:00:00-05:00,Jeremy Casanave,$100.00,$100.00
"=""""368""""",2x monthly service,Awaiting Response,Alexander Jones,"35480 Forest Dr, Shepherdstown, WV 25443",2024-07-27T00:00:00-04:00,2024-08-03T00:00:00-05:00,Sarah Mitchell,$25.00,$25.00
"=""""369""""",2x monthly service,Completed,Jacob Nguyen,"22296 Lake Dr, Shepherdstown, WV 25443",2022-02-20T00:00:00-04:00,2022-03-06T00:00:00-05:00,,$65.00,$0.00
"=""""370""""",Weekly Pet Waste Removal,Scheduled,Janet Collins,"31204 Sycamore Ln, Haymarket, VA 20169",2024-04-18T00:00:00-04:00,2024-04-28T00:00:00-05:00,Jeremy Casanave,$60.00,$60.00
"=""""371""""",Monthly waste removal,Awaiting Response,Janet Collins,"31204 Sycamore Ln, Haymarket, VA 20169",2024-04-18T00:00:00-04:00,2024-04-28T00:00:00-05:00,Jeremy Casanave,$25.00,$25.00
"=""""372""""",Bi-Weekly Cleanup Service,In Progress,Janet Collins,"31204 Sycamore Ln, Haymarket, VA 20169",2024-04-18T00:00:00-04:00,2024-04-23T00:00:00-05:00,Jeremy Casanave,$25.00,$25.00
"=""""373""""",Weekly - 2 dogs,In Progress,Sarah Sanchez,"2867 Union St, Rockville, MD 20850",2022-01-06T00:00:00-04:00,2022-01-08T00:00:00-05:00,Jeremy Casanave,$40.00,$40.00
"=""""374""""",2x monthly service,Scheduled,Sarah Sanchez,"2867 Union St, Rockville, MD 20850",2022-01-06T00:00:00-04:00,2022-01-18T00:00:00-05:00,Jeremy Casanave,$30.00,$30.00
"=""""375""""",Bi-weekly service,Scheduled,Katherine Sanders,"7922 High St, Leesburg, VA 20175",2024-06-12T00:00:00-04:00,2024-06-13T00:00:00-05:00,Jeremy Casanave,$90.00,$90.00
"=""""376""""",Weekly yard cleanup,In Progress,Katherine Sanders,"7922 High St, Leesburg, VA 20175",2024-06-12T00:00:00-04:00,2024-06-19T00:00:00-05:00,Mike Torres,$35.00,$35.00
"=""""377""""",Weekly Cleanup Service,Completed,Angela Gutierrez,"9677 Ridge Rd, Hamilton, VA 20158",2024-05-09T00:00:00-04:00,2024-05-18T00:00:00-05:00,Jeremy Casanave,$45.00,$0.00
"=""""378""""",Weekly yard cleanup,Scheduled,Shirley Price,"39340 Forest Dr, Ashburn, VA 20147",2024-01-13T00:00:00-04:00,2024-01-27T00:00:00-05:00,Mike Torres,$65.00,$65.00
"=""""379""""",Weekly yard cleanup,Scheduled,Sarah Kelly,"6812 Spring St, Fairfax, VA 22030",2024-08-01T00:00:00-04:00,2024-08-03T00:00:00-05:00,,$40.00,$40.00
"=""""380""""",WK SVC,Scheduled,Sarah Kelly,"6812 Spring St, Fairfax, VA 22030",2024-08-01T00:00:00-04:00,2024-08-07T00:00:00-05:00,Sarah Mitchell,$65.00,$65.00
"=""""381""""",Every 2 Weeks - Pet Waste Removal,Awaiting Response,Donna Powell,"22516 Sunset Blvd, Silver Spring, MD 20901",2022-10-19T00:00:00-04:00,2022-10-28T00:00:00-05:00,,$75.00,$75.00
"=""""382""""",Every 2 Weeks - Pet Waste Removal,In Progress,Jason Powell,"28362 Cedar Ln, Gaithersburg, MD 20877",2022-09-01T00:00:00-04:00,2022-09-09T00:00:00-05:00,Jeremy Casanave,$70.00,$70.00
"=""""383""""",BW Cleanup,Scheduled,Jessica James,"6049 River Rd, Leesburg, VA 20175",2023-05-11T00:00:00-04:00,2023-05-18T00:00:00-05:00,Jeremy Casanave,$25.00,$25.00
"=""""384""""",Monthly waste removal,Scheduled,Margaret Ortiz,"6567 Spring St, Round Hill, VA 20141",2022-08-08T00:00:00-04:00,2022-08-22T00:00:00-05:00,Sarah Mitchell,$35.00,$35.00
"=""""385""""",Monthly waste removal,Completed,Sandra Evans,"34160 Hill Rd, Sterling, VA 20164",2024-10-08T00:00:00-04:00,2024-10-15T00:00:00-05:00,,$45.00,$0.00
"=""""386""""",Weekly Pet Waste Removal,Scheduled,Mark Diaz,"24180 Sunset Blvd, Gaithersburg, MD 20877",2022-06-24T00:00:00-04:00,2022-06-30T00:00:00-05:00,Sarah Mitchell,$100.00,$100.00
"=""""387""""",Bi-Weekly Cleanup Service,Scheduled,Ryan Wilson,"2047 Park Ave, Herndon, VA 20170",2024-02-23T00:00:00-04:00,2024-02-26T00:00:00-05:00,Mike Torres,$90.00,$90.00
"=""""388""""",2x monthly service,Awaiting Response,Raymond Kelly,"32229 Magnolia Ave, Rockville, MD 20850",2024-05-31T00:00:00-04:00,2024-06-06T00:00:00-05:00,Mike Torres,$90.00,$90.00
"=""""389""""",Weekly Cleanup Service,Scheduled,Ryan Jones,"28325 Hill Rd, Rockville, MD 20850",2025-02-08T00:00:00-04:00,2025-02-11T00:00:00-05:00,Mike Torres,$75.00,$75.00
"=""""390""""",Weekly yard cleanup,In Progress,Ryan Jones,"28325 Hill Rd, Rockville, MD 20850",2025-02-08T00:00:00-04:00,2025-02-13T00:00:00-05:00,Sarah Mitchell,$40.00,$40.00
"=""""391""""",Weekly Pet Waste Removal,Scheduled,Ryan Jones,"28325 Hill Rd, Rockville, MD 20850",2025-02-08T00:00:00-04:00,2025-02-11T00:00:00-05:00,Jeremy Casanave,$35.00,$35.00
"=""""392""""",BW Cleanup,Awaiting Response,Linda Turner,"21103 Pine Rd, Gainesville, VA 20155",2025-04-10T00:00:00-04:00,2025-04-21T00:00:00-05:00,,$90.00,$90.00
"=""""393""""",Monthly Cleanup,Scheduled,Jason Hall,"15476 Linden Ln, Springfield, VA 22150",2023-11-23T00:00:00-04:00,2023-12-04T00:00:00-05:00,Jeremy Casanave,$60.00,$60.00
"=""""394""""",BW Cleanup,In Progress,Jason Hall,"15476 Linden Ln, Springfield, VA 22150",2023-11-23T00:00:00-04:00,2023-12-01T00:00:00-05:00,Mike Torres,$75.00,$75.00
"=""""395""""",Monthly waste removal,In Progress,Kenneth Campbell,"14129 School St, Germantown, MD 20874",2022-07-08T00:00:00-04:00,2022-07-14T00:00:00-05:00,Sarah Mitchell,$80.00,$80.00
"=""""396""""",Every 2 Weeks - Pet Waste Removal,Scheduled,Gary Richardson,"9041 Maple Ave, Woodbridge, VA 22191",2024-09-22T00:00:00-04:00,2024-09-24T00:00:00-05:00,,$25.00,$25.00
"=""""397""""",WK SVC,Scheduled,Timothy Campbell,"7435 Chestnut St, Springfield, VA 22150",2022-07-04T00:00:00-04:00,2022-07-18T00:00:00-05:00,Jeremy Casanave,$75.00,$75.00
"=""""398""""",Every 2 Weeks - Pet Waste Removal,Scheduled,Jason Ramirez,"26863 Main St, Shepherdstown, WV 25443",2022-08-20T00:00:00-04:00,2022-09-03T00:00:00-05:00,Jeremy Casanave,$40.00,$40.00
"=""""399""""",Monthly waste removal,Awaiting Response,Jason Ramirez,"26863 Main St, Shepherdstown, WV 25443",2022-08-20T00:00:00-04:00,2022-09-03T00:00:00-05:00,Jeremy Casanave,$40.00,$40.00
"=""""400""""",Bi-Weekly Cleanup Service,Scheduled,Donald Murphy,"6014 Church St, Haymarket, VA 20169",2024-04-12T00:00:00-04:00,2024-04-13T00:00:00-05:00,Mike Torres,$25.00,$25.00
"=""""401""""",Monthly waste removal,In Progress,Raymond Evans,"17202 Magnolia Ave, Fairfax, VA 22030",2022-02-26T00:00:00-04:00,2022-03-11T00:00:00-05:00,Jeremy Casanave,$30.00,$30.00
"=""""402""""",Every 2 Weeks - Pet Waste Removal,Scheduled,James Phillips,"7363 Forest Dr, Bluemont, VA 20135",2024-07-13T00:00:00-04:00,2024-07-19T00:00:00-05:00,,$30.00,$30.00
"=""""403""""",2x monthly service,Awaiting Response,Michelle Torres,"24828 Chestnut St, Charles Town, WV 25414",2023-02-11T00:00:00-04:00,2023-02-18T00:00:00-05:00,Mike Torres,$80.00,$80.00
"=""""404""""",Weekly Pet Waste Removal,Completed,Jason Gray,"37274 Lake Dr, Fairfax, VA 22030",2023-04-05T00:00:00-04:00,2023-04-19T00:00:00-05:00,Mike Torres,$70.00,$0.00
"=""""405""""",Weekly Pet Waste Removal,Scheduled,Jason Gray,"37274 Lake Dr, Fairfax, VA 22030",2023-04-05T00:00:00-04:00,2023-04-14T00:00:00-05:00,Jeremy Casanave,$30.00,$30.00
"=""""406""""",BW Cleanup,Scheduled,Dorothy Anderson,"28286 School St, Burke, VA 22015",2022-12-04T00:00:00-04:00,2022-12-17T00:00:00-05:00,,$35.00,$35.00
"=""""407""""",Bi-weekly service,In Progress,Dorothy Anderson,"28286 School St, Burke, VA 22015",2022-12-04T00:00:00-04:00,2022-12-17T00:00:00-05:00,,$70.00,$70.00
"=""""408""""",Weekly - 2 dogs,Scheduled,Raymond Price,"12102 Cedar Ln, Alexandria, VA 22301",2024-10-10T00:00:00-04:00,2024-10-19T00:00:00-05:00,Mike Torres,$50.00,$50.00
"=""""409""""",Bi-Weekly Cleanup Service,Scheduled,Amy Anderson,"13451 School St, Bluemont, VA 20135",2022-01-09T00:00:00-04:00,2022-01-18T00:00:00-05:00,Jeremy Casanave,$90.00,$90.00
"=""""410""""",Weekly - 2 dogs,Scheduled,Amy Anderson,"13451 School St, Bluemont, VA 20135",2022-01-09T00:00:00-04:00,2022-01-15T00:00:00-05:00,Jeremy Casanave,$90.00,$90.00
"=""""411""""",Weekly - 2 dogs,Awaiting Response,Jennifer Long,"13952 Pine Rd, Herndon, VA 20170",2024-02-21T00:00:00-04:00,2024-02-23T00:00:00-05:00,Mike Torres,$50.00,$50.00
"=""""412""""",Monthly Cleanup,Scheduled,Jennifer Long,"13952 Pine Rd, Herndon, VA 20170",2024-02-21T00:00:00-04:00,2024-02-28T00:00:00-05:00,Jeremy Casanave,$100.00,$100.00
"=""""413""""",Weekly - 2 dogs,Scheduled,John Clark,"19665 Dogwood Dr, Sterling, VA 20164",2022-07-16T00:00:00-04:00,2022-07-20T00:00:00-05:00,,$80.00,$80.00
"=""""414""""",Weekly Cleanup Service,Scheduled,John Clark,"19665 Dogwood Dr, Sterling, VA 20164",2022-07-16T00:00:00-04:00,2022-07-21T00:00:00-05:00,Mike Torres,$90.00,$90.00
"=""""415""""",WK SVC,In Progress,Paul Wood,"12313 Walnut Ave, Burke, VA 22015",2023-04-05T00:00:00-04:00,2023-04-10T00:00:00-05:00,,$55.00,$55.00
"=""""416""""",Bi-Weekly Cleanup Service,Scheduled,Cynthia Morris,"19787 Church St, Herndon, VA 20170",2024-11-17T00:00:00-04:00,2024-11-19T00:00:00-05:00,,$25.00,$25.00
"=""""417""""",Weekly - 2 dogs,Scheduled,Steven Rivera,"7566 Poplar St, Leesburg, VA 20175",2023-09-02T00:00:00-04:00,2023-09-08T00:00:00-05:00,Mike Torres,$55.00,$55.00
"=""""418""""",Weekly yard cleanup,Scheduled,Steven Rivera,"7566 Poplar St, Leesburg, VA 20175",2023-09-02T00:00:00-04:00,2023-09-11T00:00:00-05:00,Sarah Mitchell,$75.00,$75.00
"=""""419""""",Weekly Pet Waste Removal,Scheduled,Dorothy Baker,"7068 Walnut Ave, Manassas, VA 20110",2024-09-04T00:00:00-04:00,2024-09-12T00:00:00-05:00,Mike Torres,$50.00,$50.00
"=""""420""""",Every 2 Weeks - Pet Waste Removal,Scheduled,Helen Reyes,"8297 Hill Rd, Bluemont, VA 20135",2023-03-05T00:00:00-04:00,2023-03-10T00:00:00-05:00,Jeremy Casanave,$100.00,$100.00
"=""""421""""",WK SVC,Completed,Matthew Lopez,"1529 Lake Dr, Martinsburg, WV 25401",2022-02-10T00:00:00-04:00,2022-02-18T00:00:00-05:00,Sarah Mitchell,$75.00,$0.00
"=""""422""""",Every 2 Weeks - Pet Waste Removal,Scheduled,Joshua Johnson,"2525 Dogwood Dr, Gainesville, VA 20155",2022-05-05T00:00:00-04:00,2022-05-10T00:00:00-05:00,,$90.00,$90.00
"=""""423""""",Every 2 Weeks - Pet Waste Removal,Scheduled,Samuel Collins,"28688 Maple Ave, Shepherdstown, WV 25443",2023-04-21T00:00:00-04:00,2023-04-24T00:00:00-05:00,Jeremy Casanave,$65.00,$65.00
"=""""424""""",Weekly - 2 dogs,Scheduled,Emily Jenkins,"10718 Juniper Rd, Gaithersburg, MD 20877",2022-12-21T00:00:00-04:00,2022-12-28T00:00:00-05:00,Sarah Mitchell,$45.00,$45.00
"=""""425""""",Weekly Cleanup Service,Scheduled,Emily Jenkins,"10718 Juniper Rd, Gaithersburg, MD 20877",2022-12-21T00:00:00-04:00,2023-01-01T00:00:00-05:00,Sarah Mitchell,$55.00,$55.00
"=""""426""""",Every 2 Weeks - Pet Waste Removal,Scheduled,Emily Jenkins,"10718 Juniper Rd, Gaithersburg, MD 20877",2022-12-21T00:00:00-04:00,2022-12-23T00:00:00-05:00,Sarah Mitchell,$100.00,$100.00
"=""""427""""",Bi-weekly service,Scheduled,Kenneth Walker,"23499 Forest Dr, Manassas, VA 20110",2022-08-22T00:00:00-04:00,2022-08-30T00:00:00-05:00,Sarah Mitchell,$55.00,$55.00
"=""""428""""",Bi-weekly service,Scheduled,Carol Rivera,"39702 Park Ave, Bethesda, MD 20814",2022-07-28T00:00:00-04:00,2022-08-09T00:00:00-05:00,,$65.00,$65.00
"=""""429""""",Weekly yard cleanup,Completed,Brian Lee,"6607 River Rd, Rockville, MD 20850",2024-06-18T00:00:00-04:00,2024-06-19T00:00:00-05:00,Mike Torres,$90.00,$0.00
"=""""430""""",BW Cleanup,Awaiting Response,Andrew Bell,"16185 River Rd, Burke, VA 22015",2024-04-26T00:00:00-04:00,2024-05-07T00:00:00-05:00,Sarah Mitchell,$40.00,$40.00
"=""""431""""",Weekly Cleanup Service,Completed,Andrew Bell,"16185 River Rd, Burke, VA 22015",2024-04-26T00:00:00-04:00,2024-05-02T00:00:00-05:00,Mike Torres,$90.00,$0.00
"=""""432""""",WK SVC,In Progress,Jeffrey Jackson,"22271 Ridge Rd, Bluemont, VA 20135",2022-11-06T00:00:00-04:00,2022-11-07T00:00:00-05:00,Jeremy Casanave,$75.00,$75.00
"=""""433""""",Every 2 Weeks - Pet Waste Removal,Scheduled,Stephanie Morales,"617 High St, Chantilly, VA 20151",2023-02-25T00:00:00-04:00,2023-03-01T00:00:00-05:00,,$70.00,$70.00
"=""""434""""",WK SVC,Awaiting Response,Katherine Phillips,"22021 Meadow Ln, Germantown, MD 20874",2024-11-13T00:00:00-04:00,2024-11-27T00:00:00-05:00,,$60.00,$60.00
"=""""435""""",Monthly Cleanup,In Progress,Katherine Phillips,"22021 Meadow Ln, Germantown, MD 20874",2024-11-13T00:00:00-04:00,2024-11-14T00:00:00-05:00,Sarah Mitchell,$50.00,$50.00
"=""""436""""",Weekly yard cleanup,Completed,Katherine Phillips,"22021 Meadow Ln, Germantown, MD 20874",2024-11-13T00:00:00-04:00,2024-11-25T00:00:00-05:00,,$50.00,$0.00
"=""""437""""",Bi-weekly service,Awaiting Response,Patricia Cox,"33213 Lake Dr, Martinsburg, WV 25401",2022-04-08T00:00:00-04:00,2022-04-16T00:00:00-05:00,Mike Torres,$60.00,$60.00
"=""""438""""",Bi-Weekly Cleanup Service,Awaiting Response,Raymond Smith,"39129 Mill Rd, Germantown, MD 20874",2023-05-23T00:00:00-04:00,2023-06-04T00:00:00-05:00,Jeremy Casanave,$100.00,$100.00
"=""""439""""",Monthly Cleanup,Scheduled,Richard Jackson,"27945 Hill Rd, Hamilton, VA 20158",2025-02-18T00:00:00-04:00,2025-03-04T00:00:00-05:00,,$35.00,$35.00
"=""""440""""",Weekly Pet Waste Removal,In Progress,Richard Jackson,"27945 Hill Rd, Hamilton, VA 20158",2025-02-18T00:00:00-04:00,2025-02-25T00:00:00-05:00,Sarah Mitchell,$80.00,$80.00
"=""""441""""",Weekly Cleanup Service,Completed,Jeffrey Powell,"33247 Hill Rd, Reston, VA 20190",2023-03-12T00:00:00-04:00,2023-03-15T00:00:00-05:00,Sarah Mitchell,$35.00,$0.00
"=""""442""""",Bi-Weekly Cleanup Service,In Progress,Nicole Evans,"34360 River Rd, Purcellville, VA 20132",2022-02-27T00:00:00-04:00,2022-03-07T00:00:00-05:00,Mike Torres,$100.00,$100.00
"=""""443""""",Monthly waste removal,Scheduled,Andrew Ramirez,"4527 Cedar Ln, Chantilly, VA 20151",2024-08-31T00:00:00-04:00,2024-09-08T00:00:00-05:00,,$30.00,$30.00
"=""""444""""",Every 2 Weeks - Pet Waste Removal,Awaiting Response,Samantha Rogers,"26945 Meadow Ln, Bluemont, VA 20135",2023-07-23T00:00:00-04:00,2023-08-01T00:00:00-05:00,Jeremy Casanave,$50.00,$50.00
"=""""445""""",Monthly Cleanup,Scheduled,Samantha Rogers,"26945 Meadow Ln, Bluemont, VA 20135",2023-07-23T00:00:00-04:00,2023-08-06T00:00:00-05:00,,$65.00,$65.00
"=""""446""""",WK SVC,Scheduled,Benjamin Russell,"12710 Juniper Rd, Bluemont, VA 20135",2024-10-26T00:00:00-04:00,2024-10-28T00:00:00-05:00,,$100.00,$100.00
"=""""447""""",Monthly waste removal,In Progress,Anthony Young,"26432 Mulberry Ln, Warrenton, VA 20186",2024-04-29T00:00:00-04:00,2024-05-12T00:00:00-05:00,Sarah Mitchell,$35.00,$35.00
"=""""448""""",Monthly waste removal,In Progress,Timothy Adams,"39225 Mulberry Ln, Springfield, VA 22150",2023-07-06T00:00:00-04:00,2023-07-15T00:00:00-05:00,Jeremy Casanave,$25.00,$25.00
"=""""449""""",Every 2 Weeks - Pet Waste Removal,Completed,Patricia Evans,"16242 Aspen Ct, Ashburn, VA 20147",2024-10-21T00:00:00-04:00,2024-10-28T00:00:00-05:00,,$45.00,$0.00
"=""""450""""",Bi-Weekly Cleanup Service,Scheduled,Patricia Evans,"16242 Aspen Ct, Ashburn, VA 20147",2024-10-21T00:00:00-04:00,2024-10-28T00:00:00-05:00,Jeremy Casanave,$65.00,$65.00
"=""""451""""",Weekly Cleanup Service,Scheduled,Jonathan Stewart,"11069 Oak St, Gainesville, VA 20155",2023-03-12T00:00:00-04:00,2023-03-25T00:00:00-05:00,,$30.00,$30.00
"=""""452""""",Weekly Cleanup Service,Scheduled,Larry Rodriguez,"36569 High St, Herndon, VA 20170",2023-06-20T00:00:00-04:00,2023-07-01T00:00:00-05:00,Jeremy Casanave,$25.00,$25.00
"=""""453""""",Every 2 Weeks - Pet Waste Removal,Scheduled,Anthony Rogers,"39997 Cherry St, Round Hill, VA 20141",2025-01-07T00:00:00-04:00,2025-01-21T00:00:00-05:00,Sarah Mitchell,$60.00,$60.00
"=""""454""""",Monthly waste removal,Scheduled,Patricia Sanders,"25446 Sunset Blvd, Chantilly, VA 20151",2022-01-20T00:00:00-04:00,2022-02-03T00:00:00-05:00,,$30.00,$30.00
"=""""455""""",Weekly - 2 dogs,Scheduled,Elizabeth Reyes,"2511 High St, Burke, VA 22015",2023-07-23T00:00:00-04:00,2023-07-27T00:00:00-05:00,Jeremy Casanave,$65.00,$65.00
"=""""456""""",Weekly Cleanup Service,Completed,Gregory Morales,"4363 Hill Rd, Herndon, VA 20170",2022-02-17T00:00:00-04:00,2022-02-24T00:00:00-05:00,Mike Torres,$90.00,$0.00
"=""""457""""",Monthly Cleanup,Scheduled,Gregory Morales,"4363 Hill Rd, Herndon, VA 20170",2022-02-17T00:00:00-04:00,2022-02-20T00:00:00-05:00,Jeremy Casanave,$50.00,$50.00
"=""""458""""",2x monthly service,Awaiting Response,Gregory Morales,"4363 Hill Rd, Herndon, VA 20170",2022-02-17T00:00:00-04:00,2022-03-03T00:00:00-05:00,Mike Torres,$65.00,$65.00
"=""""459""""",Weekly Pet Waste Removal,Scheduled,James Turner,"14886 Walnut Ave, Leesburg, VA 20175",2022-07-18T00:00:00-04:00,2022-07-26T00:00:00-05:00,Sarah Mitchell,$80.00,$80.00
"=""""460""""",Bi-weekly service,In Progress,Ashley Wilson,"34157 Church St, Centreville, VA 20120",2022-09-13T00:00:00-04:00,2022-09-15T00:00:00-05:00,Jeremy Casanave,$35.00,$35.00
"=""""461""""",Weekly Cleanup Service,Scheduled,Deborah Morgan,"33996 Summit Ave, Frederick, MD 21701",2023-02-01T00:00:00-04:00,2023-02-14T00:00:00-05:00,,$70.00,$70.00
"=""""462""""",Weekly - 2 dogs,Scheduled,Melissa Johnson,"36764 Pine Rd, Bethesda, MD 20814",2023-01-23T00:00:00-04:00,2023-02-03T00:00:00-05:00,Sarah Mitchell,$50.00,$50.00
"=""""463""""",Weekly yard cleanup,Scheduled,Larry Nelson,"29873 Cedar Ln, Ashburn, VA 20147",2023-03-13T00:00:00-04:00,2023-03-19T00:00:00-05:00,Jeremy Casanave,$40.00,$40.00
"=""""464""""",Weekly yard cleanup,Awaiting Response,Stephanie White,"36452 Lake Dr, Leesburg, VA 20175",2023-02-12T00:00:00-04:00,2023-02-18T00:00:00-05:00,,$25.00,$25.00
"=""""465""""",Bi-weekly service,Scheduled,Stephen Young,"1475 Hill Rd, Ashburn, VA 20147",2024-01-28T00:00:00-04:00,2024-02-02T00:00:00-05:00,Jeremy Casanave,$100.00,$100.00
"=""""466""""",WK SVC,In Progress,Jessica Jackson,"24627 Ridge Rd, Clifton, VA 20124",2023-08-26T00:00:00-04:00,2023-09-02T00:00:00-05:00,Jeremy Casanave,$100.00,$100.00
"=""""467""""",Weekly yard cleanup,Completed,Angela Brooks,"11072 Magnolia Ave, Lovettsville, VA 20180",2023-10-22T00:00:00-04:00,2023-10-24T00:00:00-05:00,Sarah Mitchell,$70.00,$0.00
"=""""468""""",Bi-Weekly Cleanup Service,Scheduled,Paul Brooks,"29727 Church St, McLean, VA 22101",2023-06-06T00:00:00-04:00,2023-06-19T00:00:00-05:00,Mike Torres,$100.00,$100.00
"=""""469""""",Weekly Cleanup Service,Scheduled,Amanda Robinson,"28025 Hickory Ln, Centreville, VA 20120",2024-02-23T00:00:00-04:00,2024-02-28T00:00:00-05:00,Jeremy Casanave,$65.00,$65.00
"=""""470""""",Every 2 Weeks - Pet Waste Removal,Scheduled,David Nguyen,"15025 Park Ave, Woodbridge, VA 22191",2023-02-07T00:00:00-04:00,2023-02-13T00:00:00-05:00,Sarah Mitchell,$40.00,$40.00
"=""""471""""",Every 2 Weeks - Pet Waste Removal,Scheduled,Alexander James,"19726 School St, Round Hill, VA 20141",2024-11-15T00:00:00-04:00,2024-11-21T00:00:00-05:00,Jeremy Casanave,$30.00,$30.00
"=""""472""""",Weekly yard cleanup,In Progress,Jacob Robinson,"5727 Ridge Rd, Centreville, VA 20120",2024-07-10T00:00:00-04:00,2024-07-16T00:00:00-05:00,Jeremy Casanave,$50.00,$50.00
"=""""473""""",WK SVC,Scheduled,Anthony Turner,"21650 Chestnut St, Ashburn, VA 20147",2024-09-27T00:00:00-04:00,2024-10-03T00:00:00-05:00,Jeremy Casanave,$90.00,$90.00
"=""""474""""",Bi-weekly service,In Progress,Sandra Nguyen,"34082 Oak St, Burke, VA 22015",2022-09-22T00:00:00-04:00,2022-10-01T00:00:00-05:00,Jeremy Casanave,$90.00,$90.00
"=""""475""""",Monthly waste removal,Scheduled,Thomas Clark,"38601 Valley Rd, Haymarket, VA 20169",2022-05-12T00:00:00-04:00,2022-05-25T00:00:00-05:00,Sarah Mitchell,$90.00,$90.00
"=""""476""""",Weekly Pet Waste Removal,Scheduled,Thomas Clark,"38601 Valley Rd, Haymarket, VA 20169",2022-05-12T00:00:00-04:00,2022-05-17T00:00:00-05:00,Sarah Mitchell,$100.00,$100.00
"=""""477""""",BW Cleanup,Scheduled,Gary Rogers,"30004 Creek Rd, Gainesville, VA 20155",2023-01-03T00:00:00-04:00,2023-01-04T00:00:00-05:00,Jeremy Casanave,$90.00,$90.00
"=""""478""""",Weekly yard cleanup,Scheduled,Michelle Evans,"30388 Maple Ave, Purcellville, VA 20132",2022-03-19T00:00:00-04:00,2022-03-21T00:00:00-05:00,Mike Torres,$35.00,$35.00
"=""""479""""",Monthly waste removal,Scheduled,Gary Morgan,"9291 Cherry St, Shepherdstown, WV 25443",2022-07-25T00:00:00-04:00,2022-08-02T00:00:00-05:00,Mike Torres,$90.00,$90.00
"=""""480""""",Monthly waste removal,Awaiting Response,Barbara Sanders,"11761 Spring St, Chantilly, VA 20151",2022-04-08T00:00:00-04:00,2022-04-18T00:00:00-05:00,Jeremy Casanave,$35.00,$35.00
"=""""481""""",Weekly Pet Waste Removal,Scheduled,Patrick Perez,"36934 Cypress Ave, Warrenton, VA 20186",2023-04-21T00:00:00-04:00,2023-04-29T00:00:00-05:00,Mike Torres,$60.00,$60.00
"=""""482""""",Bi-Weekly Cleanup Service,Scheduled,Katherine Green,"18348 Linden Ln, Lovettsville, VA 20180",2024-10-20T00:00:00-04:00,2024-10-27T00:00:00-05:00,Jeremy Casanave,$35.00,$35.00
"=""""483""""",Bi-Weekly Cleanup Service,Awaiting Response,Scott Adams,"11590 Cypress Ave, Centreville, VA 20120",2022-02-06T00:00:00-04:00,2022-02-10T00:00:00-05:00,Mike Torres,$60.00,$60.00
"=""""484""""",Monthly waste removal,Scheduled,Emma Russell,"15592 Walnut Ave, Haymarket, VA 20169",2024-10-18T00:00:00-04:00,2024-10-21T00:00:00-05:00,,$55.00,$55.00
"=""""485""""",Bi-Weekly Cleanup Service,Completed,Emma Russell,"15592 Walnut Ave, Haymarket, VA 20169",2024-10-18T00:00:00-04:00,2024-10-22T00:00:00-05:00,,$30.00,$0.00
"=""""486""""",Every 2 Weeks - Pet Waste Removal,Scheduled,Patrick Gray,"2695 Sycamore Ln, Warrenton, VA 20186",2023-11-10T00:00:00-04:00,2023-11-24T00:00:00-05:00,,$45.00,$45.00
"=""""487""""",Bi-weekly service,Completed,Nicole Carter,"32320 Elm St, Lovettsville, VA 20180",2022-12-22T00:00:00-04:00,2022-12-29T00:00:00-05:00,,$45.00,$0.00
"=""""488""""",Monthly waste removal,Scheduled,Nicholas Reyes,"25096 Walnut Ave, Leesburg, VA 20175",2022-12-26T00:00:00-04:00,2022-12-28T00:00:00-05:00,Sarah Mitchell,$60.00,$60.00
"=""""489""""",2x monthly service,Awaiting Response,Samuel Bennett,"37167 Forest Dr, Clifton, VA 20124",2024-01-25T00:00:00-04:00,2024-01-30T00:00:00-05:00,Sarah Mitchell,$50.00,$50.00
"=""""490""""",2x monthly service,Scheduled,Kathleen Jones,"39777 Poplar St, Manassas, VA 20110",2022-07-09T00:00:00-04:00,2022-07-11T00:00:00-05:00,Sarah Mitchell,$50.00,$50.00
"=""""491""""",WK SVC,Scheduled,Matthew Stewart,"35043 Meadow Ln, Bethesda, MD 20814",2025-03-18T00:00:00-04:00,2025-03-23T00:00:00-05:00,Sarah Mitchell,$40.00,$40.00
"=""""492""""",Weekly yard cleanup,In Progress,Larry Ramirez,"17096 Birch St, McLean, VA 22101",2022-06-25T00:00:00-04:00,2022-06-26T00:00:00-05:00,,$65.00,$65.00
"=""""493""""",Weekly yard cleanup,Scheduled,Donald Cooper,"573 Mulberry Ln, Woodbridge, VA 22191",2024-12-01T00:00:00-04:00,2024-12-06T00:00:00-05:00,Jeremy Casanave,$60.00,$60.00
"=""""494""""",2x monthly service,Scheduled,Jason Baker,"26214 Meadow Ln, Burke, VA 22015",2024-07-24T00:00:00-04:00,2024-08-07T00:00:00-05:00,Sarah Mitchell,$35.00,$35.00
"=""""495""""",Weekly Pet Waste Removal,Completed,Kimberly Sullivan,"33845 Birch St, Gaithersburg, MD 20877",2024-01-08T00:00:00-04:00,2024-01-22T00:00:00-05:00,Mike Torres,$45.00,$0.00
"=""""496""""",Bi-Weekly Cleanup Service,Awaiting Response,Nicole Reed,"6683 Meadow Ln, Gaithersburg, MD 20877",2024-10-16T00:00:00-04:00,2024-10-19T00:00:00-05:00,Jeremy Casanave,$80.00,$80.00
"=""""497""""",Weekly - 2 dogs,Scheduled,Laura Anderson,"11269 Washington Blvd, Arlington, VA 22201",2023-07-29T00:00:00-04:00,2023-08-05T00:00:00-05:00,,$60.00,$60.00
"=""""498""""",Weekly Pet Waste Removal,Scheduled,Jonathan Price,"37846 Hawthorn Dr, Alexandria, VA 22301",2023-04-03T00:00:00-04:00,2023-04-16T00:00:00-05:00,Jeremy Casanave,$35.00,$35.00
"=""""499""""",WK SVC,Scheduled,Raymond Bennett,"20637 Meadow Ln, Herndon, VA 20170",2024-05-17T00:00:00-04:00,2024-05-23T00:00:00-05:00,Jeremy Casanave,$100.00,$100.00
"=""""500""""",Weekly - 2 dogs,Completed,Raymond James,"30286 Ridge Rd, Germantown, MD 20874",2023-08-04T00:00:00-04:00,2023-08-13T00:00:00-05:00,Mike Torres,$75.00,$0.00
"=""""501""""",Bi-weekly service,Scheduled,Nicholas Powell,"19203 Meadow Ln, Rockville, MD 20850",2022-04-18T00:00:00-04:00,2022-04-29T00:00:00-05:00,Mike Torres,$65.00,$65.00
"=""""502""""",2x monthly service,Awaiting Response,John Diaz,"25748 Willow Dr, Chantilly, VA 20151",2025-01-27T00:00:00-04:00,2025-01-30T00:00:00-05:00,Mike Torres,$90.00,$90.00
"=""""503""""",Weekly - 2 dogs,Scheduled,Ryan Long,"9591 Spring St, Gainesville, VA 20155",2025-03-24T00:00:00-04:00,2025-03-31T00:00:00-05:00,Sarah Mitchell,$90.00,$90.00
"=""""504""""",Every 2 Weeks - Pet Waste Removal,Completed,Frank Sanders,"29271 Grove St, Woodbridge, VA 22191",2024-11-09T00:00:00-04:00,2024-11-19T00:00:00-05:00,Sarah Mitchell,$90.00,$0.00
"=""""505""""",Weekly yard cleanup,In Progress,Frank Butler,"19653 Chestnut St, Martinsburg, WV 25401",2022-02-10T00:00:00-04:00,2022-02-16T00:00:00-05:00,Mike Torres,$80.00,$80.00
"=""""506""""",Bi-Weekly Cleanup Service,In Progress,Frank Butler,"19653 Chestnut St, Martinsburg, WV 25401",2022-02-10T00:00:00-04:00,2022-02-20T00:00:00-05:00,Sarah Mitchell,$55.00,$55.00
"=""""507""""",WK SVC,Scheduled,Eric Brooks,"11940 Hawthorn Dr, Sterling, VA 20164",2022-03-22T00:00:00-04:00,2022-04-04T00:00:00-05:00,Jeremy Casanave,$30.00,$30.00
"=""""508""""",Weekly yard cleanup,Completed,Steven Jones,"11346 Walnut Ave, Germantown, MD 20874",2024-12-29T00:00:00-04:00,2025-01-05T00:00:00-05:00,Mike Torres,$35.00,$0.00
"=""""509""""",Weekly Pet Waste Removal,Awaiting Response,Amanda James,"15638 Cedar Ln, Purcellville, VA 20132",2025-02-04T00:00:00-04:00,2025-02-17T00:00:00-05:00,Sarah Mitchell,$45.00,$45.00
"=""""510""""",Every 2 Weeks - Pet Waste Removal,In Progress,Stephen Allen,"16757 Walnut Ave, Bluemont, VA 20135",2023-01-30T00:00:00-04:00,2023-02-02T00:00:00-05:00,Mike Torres,$40.00,$40.00
"=""""511""""",Weekly Cleanup Service,In Progress,Mark Scott,"6981 Lake Dr, Clifton, VA 20124",2023-12-16T00:00:00-04:00,2023-12-17T00:00:00-05:00,,$70.00,$70.00
"=""""512""""",Weekly - 2 dogs,Scheduled,Richard Miller,"36254 Hawthorn Dr, Germantown, MD 20874",2024-11-17T00:00:00-04:00,2024-11-20T00:00:00-05:00,,$55.00,$55.00
"=""""513""""",Weekly Cleanup Service,Scheduled,Richard Miller,"36254 Hawthorn Dr, Germantown, MD 20874",2024-11-17T00:00:00-04:00,2024-12-01T00:00:00-05:00,Jeremy Casanave,$50.00,$50.00
"=""""514""""",Weekly Pet Waste Removal,Scheduled,Raymond Wright,"30101 Sunset Blvd, Ranson, WV 25438",2024-05-26T00:00:00-04:00,2024-05-28T00:00:00-05:00,Mike Torres,$60.00,$60.00
"=""""515""""",Weekly Pet Waste Removal,Awaiting Response,Timothy Green,"10920 Chestnut St, Bluemont, VA 20135",2024-11-07T00:00:00-04:00,2024-11-09T00:00:00-05:00,Jeremy Casanave,$25.00,$25.00
"=""""516""""",Weekly Pet Waste Removal,Awaiting Response,Mary Reyes,"22713 Church St, Germantown, MD 20874",2024-12-08T00:00:00-04:00,2024-12-18T00:00:00-05:00,Sarah Mitchell,$35.00,$35.00
"=""""517""""",Bi-Weekly Cleanup Service,Scheduled,Amanda Miller,"22248 Church St, Sterling, VA 20164",2024-09-16T00:00:00-04:00,2024-09-26T00:00:00-05:00,,$40.00,$40.00
"=""""518""""",Weekly Cleanup Service,Completed,Amanda Miller,"22248 Church St, Sterling, VA 20164",2024-09-16T00:00:00-04:00,2024-09-17T00:00:00-05:00,Jeremy Casanave,$55.00,$0.00
"=""""519""""",Weekly - 2 dogs,Completed,Donna Myers,"3868 Creek Rd, Rockville, MD 20850",2022-01-11T00:00:00-04:00,2022-01-12T00:00:00-05:00,,$50.00,$0.00
"=""""520""""",Weekly yard cleanup,Completed,Richard Morris,"27016 Lake Dr, Reston, VA 20190",2024-03-20T00:00:00-04:00,2024-03-27T00:00:00-05:00,Jeremy Casanave,$100.00,$0.00
"=""""521""""",Every 2 Weeks - Pet Waste Removal,Scheduled,Jeffrey Foster,"23642 Valley Rd, Round Hill, VA 20141",2023-11-10T00:00:00-04:00,2023-11-15T00:00:00-05:00,Jeremy Casanave,$40.00,$40.00
"=""""522""""",Weekly Cleanup Service,Awaiting Response,Rebecca Reed,"25583 Hill Rd, Bethesda, MD 20814",2024-10-21T00:00:00-04:00,2024-10-27T00:00:00-05:00,,$40.00,$40.00
"=""""523""""",Bi-Weekly Cleanup Service,Scheduled,Scott Perry,"5514 Walnut Ave, Rockville, MD 20850",2023-07-30T00:00:00-04:00,2023-08-13T00:00:00-05:00,Sarah Mitchell,$55.00,$55.00
"=""""524""""",Weekly Pet Waste Removal,In Progress,Betty Peterson,"12464 Mulberry Ln, Vienna, VA 22180",2023-07-15T00:00:00-04:00,2023-07-19T00:00:00-05:00,,$90.00,$90.00
"=""""525""""",Monthly Cleanup,Scheduled,George Miller,"18798 Cherry St, Arlington, VA 22201",2024-01-15T00:00:00-04:00,2024-01-27T00:00:00-05:00,,$30.00,$30.00
"=""""526""""",Monthly Cleanup,Scheduled,George Miller,"18798 Cherry St, Arlington, VA 22201",2024-01-15T00:00:00-04:00,2024-01-19T00:00:00-05:00,Jeremy Casanave,$80.00,$80.00
"=""""527""""",Monthly Cleanup,Scheduled,Thomas Nelson,"39730 Grove St, Silver Spring, MD 20901",2022-09-25T00:00:00-04:00,2022-10-07T00:00:00-05:00,,$40.00,$40.00
"=""""528""""",BW Cleanup,Awaiting Response,Alexander Cook,"31177 Valley Rd, Haymarket, VA 20169",2023-06-02T00:00:00-04:00,2023-06-08T00:00:00-05:00,,$60.00,$60.00
"=""""529""""",BW Cleanup,In Progress,Benjamin Ortiz,"33121 Maple Ave, Silver Spring, MD 20901",2025-03-05T00:00:00-04:00,2025-03-17T00:00:00-05:00,Mike Torres,$40.00,$40.00
"=""""530""""",Monthly waste removal,Scheduled,Benjamin Ortiz,"33121 Maple Ave, Silver Spring, MD 20901",2025-03-05T00:00:00-04:00,2025-03-08T00:00:00-05:00,Jeremy Casanave,$70.00,$70.00
"=""""531""""",Bi-Weekly Cleanup Service,Scheduled,Debra Ward,"36963 Meadow Ln, Clifton, VA 20124",2025-03-17T00:00:00-04:00,2025-03-23T00:00:00-05:00,Mike Torres,$100.00,$100.00
"=""""532""""",Bi-Weekly Cleanup Service,Awaiting Response,Debra Ward,"36963 Meadow Ln, Clifton, VA 20124",2025-03-17T00:00:00-04:00,2025-03-26T00:00:00-05:00,Jeremy Casanave,$60.00,$60.00
"=""""533""""",Weekly - 2 dogs,Awaiting Response,Alexander Jenkins,"17697 Aspen Ct, Gainesville, VA 20155",2022-03-22T00:00:00-04:00,2022-04-01T00:00:00-05:00,Sarah Mitchell,$70.00,$70.00
"=""""534""""",Every 2 Weeks - Pet Waste Removal,Scheduled,Alexander Jenkins,"17697 Aspen Ct, Gainesville, VA 20155",2022-03-22T00:00:00-04:00,2022-04-03T00:00:00-05:00,Jeremy Casanave,$35.00,$35.00
"=""""535""""",Weekly Pet Waste Removal,Scheduled,Samuel Young,"21370 Washington Blvd, Burke, VA 22015",2023-08-27T00:00:00-04:00,2023-09-01T00:00:00-05:00,Mike Torres,$45.00,$45.00
"=""""536""""",WK SVC,Scheduled,Laura Robinson,"6240 Dogwood Dr, Gaithersburg, MD 20877",2024-10-01T00:00:00-04:00,2024-10-14T00:00:00-05:00,Sarah Mitchell,$50.00,$50.00
"=""""537""""",Monthly Cleanup,Scheduled,Daniel Turner,"28044 Church St, Lovettsville, VA 20180",2022-01-25T00:00:00-04:00,2022-02-04T00:00:00-05:00,Jeremy Casanave,$90.00,$90.00
"=""""538""""",Bi-weekly service,Scheduled,Samuel Garcia,"715 Park Ave, Round Hill, VA 20141",2024-09-10T00:00:00-04:00,2024-09-22T00:00:00-05:00,,$40.00,$40.00
"=""""539""""",Every 2 Weeks - Pet Waste Removal,Scheduled,Samuel Garcia,"715 Park Ave, Round Hill, VA 20141",2024-09-10T00:00:00-04:00,2024-09-19T00:00:00-05:00,Jeremy Casanave,$70.00,$70.00
"=""""540""""",Weekly Pet Waste Removal,Awaiting Response,Joshua Cooper,"8165 Maple Ave, Germantown, MD 20874",2024-04-30T00:00:00-04:00,2024-05-07T00:00:00-05:00,Mike Torres,$80.00,$80.00
"=""""541""""",Weekly Pet Waste Removal,Awaiting Response,Karen Long,"4511 Lake Dr, Gaithersburg, MD 20877",2022-09-19T00:00:00-04:00,2022-10-03T00:00:00-05:00,Mike Torres,$50.00,$50.00
"=""""542""""",Every 2 Weeks - Pet Waste Removal,Scheduled,Kathleen Powell,"27537 Aspen Ct, Clifton, VA 20124",2022-06-21T00:00:00-04:00,2022-06-28T00:00:00-05:00,Mike Torres,$80.00,$80.00
"=""""543""""",Weekly Pet Waste Removal,Scheduled,Kathleen Powell,"27537 Aspen Ct, Clifton, VA 20124",2022-06-21T00:00:00-04:00,2022-07-04T00:00:00-05:00,Jeremy Casanave,$70.00,$70.00
"=""""544""""",Weekly Pet Waste Removal,Scheduled,Linda Butler,"24458 Pine Rd, Martinsburg, WV 25401",2022-11-20T00:00:00-04:00,2022-11-29T00:00:00-05:00,Mike Torres,$30.00,$30.00
"=""""545""""",Weekly - 2 dogs,In Progress,Mary Wood,"19728 Cherry St, Silver Spring, MD 20901",2022-11-16T00:00:00-04:00,2022-11-27T00:00:00-05:00,,$75.00,$75.00
"=""""546""""",Weekly - 2 dogs,Awaiting Response,Christopher Johnson,"37590 Magnolia Ave, Manassas, VA 20110",2024-02-13T00:00:00-04:00,2024-02-22T00:00:00-05:00,Mike Torres,$45.00,$45.00
"=""""547""""",2x monthly service,Scheduled,Ronald White,"20625 Linden Ln, Gaithersburg, MD 20877",2024-05-18T00:00:00-04:00,2024-05-20T00:00:00-05:00,,$65.00,$65.00
"=""""548""""",WK SVC,Scheduled,Joshua Brown,"13987 Hawthorn Dr, Lovettsville, VA 20180",2023-07-06T00:00:00-04:00,2023-07-11T00:00:00-05:00,,$55.00,$55.00
"=""""549""""",Every 2 Weeks - Pet Waste Removal,Completed,Joshua Brown,"13987 Hawthorn Dr, Lovettsville, VA 20180",2023-07-06T00:00:00-04:00,2023-07-13T00:00:00-05:00,Sarah Mitchell,$90.00,$0.00
"=""""550""""",BW Cleanup,Awaiting Response,Joshua Brown,"13987 Hawthorn Dr, Lovettsville, VA 20180",2023-07-06T00:00:00-04:00,2023-07-19T00:00:00-05:00,Jeremy Casanave,$90.00,$90.00
"=""""551""""",2x monthly service,Scheduled,Michael Green,"32882 Valley Rd, Charles Town, WV 25414",2024-04-14T00:00:00-04:00,2024-04-23T00:00:00-05:00,Jeremy Casanave,$50.00,$50.00
"=""""552""""",Weekly Cleanup Service,Scheduled,Emma Carter,"30450 Washington Blvd, Reston, VA 20190",2022-11-26T00:00:00-04:00,2022-12-04T00:00:00-05:00,Sarah Mitchell,$60.00,$60.00
"=""""553""""",Bi-weekly service,Scheduled,Thomas Baker,"13785 Juniper Rd, Springfield, VA 22150",2022-10-20T00:00:00-04:00,2022-10-26T00:00:00-05:00,,$25.00,$25.00
"=""""554""""",BW Cleanup,Scheduled,Richard Rogers,"37882 Grove St, Woodbridge, VA 22191",2023-06-09T00:00:00-04:00,2023-06-14T00:00:00-05:00,Mike Torres,$40.00,$40.00
"=""""555""""",BW Cleanup,In Progress,Richard Rogers,"37882 Grove St, Woodbridge, VA 22191",2023-06-09T00:00:00-04:00,2023-06-16T00:00:00-05:00,Mike Torres,$25.00,$25.00
"=""""556""""",Weekly Pet Waste Removal,Scheduled,Gary Garcia,"28990 Grove St, Herndon, VA 20170",2024-07-10T00:00:00-04:00,2024-07-15T00:00:00-05:00,Jeremy Casanave,$55.00,$55.00
"=""""557""""",BW Cleanup,Scheduled,Rachel Richardson,"37464 Willow Dr, Fairfax, VA 22030",2024-08-12T00:00:00-04:00,2024-08-23T00:00:00-05:00,Sarah Mitchell,$60.00,$60.00
"=""""558""""",Bi-Weekly Cleanup Service,Awaiting Response,Larry Jones,"31125 Spring St, Martinsburg, WV 25401",2022-12-27T00:00:00-04:00,2022-12-30T00:00:00-05:00,Sarah Mitchell,$35.00,$35.00
"=""""559""""",Weekly - 2 dogs,Awaiting Response,Carolyn Cook,"3622 Washington Blvd, Vienna, VA 22180",2024-05-08T00:00:00-04:00,2024-05-19T00:00:00-05:00,Jeremy Casanave,$45.00,$45.00
"=""""560""""",Monthly waste removal,Scheduled,Carolyn Cook,"3622 Washington Blvd, Vienna, VA 22180",2024-05-08T00:00:00-04:00,2024-05-21T00:00:00-05:00,,$65.00,$65.00
"=""""561""""",WK SVC,Scheduled,Amanda Powell,"5199 Mulberry Ln, McLean, VA 22101",2024-07-28T00:00:00-04:00,2024-08-06T00:00:00-05:00,Mike Torres,$90.00,$90.00
"=""""562""""",Weekly Cleanup Service,Scheduled,Eric Jenkins,"2491 Spring St, Ashburn, VA 20147",2024-02-13T00:00:00-04:00,2024-02-21T00:00:00-05:00,Sarah Mitchell,$90.00,$90.00
"=""""563""""",Monthly waste removal,Scheduled,Eric Jenkins,"2491 Spring St, Ashburn, VA 20147",2024-02-13T00:00:00-04:00,2024-02-17T00:00:00-05:00,Sarah Mitchell,$45.00,$45.00
"=""""564""""",Bi-weekly service,In Progress,Brian Williams,"29984 Birch St, Rockville, MD 20850",2023-11-19T00:00:00-04:00,2023-11-27T00:00:00-05:00,Jeremy Casanave,$55.00,$55.00
"=""""565""""",Weekly yard cleanup,Scheduled,Stephen Gray,"18662 Juniper Rd, Martinsburg, WV 25401",2022-02-03T00:00:00-04:00,2022-02-17T00:00:00-05:00,Mike Torres,$25.00,$25.00
"=""""566""""",Bi-Weekly Cleanup Service,Completed,Nicholas Brooks,"14706 Poplar St, Arlington, VA 22201",2024-08-08T00:00:00-04:00,2024-08-16T00:00:00-05:00,Mike Torres,$25.00,$0.00
"=""""567""""",2x monthly service,In Progress,Melissa Lewis,"27278 Church St, Haymarket, VA 20169",2024-11-28T00:00:00-04:00,2024-11-30T00:00:00-05:00,,$65.00,$65.00
"=""""568""""",BW Cleanup,Scheduled,Brenda Turner,"8545 Cypress Ave, Martinsburg, WV 25401",2023-04-19T00:00:00-04:00,2023-04-23T00:00:00-05:00,Jeremy Casanave,$35.00,$35.00
"=""""569""""",Every 2 Weeks - Pet Waste Removal,Awaiting Response,Ronald Hughes,"6211 Washington Blvd, Arlington, VA 22201",2025-01-18T00:00:00-04:00,2025-01-29T00:00:00-05:00,,$25.00,$25.00
"=""""570""""",Monthly waste removal,Scheduled,Samantha Hughes,"12802 Spruce St, Haymarket, VA 20169",2022-04-16T00:00:00-04:00,2022-04-29T00:00:00-05:00,Jeremy Casanave,$100.00,$100.00
"=""""571""""",Monthly waste removal,Scheduled,Samantha Hughes,"12802 Spruce St, Haymarket, VA 20169",2022-04-16T00:00:00-04:00,2022-04-27T00:00:00-05:00,Jeremy Casanave,$70.00,$70.00
"=""""572""""",Bi-weekly service,Scheduled,Susan Anderson,"17270 Sunset Blvd, Gainesville, VA 20155",2022-07-26T00:00:00-04:00,2022-08-02T00:00:00-05:00,Mike Torres,$80.00,$80.00
"=""""573""""",Weekly Pet Waste Removal,Scheduled,Anthony Morales,"11883 Union St, Fairfax, VA 22030",2023-12-12T00:00:00-04:00,2023-12-14T00:00:00-05:00,Jeremy Casanave,$60.00,$60.00
"=""""574""""",Bi-weekly service,Scheduled,Anthony Morales,"11883 Union St, Fairfax, VA 22030",2023-12-12T00:00:00-04:00,2023-12-26T00:00:00-05:00,Mike Torres,$100.00,$100.00
"=""""575""""",Monthly waste removal,Scheduled,Eric Perry,"1609 Sycamore Ln, Germantown, MD 20874",2022-03-02T00:00:00-04:00,2022-03-05T00:00:00-05:00,Sarah Mitchell,$25.00,$25.00
"=""""576""""",Weekly yard cleanup,Completed,Kimberly Cooper,"30708 Dogwood Dr, Gainesville, VA 20155",2023-07-30T00:00:00-04:00,2023-08-03T00:00:00-05:00,Sarah Mitchell,$30.00,$0.00
"=""""577""""",Weekly yard cleanup,Awaiting Response,Patrick Reed,"7148 Hawthorn Dr, Warrenton, VA 20186",2022-05-12T00:00:00-04:00,2022-05-24T00:00:00-05:00,Jeremy Casanave,$25.00,$25.00
"=""""578""""",Monthly waste removal,Scheduled,Timothy Nguyen,"7613 Sunset Blvd, Leesburg, VA 20175",2022-05-29T00:00:00-04:00,2022-06-06T00:00:00-05:00,,$25.00,$25.00
"=""""579""""",Monthly waste removal,Scheduled,Timothy Nguyen,"7613 Sunset Blvd, Leesburg, VA 20175",2022-05-29T00:00:00-04:00,2022-05-31T00:00:00-05:00,Mike Torres,$70.00,$70.00
"=""""580""""",Weekly Cleanup Service,Scheduled,Mary Green,"15346 Aspen Ct, Warrenton, VA 20186",2025-02-22T00:00:00-04:00,2025-02-27T00:00:00-05:00,Jeremy Casanave,$70.00,$70.00
"=""""581""""",Weekly Pet Waste Removal,Awaiting Response,George Green,"3166 High St, Rockville, MD 20850",2024-02-24T00:00:00-04:00,2024-03-04T00:00:00-05:00,Mike Torres,$80.00,$80.00
"=""""582""""",Weekly yard cleanup,In Progress,George Green,"3166 High St, Rockville, MD 20850",2024-02-24T00:00:00-04:00,2024-02-28T00:00:00-05:00,Jeremy Casanave,$90.00,$90.00
"=""""583""""",2x monthly service,Scheduled,George Green,"3166 High St, Rockville, MD 20850",2024-02-24T00:00:00-04:00,2024-03-08T00:00:00-05:00,Jeremy Casanave,$100.00,$100.00
"=""""584""""",BW Cleanup,Scheduled,Andrew Taylor,"22211 Linden Ln, Purcellville, VA 20132",2023-10-12T00:00:00-04:00,2023-10-21T00:00:00-05:00,Jeremy Casanave,$100.00,$100.00
"=""""585""""",Weekly yard cleanup,Scheduled,Brandon Miller,"6833 Maple Ave, Burke, VA 22015",2024-06-11T00:00:00-04:00,2024-06-22T00:00:00-05:00,Jeremy Casanave,$40.00,$40.00
"=""""586""""",Monthly waste removal,In Progress,James Powell,"5017 Main St, Haymarket, VA 20169",2022-12-15T00:00:00-04:00,2022-12-28T00:00:00-05:00,Jeremy Casanave,$90.00,$90.00
"=""""587""""",Monthly waste removal,Completed,Frank Martinez,"30780 Meadow Ln, Arlington, VA 22201",2024-07-18T00:00:00-04:00,2024-07-29T00:00:00-05:00,Jeremy Casanave,$35.00,$0.00
"=""""588""""",Bi-Weekly Cleanup Service,Scheduled,Janet Stewart,"34805 Hawthorn Dr, Woodbridge, VA 22191",2023-03-26T00:00:00-04:00,2023-03-27T00:00:00-05:00,Sarah Mitchell,$70.00,$70.00
"=""""589""""",BW Cleanup,Completed,Janet Stewart,"34805 Hawthorn Dr, Woodbridge, VA 22191",2023-03-26T00:00:00-04:00,2023-03-31T00:00:00-05:00,,$25.00,$0.00
"=""""590""""",Bi-weekly service,Completed,William Ward,"25784 Willow Dr, Charles Town, WV 25414",2022-12-17T00:00:00-04:00,2022-12-26T00:00:00-05:00,Jeremy Casanave,$25.00,$0.00
"=""""591""""",Bi-Weekly Cleanup Service,Scheduled,Richard White,"11256 Ridge Rd, Springfield, VA 22150",2022-01-27T00:00:00-04:00,2022-01-30T00:00:00-05:00,Sarah Mitchell,$55.00,$55.00
"=""""592""""",Bi-weekly service,Scheduled,Richard White,"11256 Ridge Rd, Springfield, VA 22150",2022-01-27T00:00:00-04:00,2022-02-06T00:00:00-05:00,Jeremy Casanave,$55.00,$55.00
"=""""593""""",Monthly Cleanup,In Progress,Barbara Perez,"38317 Oak St, Gaithersburg, MD 20877",2023-08-19T00:00:00-04:00,2023-08-24T00:00:00-05:00,Jeremy Casanave,$100.00,$100.00
"=""""594""""",WK SVC,In Progress,Barbara Perez,"38317 Oak St, Gaithersburg, MD 20877",2023-08-19T00:00:00-04:00,2023-08-20T00:00:00-05:00,Jeremy Casanave,$75.00,$75.00
"=""""595""""",Weekly yard cleanup,Awaiting Response,Richard Hill,"16965 Dogwood Dr, Germantown, MD 20874",2023-11-15T00:00:00-04:00,2023-11-21T00:00:00-05:00,Sarah Mitchell,$70.00,$70.00
"=""""596""""",Monthly Cleanup,Scheduled,Debra Kelly,"9382 Creek Rd, Alexandria, VA 22301",2022-07-02T00:00:00-04:00,2022-07-04T00:00:00-05:00,Jeremy Casanave,$55.00,$55.00
"=""""597""""",2x monthly service,Awaiting Response,Larry Hall,"9945 Sycamore Ln, Frederick, MD 21701",2023-08-14T00:00:00-04:00,2023-08-21T00:00:00-05:00,Jeremy Casanave,$100.00,$100.00
"=""""598""""",BW Cleanup,Scheduled,Andrew Bennett,"23185 Oak St, Martinsburg, WV 25401",2023-07-09T00:00:00-04:00,2023-07-10T00:00:00-05:00,Jeremy Casanave,$65.00,$65.00
"=""""599""""",Weekly Pet Waste Removal,Awaiting Response,Mark Jones,"26256 Park Ave, Martinsburg, WV 25401",2023-10-23T00:00:00-04:00,2023-10-25T00:00:00-05:00,Jeremy Casanave,$60.00,$60.00
"=""""600""""",Weekly yard cleanup,In Progress,Mark Jones,"26256 Park Ave, Martinsburg, WV 25401",2023-10-23T00:00:00-04:00,2023-11-05T00:00:00-05:00,,$35.00,$35.00
"=""""601""""",Monthly Cleanup,Scheduled,Stephen Sanchez,"35871 Sunset Blvd, Frederick, MD 21701",2023-10-04T00:00:00-04:00,2023-10-09T00:00:00-05:00,Mike Torres,$40.00,$40.00
"=""""602""""",Monthly waste removal,Scheduled,Stephen Sanchez,"35871 Sunset Blvd, Frederick, MD 21701",2023-10-04T00:00:00-04:00,2023-10-15T00:00:00-05:00,Sarah Mitchell,$75.00,$75.00
"=""""603""""",Bi-weekly service,Completed,Jason Morgan,"27685 Washington Blvd, Leesburg, VA 20175",2025-01-17T00:00:00-04:00,2025-01-31T00:00:00-05:00,Jeremy Casanave,$60.00,$0.00
"=""""604""""",Weekly yard cleanup,Scheduled,Anthony Wilson,"8083 Union St, Hamilton, VA 20158",2024-06-18T00:00:00-04:00,2024-06-23T00:00:00-05:00,Mike Torres,$35.00,$35.00
"=""""605""""",Weekly Pet Waste Removal,Scheduled,Anthony Wilson,"8083 Union St, Hamilton, VA 20158",2024-06-18T00:00:00-04:00,2024-06-28T00:00:00-05:00,Jeremy Casanave,$25.00,$25.00
"=""""606""""",Weekly - 2 dogs,Scheduled,Charles Brown,"38146 Union St, Round Hill, VA 20141",2024-07-27T00:00:00-04:00,2024-07-31T00:00:00-05:00,Sarah Mitchell,$25.00,$25.00
"=""""607""""",Bi-weekly service,Scheduled,Charles Brown,"38146 Union St, Round Hill, VA 20141",2024-07-27T00:00:00-04:00,2024-08-06T00:00:00-05:00,,$60.00,$60.00
"=""""608""""",2x monthly service,Scheduled,Charles Brown,"38146 Union St, Round Hill, VA 20141",2024-07-27T00:00:00-04:00,2024-07-31T00:00:00-05:00,,$70.00,$70.00
"=""""609""""",Every 2 Weeks - Pet Waste Removal,In Progress,Alexander Howard,"37006 Summit Ave, Chantilly, VA 20151",2024-09-17T00:00:00-04:00,2024-09-22T00:00:00-05:00,,$40.00,$40.00
"=""""610""""",2x monthly service,Scheduled,Alexander Bell,"38691 Mulberry Ln, Warrenton, VA 20186",2022-03-02T00:00:00-04:00,2022-03-03T00:00:00-05:00,Mike Torres,$50.00,$50.00
"=""""611""""",Weekly Pet Waste Removal,Completed,Alexander Bell,"38691 Mulberry Ln, Warrenton, VA 20186",2022-03-02T00:00:00-04:00,2022-03-15T00:00:00-05:00,Mike Torres,$55.00,$0.00
"=""""612""""",Bi-weekly service,In Progress,Gregory Peterson,"11503 Meadow Ln, Ashburn, VA 20147",2022-03-18T00:00:00-04:00,2022-03-26T00:00:00-05:00,Mike Torres,$90.00,$90.00
"=""""613""""",Weekly Cleanup Service,Scheduled,Michelle Wilson,"12926 Main St, McLean, VA 22101",2022-11-28T00:00:00-04:00,2022-12-12T00:00:00-05:00,Mike Torres,$55.00,$55.00
"=""""614""""",Bi-weekly service,Scheduled,Anthony Jones,"4816 Summit Ave, Germantown, MD 20874",2023-12-23T00:00:00-04:00,2023-12-25T00:00:00-05:00,Jeremy Casanave,$50.00,$50.00
"=""""615""""",Weekly - 2 dogs,Scheduled,Anthony Jones,"4816 Summit Ave, Germantown, MD 20874",2023-12-23T00:00:00-04:00,2023-12-27T00:00:00-05:00,Mike Torres,$65.00,$65.00
"=""""616""""",BW Cleanup,Scheduled,Jeffrey Stewart,"33998 Union St, Herndon, VA 20170",2023-04-04T00:00:00-04:00,2023-04-08T00:00:00-05:00,Sarah Mitchell,$35.00,$35.00
"=""""617""""",Weekly - 2 dogs,Awaiting Response,Christopher Torres,"20562 Willow Dr, Bethesda, MD 20814",2022-03-03T00:00:00-04:00,2022-03-16T00:00:00-05:00,Jeremy Casanave,$70.00,$70.00
"=""""618""""",Every 2 Weeks - Pet Waste Removal,Scheduled,Sarah Clark,"32445 Elm St, Springfield, VA 22150",2024-05-02T00:00:00-04:00,2024-05-12T00:00:00-05:00,Jeremy Casanave,$45.00,$45.00
"=""""619""""",Weekly yard cleanup,Scheduled,Paul Jenkins,"23054 Walnut Ave, Alexandria, VA 22301",2022-02-23T00:00:00-04:00,2022-02-26T00:00:00-05:00,Jeremy Casanave,$80.00,$80.00
"=""""620""""",Monthly Cleanup,Scheduled,Paul Jenkins,"23054 Walnut Ave, Alexandria, VA 22301",2022-02-23T00:00:00-04:00,2022-03-05T00:00:00-05:00,,$65.00,$65.00
"=""""621""""",Every 2 Weeks - Pet Waste Removal,Scheduled,Paul Jenkins,"23054 Walnut Ave, Alexandria, VA 22301",2022-02-23T00:00:00-04:00,2022-03-02T00:00:00-05:00,Jeremy Casanave,$70.00,$70.00
"=""""622""""",Weekly - 2 dogs,Awaiting Response,Mary Robinson,"16478 Pine Rd, Round Hill, VA 20141",2023-10-06T00:00:00-04:00,2023-10-16T00:00:00-05:00,Sarah Mitchell,$55.00,$55.00
"=""""623""""",Monthly waste removal,Awaiting Response,Ronald Cooper,"13591 Dogwood Dr, Germantown, MD 20874",2023-09-12T00:00:00-04:00,2023-09-22T00:00:00-05:00,Sarah Mitchell,$75.00,$75.00
"=""""624""""",2x monthly service,Awaiting Response,Paul Green,"27024 Juniper Rd, Chantilly, VA 20151",2025-02-06T00:00:00-04:00,2025-02-10T00:00:00-05:00,Mike Torres,$40.00,$40.00
"=""""625""""",BW Cleanup,Awaiting Response,Donald Sullivan,"32796 Cedar Ln, Leesburg, VA 20175",2023-07-26T00:00:00-04:00,2023-08-04T00:00:00-05:00,,$60.00,$60.00
"=""""626""""",BW Cleanup,Scheduled,Jeffrey Garcia,"3524 Union St, Germantown, MD 20874",2023-03-20T00:00:00-04:00,2023-03-25T00:00:00-05:00,Sarah Mitchell,$30.00,$30.00
"=""""627""""",Bi-weekly service,In Progress,Janet Perry,"35146 Poplar St, Gainesville, VA 20155",2024-02-20T00:00:00-04:00,2024-03-04T00:00:00-05:00,Jeremy Casanave,$45.00,$45.00
"=""""628""""",Weekly Pet Waste Removal,Awaiting Response,Debra Scott,"2630 Juniper Rd, Charles Town, WV 25414",2023-09-21T00:00:00-04:00,2023-09-30T00:00:00-05:00,Sarah Mitchell,$80.00,$80.00
"=""""629""""",Every 2 Weeks - Pet Waste Removal,Scheduled,Cynthia Williams,"36577 Spring St, Gaithersburg, MD 20877",2024-06-21T00:00:00-04:00,2024-06-28T00:00:00-05:00,Jeremy Casanave,$25.00,$25.00
"=""""630""""",Weekly yard cleanup,Completed,Timothy Long,"24237 Cedar Ln, Fairfax, VA 22030",2023-03-10T00:00:00-04:00,2023-03-18T00:00:00-05:00,Sarah Mitchell,$55.00,$0.00
"=""""631""""",Bi-Weekly Cleanup Service,In Progress,Edward Brooks,"14818 Chestnut St, Lovettsville, VA 20180",2022-04-16T00:00:00-04:00,2022-04-21T00:00:00-05:00,Sarah Mitchell,$80.00,$80.00
"=""""632""""",2x monthly service,Awaiting Response,Paul Harris,"15231 Poplar St, Burke, VA 22015",2022-06-13T00:00:00-04:00,2022-06-15T00:00:00-05:00,Mike Torres,$40.00,$40.00
"=""""633""""",Bi-Weekly Cleanup Service,Scheduled,Paul Harris,"15231 Poplar St, Burke, VA 22015",2022-06-13T00:00:00-04:00,2022-06-17T00:00:00-05:00,Jeremy Casanave,$65.00,$65.00
"=""""634""""",Weekly yard cleanup,In Progress,Sandra Cook,"26813 Mulberry Ln, Springfield, VA 22150",2022-08-30T00:00:00-04:00,2022-09-08T00:00:00-05:00,Sarah Mitchell,$60.00,$60.00
"=""""635""""",WK SVC,In Progress,Stephanie Sullivan,"38863 Hawthorn Dr, Centreville, VA 20120",2024-04-17T00:00:00-04:00,2024-04-28T00:00:00-05:00,Mike Torres,$55.00,$55.00
"=""""636""""",2x monthly service,Scheduled,Janet White,"38999 Mulberry Ln, Round Hill, VA 20141",2023-07-27T00:00:00-04:00,2023-08-01T00:00:00-05:00,Mike Torres,$25.00,$25.00
"=""""637""""",Monthly waste removal,Completed,Janet White,"38999 Mulberry Ln, Round Hill, VA 20141",2023-07-27T00:00:00-04:00,2023-08-07T00:00:00-05:00,Jeremy Casanave,$35.00,$0.00
"=""""638""""",Weekly Pet Waste Removal,Scheduled,Eric Howard,"20978 Sunset Blvd, Clifton, VA 20124",2023-07-24T00:00:00-04:00,2023-08-03T00:00:00-05:00,,$60.00,$60.00
"=""""639""""",Bi-Weekly Cleanup Service,Awaiting Response,Lisa Thomas,"19005 Main St, Fairfax, VA 22030",2023-02-28T00:00:00-04:00,2023-03-05T00:00:00-05:00,Jeremy Casanave,$65.00,$65.00
"=""""640""""",BW Cleanup,Scheduled,Lisa Thomas,"19005 Main St, Fairfax, VA 22030",2023-02-28T00:00:00-04:00,2023-03-10T00:00:00-05:00,Jeremy Casanave,$100.00,$100.00
"=""""641""""",Weekly Cleanup Service,Completed,Jonathan Harris,"37531 Walnut Ave, Gainesville, VA 20155",2022-09-03T00:00:00-04:00,2022-09-17T00:00:00-05:00,,$50.00,$0.00
"=""""642""""",Bi-weekly service,Scheduled,Jonathan Harris,"37531 Walnut Ave, Gainesville, VA 20155",2022-09-03T00:00:00-04:00,2022-09-04T00:00:00-05:00,,$30.00,$30.00
"=""""643""""",Weekly yard cleanup,Scheduled,Jonathan Harris,"37531 Walnut Ave, Gainesville, VA 20155",2022-09-03T00:00:00-04:00,2022-09-07T00:00:00-05:00,Jeremy Casanave,$75.00,$75.00
"=""""644""""",Bi-Weekly Cleanup Service,Awaiting Response,Kimberly Gutierrez,"4972 Ridge Rd, Alexandria, VA 22301",2023-10-07T00:00:00-04:00,2023-10-14T00:00:00-05:00,Mike Torres,$70.00,$70.00
"=""""645""""",Weekly yard cleanup,Completed,Brenda Foster,"14531 Valley Rd, Clifton, VA 20124",2022-09-27T00:00:00-04:00,2022-10-08T00:00:00-05:00,Mike Torres,$90.00,$0.00
"=""""646""""",Weekly Pet Waste Removal,In Progress,Sharon Rodriguez,"27504 Main St, Purcellville, VA 20132",2024-12-22T00:00:00-04:00,2024-12-27T00:00:00-05:00,Mike Torres,$60.00,$60.00
"=""""647""""",Bi-Weekly Cleanup Service,Completed,Raymond Anderson,"32158 Hawthorn Dr, Gaithersburg, MD 20877",2022-05-05T00:00:00-04:00,2022-05-09T00:00:00-05:00,Jeremy Casanave,$60.00,$0.00
"=""""648""""",Weekly Cleanup Service,Scheduled,Ronald Murphy,"31918 Mill Rd, Woodbridge, VA 22191",2022-12-08T00:00:00-04:00,2022-12-16T00:00:00-05:00,,$60.00,$60.00
"=""""649""""",Weekly - 2 dogs,Scheduled,Nicole Cox,"21942 Creek Rd, Bluemont, VA 20135",2025-01-01T00:00:00-04:00,2025-01-02T00:00:00-05:00,,$40.00,$40.00
"=""""650""""",Weekly Cleanup Service,Scheduled,Paul Butler,"17794 Washington Blvd, Herndon, VA 20170",2025-01-14T00:00:00-04:00,2025-01-26T00:00:00-05:00,Jeremy Casanave,$50.00,$50.00
"=""""651""""",2x monthly service,Scheduled,Nicole Flores,"18060 Poplar St, Haymarket, VA 20169",2024-05-29T00:00:00-04:00,2024-06-08T00:00:00-05:00,Jeremy Casanave,$40.00,$40.00
"=""""652""""",Weekly Cleanup Service,Scheduled,Andrew Sullivan,"25897 Grove St, Rockville, MD 20850",2022-02-20T00:00:00-04:00,2022-02-25T00:00:00-05:00,Sarah Mitchell,$80.00,$80.00
"=""""653""""",Monthly Cleanup,Scheduled,Susan Myers,"36858 Forest Dr, Ashburn, VA 20147",2024-08-27T00:00:00-04:00,2024-09-10T00:00:00-05:00,Mike Torres,$60.00,$60.00
"=""""654""""",Bi-weekly service,Awaiting Response,Susan Myers,"36858 Forest Dr, Ashburn, VA 20147",2024-08-27T00:00:00-04:00,2024-08-28T00:00:00-05:00,Mike Torres,$90.00,$90.00
"=""""655""""",2x monthly service,Awaiting Response,Amy Allen,"21166 Chestnut St, Purcellville, VA 20132",2024-09-27T00:00:00-04:00,2024-10-04T00:00:00-05:00,Sarah Mitchell,$100.00,$100.00
"=""""656""""",Bi-Weekly Cleanup Service,Scheduled,Alexander Cooper,"5179 Meadow Ln, Martinsburg, WV 25401",2024-06-15T00:00:00-04:00,2024-06-27T00:00:00-05:00,,$100.00,$100.00
"=""""657""""",Monthly waste removal,Scheduled,Gary Moore,"19547 Lake Dr, Round Hill, VA 20141",2024-02-01T00:00:00-04:00,2024-02-14T00:00:00-05:00,Jeremy Casanave,$60.00,$60.00
"=""""658""""",WK SVC,Scheduled,Carolyn Mitchell,"21738 Hill Rd, Arlington, VA 22201",2024-05-02T00:00:00-04:00,2024-05-10T00:00:00-05:00,Sarah Mitchell,$80.00,$80.00
"=""""659""""",Bi-weekly service,Awaiting Response,Betty Powell,"30816 Hawthorn Dr, Hamilton, VA 20158",2022-01-29T00:00:00-04:00,2022-02-04T00:00:00-05:00,Mike Torres,$30.00,$30.00
"=""""660""""",Monthly Cleanup,Scheduled,Helen Phillips,"38939 River Rd, Lovettsville, VA 20180",2024-12-05T00:00:00-04:00,2024-12-15T00:00:00-05:00,Jeremy Casanave,$100.00,$100.00
"=""""661""""",Weekly Cleanup Service,Scheduled,Christine Peterson,"6085 Juniper Rd, Arlington, VA 22201",2022-04-17T00:00:00-04:00,2022-04-23T00:00:00-05:00,Jeremy Casanave,$65.00,$65.00
"=""""662""""",WK SVC,In Progress,Kenneth Bell,"25366 Cherry St, Clifton, VA 20124",2023-03-15T00:00:00-04:00,2023-03-23T00:00:00-05:00,Mike Torres,$45.00,$45.00
"=""""663""""",2x monthly service,In Progress,Kenneth Bell,"25366 Cherry St, Clifton, VA 20124",2023-03-15T00:00:00-04:00,2023-03-25T00:00:00-05:00,Mike Torres,$55.00,$55.00
"=""""664""""",BW Cleanup,Scheduled,Brenda Murphy,"22918 Sunset Blvd, Martinsburg, WV 25401",2025-02-20T00:00:00-04:00,2025-03-03T00:00:00-05:00,,$60.00,$60.00
"=""""665""""",Weekly Cleanup Service,Completed,Benjamin Davis,"32232 Sunset Blvd, Frederick, MD 21701",2022-11-10T00:00:00-04:00,2022-11-15T00:00:00-05:00,Mike Torres,$50.00,$0.00
"=""""666""""",Weekly Pet Waste Removal,Awaiting Response,Rebecca Sanders,"17574 Washington Blvd, Reston, VA 20190",2022-01-07T00:00:00-04:00,2022-01-20T00:00:00-05:00,Jeremy Casanave,$80.00,$80.00
"=""""667""""",Monthly waste removal,Scheduled,Elizabeth Reed,"11272 Cedar Ln, Shepherdstown, WV 25443",2024-06-07T00:00:00-04:00,2024-06-14T00:00:00-05:00,Sarah Mitchell,$90.00,$90.00
"=""""668""""",Weekly Cleanup Service,Scheduled,Carol Sullivan,"17022 Spring St, Arlington, VA 22201",2022-10-14T00:00:00-04:00,2022-10-23T00:00:00-05:00,Jeremy Casanave,$50.00,$50.00
"=""""669""""",Monthly Cleanup,Completed,Robert Adams,"27717 Cherry St, Fairfax, VA 22030",2022-11-30T00:00:00-04:00,2022-12-12T00:00:00-05:00,Jeremy Casanave,$80.00,$0.00
"=""""670""""",Weekly Cleanup Service,Scheduled,Pamela Powell,"24559 Hawthorn Dr, Manassas, VA 20110",2024-11-04T00:00:00-04:00,2024-11-11T00:00:00-05:00,Sarah Mitchell,$50.00,$50.00
"=""""671""""",BW Cleanup,Scheduled,Patricia Lee,"13106 Chestnut St, Silver Spring, MD 20901",2023-09-26T00:00:00-04:00,2023-10-08T00:00:00-05:00,Jeremy Casanave,$55.00,$55.00
"=""""672""""",Weekly Pet Waste Removal,Scheduled,Ryan Smith,"20254 Washington Blvd, Haymarket, VA 20169",2023-05-17T00:00:00-04:00,2023-05-29T00:00:00-05:00,Sarah Mitchell,$55.00,$55.00
"=""""673""""",Monthly waste removal,Scheduled,Kevin Gonzalez,"24760 Poplar St, Gaithersburg, MD 20877",2022-10-01T00:00:00-04:00,2022-10-06T00:00:00-05:00,Jeremy Casanave,$45.00,$45.00
"=""""674""""",Bi-weekly service,Awaiting Response,Kevin Gonzalez,"24760 Poplar St, Gaithersburg, MD 20877",2022-10-01T00:00:00-04:00,2022-10-02T00:00:00-05:00,,$90.00,$90.00
"=""""675""""",Monthly waste removal,Awaiting Response,Ronald Ward,"14628 Hawthorn Dr, Leesburg, VA 20175",2024-03-26T00:00:00-04:00,2024-04-03T00:00:00-05:00,Jeremy Casanave,$25.00,$25.00
"=""""676""""",2x monthly service,Scheduled,Margaret Hill,"9979 School St, Martinsburg, WV 25401",2024-05-13T00:00:00-04:00,2024-05-23T00:00:00-05:00,Jeremy Casanave,$80.00,$80.00
"=""""677""""",Bi-Weekly Cleanup Service,Awaiting Response,Margaret Hill,"9979 School St, Martinsburg, WV 25401",2024-05-13T00:00:00-04:00,2024-05-27T00:00:00-05:00,Mike Torres,$80.00,$80.00
"=""""678""""",Weekly Pet Waste Removal,Scheduled,Margaret Hill,"9979 School St, Martinsburg, WV 25401",2024-05-13T00:00:00-04:00,2024-05-15T00:00:00-05:00,Sarah Mitchell,$40.00,$40.00
"=""""679""""",Bi-Weekly Cleanup Service,Scheduled,David Hall,"10643 Ridge Rd, Round Hill, VA 20141",2024-04-02T00:00:00-04:00,2024-04-11T00:00:00-05:00,Jeremy Casanave,$45.00,$45.00
"=""""680""""",Every 2 Weeks - Pet Waste Removal,In Progress,Nicole Cook,"24011 Lake Dr, Germantown, MD 20874",2022-01-15T00:00:00-04:00,2022-01-22T00:00:00-05:00,Sarah Mitchell,$40.00,$40.00
"=""""681""""",Weekly yard cleanup,Scheduled,Angela Reyes,"18562 Cedar Ln, Frederick, MD 21701",2024-05-21T00:00:00-04:00,2024-05-22T00:00:00-05:00,,$45.00,$45.00
"=""""682""""",Every 2 Weeks - Pet Waste Removal,Scheduled,Emily Rivera,"39144 Lake Dr, Purcellville, VA 20132",2022-06-22T00:00:00-04:00,2022-06-23T00:00:00-05:00,Sarah Mitchell,$50.00,$50.00
"=""""683""""",Weekly Cleanup Service,Scheduled,Kimberly Hall,"2763 Elm St, Frederick, MD 21701",2022-06-11T00:00:00-04:00,2022-06-19T00:00:00-05:00,Mike Torres,$45.00,$45.00
"=""""684""""",2x monthly service,Completed,John White,"12659 Chestnut St, Sterling, VA 20164",2022-04-11T00:00:00-04:00,2022-04-24T00:00:00-05:00,Jeremy Casanave,$25.00,$0.00
"=""""685""""",Every 2 Weeks - Pet Waste Removal,Completed,Maria Powell,"11979 School St, Charles Town, WV 25414",2022-09-23T00:00:00-04:00,2022-09-27T00:00:00-05:00,,$30.00,$0.00
"=""""686""""",2x monthly service,Scheduled,Mark Lewis,"30288 Mulberry Ln, Gainesville, VA 20155",2022-01-26T00:00:00-04:00,2022-02-09T00:00:00-05:00,Jeremy Casanave,$70.00,$70.00
"=""""687""""",Monthly Cleanup,Scheduled,Cynthia Butler,"16857 Willow Dr, Clifton, VA 20124",2023-03-02T00:00:00-04:00,2023-03-15T00:00:00-05:00,,$60.00,$60.00
"=""""688""""",BW Cleanup,Scheduled,Laura Ross,"23144 Chestnut St, Fairfax, VA 22030",2024-02-08T00:00:00-04:00,2024-02-12T00:00:00-05:00,Jeremy Casanave,$50.00,$50.00
"=""""689""""",Weekly Pet Waste Removal,Scheduled,Ronald Ramirez,"36149 Birch St, Charles Town, WV 25414",2022-08-05T00:00:00-04:00,2022-08-08T00:00:00-05:00,,$80.00,$80.00
"=""""690""""",WK SVC,Scheduled,Timothy Harris,"5376 Hawthorn Dr, Bethesda, MD 20814",2024-08-24T00:00:00-04:00,2024-09-07T00:00:00-05:00,,$65.00,$65.00
"=""""691""""",Weekly Cleanup Service,Scheduled,Cynthia Bell,"30391 Elm St, Springfield, VA 22150",2022-05-25T00:00:00-04:00,2022-06-08T00:00:00-05:00,,$25.00,$25.00
"=""""692""""",Weekly Pet Waste Removal,Scheduled,Samuel Ward,"26209 Cedar Ln, Gainesville, VA 20155",2022-08-01T00:00:00-04:00,2022-08-15T00:00:00-05:00,Mike Torres,$25.00,$25.00
"=""""693""""",Bi-Weekly Cleanup Service,Completed,Joshua Cook,"9800 Sycamore Ln, Herndon, VA 20170",2022-11-21T00:00:00-04:00,2022-12-02T00:00:00-05:00,Mike Torres,$55.00,$0.00
"=""""694""""",Weekly Cleanup Service,Awaiting Response,Joshua Cook,"9800 Sycamore Ln, Herndon, VA 20170",2022-11-21T00:00:00-04:00,2022-11-30T00:00:00-05:00,Jeremy Casanave,$70.00,$70.00
"=""""695""""",Bi-Weekly Cleanup Service,Scheduled,Helen Perez,"34397 Grove St, Warrenton, VA 20186",2024-09-18T00:00:00-04:00,2024-09-19T00:00:00-05:00,Sarah Mitchell,$90.00,$90.00
"=""""696""""",Every 2 Weeks - Pet Waste Removal,Scheduled,Anthony Lewis,"32788 Poplar St, Chantilly, VA 20151",2023-02-19T00:00:00-04:00,2023-03-01T00:00:00-05:00,Mike Torres,$45.00,$45.00
"=""""697""""",Weekly - 2 dogs,In Progress,Nicholas Rodriguez,"3768 Hickory Ln, Bluemont, VA 20135",2023-05-17T00:00:00-04:00,2023-05-23T00:00:00-05:00,,$70.00,$70.00
"=""""698""""",Bi-Weekly Cleanup Service,Awaiting Response,Paul Diaz,"34346 Union St, Herndon, VA 20170",2025-01-04T00:00:00-04:00,2025-01-15T00:00:00-05:00,Sarah Mitchell,$100.00,$100.00
"=""""699""""",Monthly waste removal,Completed,Joseph Murphy,"39309 Dogwood Dr, Arlington, VA 22201",2024-06-25T00:00:00-04:00,2024-07-04T00:00:00-05:00,Jeremy Casanave,$55.00,$0.00
"=""""700""""",Weekly - 2 dogs,Scheduled,Nancy Reed,"11817 Elm St, Fairfax, VA 22030",2025-01-08T00:00:00-04:00,2025-01-19T00:00:00-05:00,Mike Torres,$50.00,$50.00
"=""""701""""",Monthly waste removal,Scheduled,Donna Bell,"13881 Chestnut St, Haymarket, VA 20169",2022-11-20T00:00:00-04:00,2022-11-21T00:00:00-05:00,Mike Torres,$50.00,$50.00
"=""""702""""",2x monthly service,Awaiting Response,Donna Bell,"13881 Chestnut St, Haymarket, VA 20169",2022-11-20T00:00:00-04:00,2022-11-30T00:00:00-05:00,Mike Torres,$45.00,$45.00
"=""""703""""",WK SVC,Scheduled,Donna Bell,"13881 Chestnut St, Haymarket, VA 20169",2022-11-20T00:00:00-04:00,2022-11-29T00:00:00-05:00,Jeremy Casanave,$30.00,$30.00
"=""""704""""",Bi-Weekly Cleanup Service,Completed,Rebecca Jenkins,"9601 Union St, Burke, VA 22015",2024-05-21T00:00:00-04:00,2024-05-30T00:00:00-05:00,,$70.00,$0.00
"=""""705""""",Weekly Pet Waste Removal,Scheduled,Timothy Rivera,"1376 Valley Rd, Woodbridge, VA 22191",2024-05-25T00:00:00-04:00,2024-06-08T00:00:00-05:00,Mike Torres,$100.00,$100.00
"=""""706""""",BW Cleanup,Scheduled,Helen Bell,"10613 Ridge Rd, Springfield, VA 22150",2024-03-09T00:00:00-04:00,2024-03-23T00:00:00-05:00,Jeremy Casanave,$35.00,$35.00
"=""""707""""",Bi-Weekly Cleanup Service,Scheduled,Nicole Bennett,"35351 Grove St, Woodbridge, VA 22191",2024-04-27T00:00:00-04:00,2024-05-07T00:00:00-05:00,Jeremy Casanave,$60.00,$60.00
"=""""708""""",Weekly Cleanup Service,Scheduled,Elizabeth Murphy,"19198 Maple Ave, Silver Spring, MD 20901",2023-03-16T00:00:00-04:00,2023-03-29T00:00:00-05:00,Jeremy Casanave,$55.00,$55.00
"=""""709""""",Monthly Cleanup,Awaiting Response,Betty Ross,"7911 Linden Ln, Herndon, VA 20170",2022-05-04T00:00:00-04:00,2022-05-11T00:00:00-05:00,,$25.00,$25.00
"=""""710""""",Weekly Cleanup Service,Scheduled,Betty Ross,"7911 Linden Ln, Herndon, VA 20170",2022-05-04T00:00:00-04:00,2022-05-12T00:00:00-05:00,Sarah Mitchell,$100.00,$100.00
"=""""711""""",BW Cleanup,Scheduled,Michelle Ward,"37147 Washington Blvd, Lovettsville, VA 20180",2024-08-17T00:00:00-04:00,2024-08-20T00:00:00-05:00,Mike Torres,$40.00,$40.00
"=""""712""""",Bi-Weekly Cleanup Service,Scheduled,Michelle Ward,"37147 Washington Blvd, Lovettsville, VA 20180",2024-08-17T00:00:00-04:00,2024-08-26T00:00:00-05:00,Jeremy Casanave,$50.00,$50.00
"=""""713""""",Bi-Weekly Cleanup Service,Scheduled,Michelle Stewart,"30099 Linden Ln, Germantown, MD 20874",2022-10-31T00:00:00-04:00,2022-11-04T00:00:00-05:00,Jeremy Casanave,$75.00,$75.00
"=""""714""""",WK SVC,Scheduled,Anna Hall,"13318 Union St, Arlington, VA 22201",2022-10-09T00:00:00-04:00,2022-10-10T00:00:00-05:00,Jeremy Casanave,$50.00,$50.00
"=""""715""""",Weekly - 2 dogs,Awaiting Response,Anna Hall,"13318 Union St, Arlington, VA 22201",2022-10-09T00:00:00-04:00,2022-10-10T00:00:00-05:00,Sarah Mitchell,$50.00,$50.00
"=""""716""""",Weekly Pet Waste Removal,Scheduled,Edward Miller,"38780 Lake Dr, Clifton, VA 20124",2023-03-06T00:00:00-04:00,2023-03-16T00:00:00-05:00,Mike Torres,$50.00,$50.00
"=""""717""""",2x monthly service,Scheduled,Rebecca Harris,"33440 Lake Dr, Manassas, VA 20110",2023-12-28T00:00:00-04:00,2024-01-02T00:00:00-05:00,Mike Torres,$80.00,$80.00
"=""""718""""",WK SVC,Completed,Rachel Hernandez,"18103 Linden Ln, Leesburg, VA 20175",2022-01-19T00:00:00-04:00,2022-01-27T00:00:00-05:00,Jeremy Casanave,$70.00,$0.00
"=""""719""""",Monthly waste removal,Completed,Linda Gray,"10420 Birch St, Ranson, WV 25438",2022-08-13T00:00:00-04:00,2022-08-15T00:00:00-05:00,Jeremy Casanave,$90.00,$0.00
"=""""720""""",BW Cleanup,Completed,Dorothy Cruz,"2342 River Rd, Gaithersburg, MD 20877",2022-07-25T00:00:00-04:00,2022-07-30T00:00:00-05:00,,$100.00,$0.00
"=""""721""""",BW Cleanup,Scheduled,Joseph Peterson,"20509 Cherry St, Round Hill, VA 20141",2022-07-17T00:00:00-04:00,2022-07-26T00:00:00-05:00,Sarah Mitchell,$40.00,$40.00
"=""""722""""",Weekly - 2 dogs,Scheduled,Angela Taylor,"18600 Juniper Rd, Charles Town, WV 25414",2024-08-04T00:00:00-04:00,2024-08-15T00:00:00-05:00,Jeremy Casanave,$75.00,$75.00
"=""""723""""",Weekly Cleanup Service,Scheduled,Michelle Stewart,"3246 Valley Rd, Clifton, VA 20124",2024-03-23T00:00:00-04:00,2024-04-03T00:00:00-05:00,Jeremy Casanave,$60.00,$60.00
"=""""724""""",2x monthly service,Completed,Benjamin Watson,"35874 Hickory Ln, Manassas, VA 20110",2023-01-17T00:00:00-04:00,2023-01-25T00:00:00-05:00,,$100.00,$0.00
"=""""725""""",2x monthly service,Scheduled,Benjamin Watson,"35874 Hickory Ln, Manassas, VA 20110",2023-01-17T00:00:00-04:00,2023-01-26T00:00:00-05:00,Sarah Mitchell,$45.00,$45.00
"=""""726""""",Weekly Cleanup Service,In Progress,Benjamin Watson,"35874 Hickory Ln, Manassas, VA 20110",2023-01-17T00:00:00-04:00,2023-01-28T00:00:00-05:00,Jeremy Casanave,$30.00,$30.00
"=""""727""""",WK SVC,Scheduled,Christine Baker,"1765 Spruce St, Martinsburg, WV 25401",2023-08-29T00:00:00-04:00,2023-09-06T00:00:00-05:00,Sarah Mitchell,$40.00,$40.00
"=""""728""""",2x monthly service,Completed,David Bell,"1195 Valley Rd, Alexandria, VA 22301",2024-01-13T00:00:00-04:00,2024-01-23T00:00:00-05:00,,$80.00,$0.00
"=""""729""""",Weekly Pet Waste Removal,In Progress,David Bell,"1195 Valley Rd, Alexandria, VA 22301",2024-01-13T00:00:00-04:00,2024-01-24T00:00:00-05:00,Sarah Mitchell,$35.00,$35.00
"=""""730""""",Monthly Cleanup,Scheduled,Richard Morales,"27888 Valley Rd, Germantown, MD 20874",2024-08-16T00:00:00-04:00,2024-08-17T00:00:00-05:00,Jeremy Casanave,$35.00,$35.00
"=""""731""""",Every 2 Weeks - Pet Waste Removal,Scheduled,Richard Morales,"27888 Valley Rd, Germantown, MD 20874",2024-08-16T00:00:00-04:00,2024-08-20T00:00:00-05:00,Sarah Mitchell,$90.00,$90.00
"=""""732""""",Weekly - 2 dogs,Scheduled,Alexander Richardson,"3981 Birch St, Lovettsville, VA 20180",2022-11-23T00:00:00-04:00,2022-12-03T00:00:00-05:00,Jeremy Casanave,$100.00,$100.00
"=""""733""""",Weekly yard cleanup,Scheduled,Alexander Richardson,"3981 Birch St, Lovettsville, VA 20180",2022-11-23T00:00:00-04:00,2022-11-28T00:00:00-05:00,,$35.00,$35.00
"=""""734""""",2x monthly service,Scheduled,Barbara Lewis,"13589 Hickory Ln, Reston, VA 20190",2023-09-30T00:00:00-04:00,2023-10-04T00:00:00-05:00,Jeremy Casanave,$80.00,$80.00
"=""""735""""",Weekly Cleanup Service,Scheduled,Raymond Murphy,"10171 Elm St, Frederick, MD 21701",2022-08-20T00:00:00-04:00,2022-08-24T00:00:00-05:00,Sarah Mitchell,$75.00,$75.00
"=""""736""""",BW Cleanup,Awaiting Response,Donald Campbell,"22860 Linden Ln, Purcellville, VA 20132",2024-06-03T00:00:00-04:00,2024-06-07T00:00:00-05:00,Sarah Mitchell,$40.00,$40.00
"=""""737""""",Weekly Pet Waste Removal,Scheduled,Benjamin Nelson,"16714 Creek Rd, Frederick, MD 21701",2023-10-27T00:00:00-04:00,2023-11-04T00:00:00-05:00,Jeremy Casanave,$75.00,$75.00
"=""""738""""",Monthly waste removal,Scheduled,Brenda Diaz,"32857 Washington Blvd, Vienna, VA 22180",2022-07-27T00:00:00-04:00,2022-08-09T00:00:00-05:00,,$75.00,$75.00
"=""""739""""",Bi-Weekly Cleanup Service,Scheduled,Edward Sanchez,"23788 Forest Dr, Shepherdstown, WV 25443",2025-02-21T00:00:00-04:00,2025-03-07T00:00:00-05:00,Mike Torres,$45.00,$45.00
"=""""740""""",Weekly - 2 dogs,Scheduled,Mark Murphy,"32507 Mill Rd, Leesburg, VA 20175",2022-01-26T00:00:00-04:00,2022-02-02T00:00:00-05:00,Jeremy Casanave,$70.00,$70.00
"=""""741""""",Monthly waste removal,Scheduled,Mark Murphy,"32507 Mill Rd, Leesburg, VA 20175",2022-01-26T00:00:00-04:00,2022-01-30T00:00:00-05:00,Sarah Mitchell,$65.00,$65.00
"=""""742""""",Weekly Pet Waste Removal,Scheduled,Paul Watson,"4337 Forest Dr, Martinsburg, WV 25401",2022-10-30T00:00:00-04:00,2022-11-10T00:00:00-05:00,Sarah Mitchell,$35.00,$35.00
"=""""743""""",BW Cleanup,Completed,Paul Watson,"4337 Forest Dr, Martinsburg, WV 25401",2022-10-30T00:00:00-04:00,2022-11-11T00:00:00-05:00,Sarah Mitchell,$90.00,$0.00
"=""""744""""",Weekly - 2 dogs,Scheduled,Steven Gutierrez,"14203 Hickory Ln, Charles Town, WV 25414",2025-03-13T00:00:00-04:00,2025-03-17T00:00:00-05:00,Jeremy Casanave,$40.00,$40.00
"=""""745""""",2x monthly service,Scheduled,Brandon Miller,"4269 Sycamore Ln, Lovettsville, VA 20180",2022-03-02T00:00:00-04:00,2022-03-09T00:00:00-05:00,Mike Torres,$55.00,$55.00
"=""""746""""",Weekly - 2 dogs,Scheduled,Richard Phillips,"31190 Hill Rd, Clifton, VA 20124",2024-05-31T00:00:00-04:00,2024-06-04T00:00:00-05:00,Mike Torres,$65.00,$65.00
"=""""747""""",Monthly waste removal,Scheduled,Deborah Flores,"12452 Cypress Ave, Vienna, VA 22180",2022-11-13T00:00:00-04:00,2022-11-16T00:00:00-05:00,Jeremy Casanave,$70.00,$70.00
"=""""748""""",Monthly Cleanup,Scheduled,Karen Murphy,"20525 School St, Sterling, VA 20164",2024-10-16T00:00:00-04:00,2024-10-28T00:00:00-05:00,Jeremy Casanave,$100.00,$100.00
"=""""749""""",Monthly Cleanup,Completed,Deborah Cook,"9365 Church St, Burke, VA 22015",2022-05-01T00:00:00-04:00,2022-05-02T00:00:00-05:00,,$35.00,$0.00
"=""""750""""",Monthly Cleanup,Scheduled,Deborah Cook,"9365 Church St, Burke, VA 22015",2022-05-01T00:00:00-04:00,2022-05-12T00:00:00-05:00,,$75.00,$75.00
"=""""751""""",Bi-weekly service,Scheduled,Elizabeth Foster,"34288 Willow Dr, Germantown, MD 20874",2024-07-06T00:00:00-04:00,2024-07-13T00:00:00-05:00,,$60.00,$60.00
"=""""752""""",Every 2 Weeks - Pet Waste Removal,Scheduled,Elizabeth Foster,"34288 Willow Dr, Germantown, MD 20874",2024-07-06T00:00:00-04:00,2024-07-16T00:00:00-05:00,,$25.00,$25.00
"=""""753""""",Weekly Cleanup Service,Scheduled,Edward Hernandez,"25580 Union St, Gaithersburg, MD 20877",2022-07-02T00:00:00-04:00,2022-07-14T00:00:00-05:00,Sarah Mitchell,$55.00,$55.00
"=""""754""""",WK SVC,Completed,Raymond Miller,"12436 Creek Rd, Clifton, VA 20124",2024-01-30T00:00:00-04:00,2024-02-13T00:00:00-05:00,,$90.00,$0.00
"=""""755""""",BW Cleanup,Completed,Mark Ortiz,"3064 Meadow Ln, Round Hill, VA 20141",2023-11-09T00:00:00-04:00,2023-11-11T00:00:00-05:00,Jeremy Casanave,$45.00,$0.00
"=""""756""""",Weekly - 2 dogs,Scheduled,Mark Ortiz,"3064 Meadow Ln, Round Hill, VA 20141",2023-11-09T00:00:00-04:00,2023-11-15T00:00:00-05:00,,$70.00,$70.00
"=""""757""""",Bi-weekly service,Scheduled,Karen Jackson,"13526 Linden Ln, Haymarket, VA 20169",2024-02-12T00:00:00-04:00,2024-02-22T00:00:00-05:00,Jeremy Casanave,$80.00,$80.00
"=""""758""""",Bi-weekly service,Completed,Scott Johnson,"14712 Elm St, Herndon, VA 20170",2025-01-04T00:00:00-04:00,2025-01-09T00:00:00-05:00,Jeremy Casanave,$100.00,$0.00
"=""""759""""",2x monthly service,Awaiting Response,Jonathan Torres,"13346 Washington Blvd, Charles Town, WV 25414",2024-09-07T00:00:00-04:00,2024-09-14T00:00:00-05:00,Jeremy Casanave,$25.00,$25.00
"=""""760""""",WK SVC,Scheduled,David Powell,"9455 Hickory Ln, Shepherdstown, WV 25443",2023-10-14T00:00:00-04:00,2023-10-28T00:00:00-05:00,Jeremy Casanave,$45.00,$45.00
"=""""761""""",2x monthly service,In Progress,David Powell,"9455 Hickory Ln, Shepherdstown, WV 25443",2023-10-14T00:00:00-04:00,2023-10-25T00:00:00-05:00,Sarah Mitchell,$40.00,$40.00
"=""""762""""",BW Cleanup,Scheduled,Kevin Morgan,"19223 Magnolia Ave, Reston, VA 20190",2024-06-17T00:00:00-04:00,2024-06-21T00:00:00-05:00,Sarah Mitchell,$35.00,$35.00
"=""""763""""",2x monthly service,Scheduled,Kevin Morgan,"19223 Magnolia Ave, Reston, VA 20190",2024-06-17T00:00:00-04:00,2024-06-27T00:00:00-05:00,,$45.00,$45.00
"=""""764""""",Bi-weekly service,In Progress,Brandon Allen,"35257 Grove St, Frederick, MD 21701",2022-11-25T00:00:00-04:00,2022-12-06T00:00:00-05:00,Jeremy Casanave,$30.00,$30.00
"=""""765""""",WK SVC,Scheduled,Jennifer Rogers,"8293 Cypress Ave, Charles Town, WV 25414",2024-07-15T00:00:00-04:00,2024-07-20T00:00:00-05:00,Jeremy Casanave,$25.00,$25.00
"=""""766""""",Weekly - 2 dogs,Scheduled,Christine Phillips,"12615 Chestnut St, Arlington, VA 22201",2023-09-21T00:00:00-04:00,2023-10-03T00:00:00-05:00,Sarah Mitchell,$80.00,$80.00
"=""""767""""",Bi-weekly service,Completed,Pamela Sanchez,"31995 Ridge Rd, Herndon, VA 20170",2022-06-25T00:00:00-04:00,2022-06-30T00:00:00-05:00,Mike Torres,$60.00,$0.00
"=""""768""""",Weekly yard cleanup,Scheduled,Amanda Sanchez,"20776 Mulberry Ln, Burke, VA 22015",2022-07-27T00:00:00-04:00,2022-08-02T00:00:00-05:00,,$55.00,$55.00
"=""""769""""",2x monthly service,Awaiting Response,Amanda Sanchez,"20776 Mulberry Ln, Burke, VA 22015",2022-07-27T00:00:00-04:00,2022-08-08T00:00:00-05:00,Jeremy Casanave,$60.00,$60.00
"=""""770""""",Bi-weekly service,Scheduled,Jonathan Cruz,"7529 River Rd, Springfield, VA 22150",2024-02-16T00:00:00-04:00,2024-02-19T00:00:00-05:00,,$40.00,$40.00
"=""""771""""",Bi-weekly service,Completed,Jonathan Cruz,"7529 River Rd, Springfield, VA 22150",2024-02-16T00:00:00-04:00,2024-02-25T00:00:00-05:00,,$75.00,$0.00
"=""""772""""",Monthly Cleanup,Scheduled,Amanda James,"12684 Magnolia Ave, Manassas, VA 20110",2022-04-17T00:00:00-04:00,2022-04-24T00:00:00-05:00,Jeremy Casanave,$65.00,$65.00
"=""""773""""",BW Cleanup,Completed,Amanda James,"12684 Magnolia Ave, Manassas, VA 20110",2022-04-17T00:00:00-04:00,2022-04-19T00:00:00-05:00,Sarah Mitchell,$80.00,$0.00
"=""""774""""",2x monthly service,Completed,Amanda James,"12684 Magnolia Ave, Manassas, VA 20110",2022-04-17T00:00:00-04:00,2022-04-22T00:00:00-05:00,Mike Torres,$70.00,$0.00
"=""""775""""",Monthly waste removal,Awaiting Response,Carol Garcia,"36228 Cedar Ln, Centreville, VA 20120",2023-02-13T00:00:00-04:00,2023-02-22T00:00:00-05:00,Mike Torres,$100.00,$100.00
"=""""776""""",WK SVC,Awaiting Response,Joshua Campbell,"22791 Main St, Herndon, VA 20170",2022-06-23T00:00:00-04:00,2022-06-30T00:00:00-05:00,,$75.00,$75.00
"=""""777""""",Monthly waste removal,Scheduled,Joshua Campbell,"22791 Main St, Herndon, VA 20170",2022-06-23T00:00:00-04:00,2022-07-03T00:00:00-05:00,,$90.00,$90.00
"=""""778""""",Weekly Pet Waste Removal,Scheduled,Susan Young,"5826 Elm St, Springfield, VA 22150",2025-04-08T00:00:00-04:00,2025-04-22T00:00:00-05:00,,$70.00,$70.00
"=""""779""""",Bi-Weekly Cleanup Service,Scheduled,Brandon Thomas,"6109 Washington Blvd, Vienna, VA 22180",2022-06-12T00:00:00-04:00,2022-06-26T00:00:00-05:00,Jeremy Casanave,$65.00,$65.00
"=""""780""""",Bi-Weekly Cleanup Service,Scheduled,Alexander Bailey,"29100 Sunset Blvd, Hamilton, VA 20158",2025-01-15T00:00:00-04:00,2025-01-22T00:00:00-05:00,Jeremy Casanave,$35.00,$35.00
"=""""781""""",2x monthly service,Scheduled,William Davis,"5339 Hickory Ln, Martinsburg, WV 25401",2023-06-22T00:00:00-04:00,2023-07-03T00:00:00-05:00,,$65.00,$65.00
"=""""782""""",Monthly Cleanup,Scheduled,William Davis,"5339 Hickory Ln, Martinsburg, WV 25401",2023-06-22T00:00:00-04:00,2023-06-30T00:00:00-05:00,Jeremy Casanave,$75.00,$75.00
"=""""783""""",WK SVC,Scheduled,Amy Hill,"38584 Forest Dr, Alexandria, VA 22301",2024-08-07T00:00:00-04:00,2024-08-13T00:00:00-05:00,Sarah Mitchell,$30.00,$30.00
"=""""784""""",Weekly Cleanup Service,Scheduled,Patricia Moore,"28567 Sunset Blvd, Round Hill, VA 20141",2024-08-25T00:00:00-04:00,2024-08-26T00:00:00-05:00,Jeremy Casanave,$55.00,$55.00
"=""""785""""",BW Cleanup,In Progress,Christopher Hill,"28467 Walnut Ave, Rockville, MD 20850",2022-05-18T00:00:00-04:00,2022-05-27T00:00:00-05:00,Sarah Mitchell,$100.00,$100.00
"=""""786""""",Bi-Weekly Cleanup Service,Scheduled,Eric Bailey,"22289 Cypress Ave, Fairfax, VA 22030",2023-08-01T00:00:00-04:00,2023-08-08T00:00:00-05:00,Mike Torres,$50.00,$50.00
"=""""787""""",Monthly Cleanup,In Progress,Larry Peterson,"13826 Ridge Rd, Springfield, VA 22150",2025-02-10T00:00:00-04:00,2025-02-15T00:00:00-05:00,Jeremy Casanave,$45.00,$45.00
"=""""788""""",Weekly - 2 dogs,Scheduled,Michelle Hughes,"37016 Cherry St, Rockville, MD 20850",2023-10-21T00:00:00-04:00,2023-10-22T00:00:00-05:00,Sarah Mitchell,$35.00,$35.00
"=""""789""""",Bi-weekly service,Scheduled,Laura Roberts,"3968 Cherry St, Burke, VA 22015",2024-09-15T00:00:00-04:00,2024-09-16T00:00:00-05:00,Sarah Mitchell,$65.00,$65.00
"=""""790""""",Weekly Cleanup Service,Completed,Nicole Ward,"19473 Pine Rd, Sterling, VA 20164",2024-02-10T00:00:00-04:00,2024-02-12T00:00:00-05:00,Jeremy Casanave,$60.00,$0.00
"=""""791""""",Weekly Pet Waste Removal,Scheduled,Nicole Ward,"19473 Pine Rd, Sterling, VA 20164",2024-02-10T00:00:00-04:00,2024-02-14T00:00:00-05:00,Jeremy Casanave,$25.00,$25.00
"=""""792""""",Every 2 Weeks - Pet Waste Removal,Scheduled,Charles Nguyen,"9774 Hickory Ln, Frederick, MD 21701",2023-07-15T00:00:00-04:00,2023-07-24T00:00:00-05:00,,$75.00,$75.00
"=""""793""""",Weekly Cleanup Service,Scheduled,Charles Nguyen,"9774 Hickory Ln, Frederick, MD 21701",2023-07-15T00:00:00-04:00,2023-07-16T00:00:00-05:00,Mike Torres,$90.00,$90.00
"=""""794""""",2x monthly service,Awaiting Response,Christopher Bennett,"36313 Cherry St, Warrenton, VA 20186",2024-06-08T00:00:00-04:00,2024-06-12T00:00:00-05:00,Jeremy Casanave,$25.00,$25.00
"=""""795""""",Bi-Weekly Cleanup Service,Scheduled,Michelle Wood,"8742 Dogwood Dr, Hamilton, VA 20158",2023-04-27T00:00:00-04:00,2023-05-02T00:00:00-05:00,Jeremy Casanave,$75.00,$75.00
"=""""796""""",Monthly waste removal,Scheduled,Samuel Sullivan,"10102 Hill Rd, Alexandria, VA 22301",2023-08-17T00:00:00-04:00,2023-08-27T00:00:00-05:00,Jeremy Casanave,$60.00,$60.00
"=""""797""""",Monthly Cleanup,Scheduled,William Garcia,"568 Creek Rd, Rockville, MD 20850",2023-03-12T00:00:00-04:00,2023-03-15T00:00:00-05:00,Mike Torres,$65.00,$65.00
"=""""798""""",Bi-weekly service,Scheduled,Nancy Anderson,"37469 Union St, McLean, VA 22101",2022-04-22T00:00:00-04:00,2022-04-27T00:00:00-05:00,Jeremy Casanave,$50.00,$50.00
"=""""799""""",BW Cleanup,In Progress,Angela Brown,"13623 Dogwood Dr, Centreville, VA 20120",2022-12-05T00:00:00-04:00,2022-12-17T00:00:00-05:00,Mike Torres,$60.00,$60.00
"=""""800""""",Weekly Cleanup Service,Awaiting Response,Brandon Wilson,"18072 Oak St, Round Hill, VA 20141",2024-01-24T00:00:00-04:00,2024-01-30T00:00:00-05:00,Sarah Mitchell,$60.00,$60.00
"=""""801""""",Monthly waste removal,Scheduled,Brandon Wilson,"18072 Oak St, Round Hill, VA 20141",2024-01-24T00:00:00-04:00,2024-02-04T00:00:00-05:00,Mike Torres,$25.00,$25.00
"=""""802""""",Monthly waste removal,In Progress,Brandon Wilson,"18072 Oak St, Round Hill, VA 20141",2024-01-24T00:00:00-04:00,2024-02-04T00:00:00-05:00,Jeremy Casanave,$90.00,$90.00
"=""""803""""",Every 2 Weeks - Pet Waste Removal,Completed,Justin Powell,"4247 River Rd, Gaithersburg, MD 20877",2024-10-15T00:00:00-04:00,2024-10-25T00:00:00-05:00,Mike Torres,$45.00,$0.00
"=""""804""""",Weekly Pet Waste Removal,Scheduled,Carolyn Butler,"30001 Cherry St, Burke, VA 22015",2023-12-12T00:00:00-04:00,2023-12-18T00:00:00-05:00,Jeremy Casanave,$65.00,$65.00
"=""""805""""",Every 2 Weeks - Pet Waste Removal,Scheduled,Carolyn Butler,"30001 Cherry St, Burke, VA 22015",2023-12-12T00:00:00-04:00,2023-12-21T00:00:00-05:00,Jeremy Casanave,$45.00,$45.00
"=""""806""""",Weekly Pet Waste Removal,In Progress,Emily Jackson,"23714 Walnut Ave, Ranson, WV 25438",2024-08-13T00:00:00-04:00,2024-08-18T00:00:00-05:00,Jeremy Casanave,$35.00,$35.00
"=""""807""""",Weekly - 2 dogs,Completed,Nicholas Hughes,"13588 Willow Dr, Herndon, VA 20170",2022-08-01T00:00:00-04:00,2022-08-09T00:00:00-05:00,Mike Torres,$60.00,$0.00
"=""""808""""",Monthly waste removal,Scheduled,Debra Russell,"34383 Willow Dr, Charles Town, WV 25414",2024-07-18T00:00:00-04:00,2024-07-20T00:00:00-05:00,Mike Torres,$75.00,$75.00
"=""""809""""",Weekly yard cleanup,Awaiting Response,Laura Thomas,"22589 Meadow Ln, Haymarket, VA 20169",2024-10-03T00:00:00-04:00,2024-10-15T00:00:00-05:00,Sarah Mitchell,$35.00,$35.00
"=""""810""""",Monthly waste removal,Scheduled,Edward Butler,"36316 Hickory Ln, Haymarket, VA 20169",2022-02-27T00:00:00-04:00,2022-03-12T00:00:00-05:00,Jeremy Casanave,$75.00,$75.00
"=""""811""""",Monthly Cleanup,Scheduled,Rachel Wood,"38481 Lake Dr, Manassas, VA 20110",2022-03-23T00:00:00-04:00,2022-04-02T00:00:00-05:00,Sarah Mitchell,$55.00,$55.00
"=""""812""""",Every 2 Weeks - Pet Waste Removal,Scheduled,Betty Cooper,"2975 Union St, Clifton, VA 20124",2024-06-29T00:00:00-04:00,2024-06-30T00:00:00-05:00,Mike Torres,$80.00,$80.00
"=""""813""""",2x monthly service,Awaiting Response,Betty Cooper,"2975 Union St, Clifton, VA 20124",2024-06-29T00:00:00-04:00,2024-07-06T00:00:00-05:00,Jeremy Casanave,$80.00,$80.00
"=""""814""""",BW Cleanup,In Progress,Thomas Perry,"28278 Maple Ave, Burke, VA 22015",2024-08-28T00:00:00-04:00,2024-09-05T00:00:00-05:00,Jeremy Casanave,$45.00,$45.00
"=""""815""""",Weekly - 2 dogs,Scheduled,William Lopez,"16040 Hill Rd, Bethesda, MD 20814",2025-01-23T00:00:00-04:00,2025-02-04T00:00:00-05:00,,$25.00,$25.00
"=""""816""""",BW Cleanup,Scheduled,William Lopez,"16040 Hill Rd, Bethesda, MD 20814",2025-01-23T00:00:00-04:00,2025-02-06T00:00:00-05:00,Sarah Mitchell,$70.00,$70.00
"=""""817""""",Weekly yard cleanup,Scheduled,Timothy Anderson,"8830 Willow Dr, Haymarket, VA 20169",2023-06-29T00:00:00-04:00,2023-07-05T00:00:00-05:00,Jeremy Casanave,$30.00,$30.00
"=""""818""""",Bi-Weekly Cleanup Service,Scheduled,Ashley Cooper,"6591 Sunset Blvd, Arlington, VA 22201",2022-09-18T00:00:00-04:00,2022-09-27T00:00:00-05:00,Sarah Mitchell,$65.00,$65.00
"=""""819""""",Monthly Cleanup,In Progress,Ashley Cooper,"6591 Sunset Blvd, Arlington, VA 22201",2022-09-18T00:00:00-04:00,2022-09-21T00:00:00-05:00,Mike Torres,$55.00,$55.00
"=""""820""""",BW Cleanup,Awaiting Response,Lisa Young,"17301 Birch St, Alexandria, VA 22301",2023-01-30T00:00:00-04:00,2023-02-08T00:00:00-05:00,Jeremy Casanave,$70.00,$70.00
"=""""821""""",Weekly Pet Waste Removal,Scheduled,Mark Butler,"15916 Hawthorn Dr, Fairfax, VA 22030",2022-03-05T00:00:00-04:00,2022-03-13T00:00:00-05:00,Sarah Mitchell,$80.00,$80.00
"=""""822""""",Weekly Pet Waste Removal,Completed,Mark Butler,"15916 Hawthorn Dr, Fairfax, VA 22030",2022-03-05T00:00:00-04:00,2022-03-13T00:00:00-05:00,,$30.00,$0.00
"=""""823""""",Weekly Cleanup Service,Scheduled,Melissa Scott,"35180 Hawthorn Dr, Haymarket, VA 20169",2025-02-21T00:00:00-04:00,2025-02-24T00:00:00-05:00,,$40.00,$40.00
"=""""824""""",Weekly yard cleanup,In Progress,Melissa Scott,"35180 Hawthorn Dr, Haymarket, VA 20169",2025-02-21T00:00:00-04:00,2025-03-03T00:00:00-05:00,Jeremy Casanave,$25.00,$25.00
"=""""825""""",BW Cleanup,Scheduled,Carol Lopez,"16588 Cypress Ave, Lovettsville, VA 20180",2023-10-26T00:00:00-04:00,2023-11-09T00:00:00-05:00,Jeremy Casanave,$45.00,$45.00
"=""""826""""",Weekly yard cleanup,Completed,Carol Lopez,"16588 Cypress Ave, Lovettsville, VA 20180",2023-10-26T00:00:00-04:00,2023-11-03T00:00:00-05:00,Jeremy Casanave,$25.00,$0.00
"=""""827""""",Weekly - 2 dogs,Awaiting Response,Eric Ross,"9227 School St, McLean, VA 22101",2025-04-06T00:00:00-04:00,2025-04-12T00:00:00-05:00,Mike Torres,$80.00,$80.00
"=""""828""""",WK SVC,Scheduled,William Harris,"33596 Chestnut St, Woodbridge, VA 22191",2022-08-10T00:00:00-04:00,2022-08-14T00:00:00-05:00,Jeremy Casanave,$70.00,$70.00
"=""""829""""",Bi-weekly service,Awaiting Response,Patrick Scott,"36316 Creek Rd, Woodbridge, VA 22191",2024-02-24T00:00:00-04:00,2024-03-06T00:00:00-05:00,,$25.00,$25.00
"=""""830""""",2x monthly service,Scheduled,Patrick Scott,"36316 Creek Rd, Woodbridge, VA 22191",2024-02-24T00:00:00-04:00,2024-03-03T00:00:00-05:00,Jeremy Casanave,$65.00,$65.00
"=""""831""""",Weekly - 2 dogs,Awaiting Response,Raymond Reyes,"26733 Mill Rd, Springfield, VA 22150",2022-08-08T00:00:00-04:00,2022-08-09T00:00:00-05:00,Jeremy Casanave,$65.00,$65.00
"=""""832""""",Monthly waste removal,In Progress,Margaret Robinson,"9955 Meadow Ln, Shepherdstown, WV 25443",2024-10-03T00:00:00-04:00,2024-10-15T00:00:00-05:00,,$75.00,$75.00
"=""""833""""",Weekly Pet Waste Removal,Awaiting Response,Amy Bell,"9570 Elm St, Burke, VA 22015",2023-10-06T00:00:00-04:00,2023-10-11T00:00:00-05:00,Jeremy Casanave,$65.00,$65.00
"=""""834""""",Weekly - 2 dogs,Scheduled,Amy Bell,"9570 Elm St, Burke, VA 22015",2023-10-06T00:00:00-04:00,2023-10-10T00:00:00-05:00,Jeremy Casanave,$65.00,$65.00
"=""""835""""",Weekly yard cleanup,Scheduled,Edward Gray,"1533 Meadow Ln, Shepherdstown, WV 25443",2024-07-01T00:00:00-04:00,2024-07-08T00:00:00-05:00,Sarah Mitchell,$30.00,$30.00
"=""""836""""",Weekly Pet Waste Removal,Awaiting Response,Edward Gray,"1533 Meadow Ln, Shepherdstown, WV 25443",2024-07-01T00:00:00-04:00,2024-07-08T00:00:00-05:00,Jeremy Casanave,$75.00,$75.00
"=""""837""""",Every 2 Weeks - Pet Waste Removal,Scheduled,Edward Gray,"1533 Meadow Ln, Shepherdstown, WV 25443",2024-07-01T00:00:00-04:00,2024-07-12T00:00:00-05:00,Jeremy Casanave,$90.00,$90.00
"=""""838""""",Bi-weekly service,In Progress,David Howard,"18352 Sunset Blvd, Martinsburg, WV 25401",2022-07-08T00:00:00-04:00,2022-07-17T00:00:00-05:00,Sarah Mitchell,$30.00,$30.00
"=""""839""""",Bi-weekly service,Awaiting Response,Stephen Peterson,"4515 Park Ave, Lovettsville, VA 20180",2023-01-02T00:00:00-04:00,2023-01-13T00:00:00-05:00,Jeremy Casanave,$55.00,$55.00
"=""""840""""",Weekly Cleanup Service,Completed,Lisa Wright,"25908 Hill Rd, Hamilton, VA 20158",2024-01-23T00:00:00-04:00,2024-02-06T00:00:00-05:00,Jeremy Casanave,$60.00,$0.00
"=""""841""""",Monthly waste removal,Scheduled,Alexander Anderson,"4495 Meadow Ln, Purcellville, VA 20132",2024-03-19T00:00:00-04:00,2024-04-02T00:00:00-05:00,Jeremy Casanave,$30.00,$30.00
"=""""842""""",Weekly - 2 dogs,In Progress,Amanda James,"26817 Forest Dr, Silver Spring, MD 20901",2024-01-23T00:00:00-04:00,2024-01-26T00:00:00-05:00,Jeremy Casanave,$70.00,$70.00
"=""""843""""",Weekly Pet Waste Removal,Scheduled,Stephanie Morgan,"8646 Birch St, Frederick, MD 21701",2022-04-19T00:00:00-04:00,2022-05-01T00:00:00-05:00,,$65.00,$65.00
"=""""844""""",Weekly yard cleanup,Scheduled,Stephanie Morgan,"8646 Birch St, Frederick, MD 21701",2022-04-19T00:00:00-04:00,2022-04-29T00:00:00-05:00,Jeremy Casanave,$60.00,$60.00
"=""""845""""",BW Cleanup,Scheduled,Scott Nguyen,"31521 Elm St, Purcellville, VA 20132",2022-07-27T00:00:00-04:00,2022-08-02T00:00:00-05:00,Jeremy Casanave,$60.00,$60.00
"=""""846""""",2x monthly service,In Progress,Angela Ramirez,"21991 Juniper Rd, Charles Town, WV 25414",2024-11-24T00:00:00-04:00,2024-11-28T00:00:00-05:00,Mike Torres,$40.00,$40.00
"=""""847""""",WK SVC,Completed,Angela Ramirez,"21991 Juniper Rd, Charles Town, WV 25414",2024-11-24T00:00:00-04:00,2024-12-02T00:00:00-05:00,,$25.00,$0.00
"=""""848""""",Every 2 Weeks - Pet Waste Removal,In Progress,Angela Jones,"4509 River Rd, Bethesda, MD 20814",2022-10-19T00:00:00-04:00,2022-11-01T00:00:00-05:00,Sarah Mitchell,$75.00,$75.00
"=""""849""""",Weekly yard cleanup,In Progress,Robert King,"32440 Lake Dr, Fairfax, VA 22030",2025-03-27T00:00:00-04:00,2025-04-09T00:00:00-05:00,,$50.00,$50.00
"=""""850""""",Every 2 Weeks - Pet Waste Removal,Completed,Karen Sanders,"14924 Maple Ave, Springfield, VA 22150",2024-04-08T00:00:00-04:00,2024-04-10T00:00:00-05:00,,$65.00,$0.00
"=""""851""""",2x monthly service,Scheduled,Charles Richardson,"10143 Park Ave, Frederick, MD 21701",2025-03-06T00:00:00-04:00,2025-03-15T00:00:00-05:00,Mike Torres,$45.00,$45.00
"=""""852""""",Bi-weekly service,Awaiting Response,George Davis,"2105 Summit Ave, Gaithersburg, MD 20877",2023-03-15T00:00:00-04:00,2023-03-19T00:00:00-05:00,Jeremy Casanave,$30.00,$30.00
"=""""853""""",Weekly - 2 dogs,Scheduled,Lisa Baker,"6696 Washington Blvd, Bluemont, VA 20135",2022-11-08T00:00:00-04:00,2022-11-19T00:00:00-05:00,Jeremy Casanave,$80.00,$80.00
"=""""854""""",Weekly yard cleanup,In Progress,Brian Ross,"2749 Forest Dr, Bluemont, VA 20135",2022-01-01T00:00:00-04:00,2022-01-07T00:00:00-05:00,Jeremy Casanave,$100.00,$100.00
"=""""855""""",Weekly Pet Waste Removal,Scheduled,Brian Ross,"2749 Forest Dr, Bluemont, VA 20135",2022-01-01T00:00:00-04:00,2022-01-10T00:00:00-05:00,Jeremy Casanave,$60.00,$60.00
"=""""856""""",Bi-weekly service,Awaiting Response,Paul Bennett,"9184 Elm St, Gainesville, VA 20155",2023-04-04T00:00:00-04:00,2023-04-06T00:00:00-05:00,Jeremy Casanave,$80.00,$80.00
"=""""857""""",Monthly waste removal,Completed,Paul Bennett,"9184 Elm St, Gainesville, VA 20155",2023-04-04T00:00:00-04:00,2023-04-12T00:00:00-05:00,,$100.00,$0.00
"=""""858""""",Every 2 Weeks - Pet Waste Removal,Scheduled,Frank Peterson,"27492 Church St, Charles Town, WV 25414",2022-11-01T00:00:00-04:00,2022-11-12T00:00:00-05:00,Mike Torres,$45.00,$45.00
"=""""859""""",Monthly Cleanup,Scheduled,Susan Cook,"38063 Church St, Warrenton, VA 20186",2023-03-06T00:00:00-04:00,2023-03-14T00:00:00-05:00,Mike Torres,$70.00,$70.00
"=""""860""""",BW Cleanup,Completed,Steven Collins,"15830 Magnolia Ave, Herndon, VA 20170",2022-01-19T00:00:00-04:00,2022-02-02T00:00:00-05:00,Mike Torres,$55.00,$0.00
"=""""861""""",Weekly Pet Waste Removal,Scheduled,James Wilson,"21891 Magnolia Ave, Reston, VA 20190",2022-03-22T00:00:00-04:00,2022-04-01T00:00:00-05:00,,$50.00,$50.00
"=""""862""""",Weekly yard cleanup,Scheduled,Ryan Garcia,"31197 Birch St, Lovettsville, VA 20180",2023-06-27T00:00:00-04:00,2023-07-11T00:00:00-05:00,Mike Torres,$30.00,$30.00
"=""""863""""",Weekly - 2 dogs,Completed,Steven Turner,"29542 Church St, Alexandria, VA 22301",2025-01-24T00:00:00-04:00,2025-01-27T00:00:00-05:00,Sarah Mitchell,$70.00,$0.00
"=""""864""""",Bi-weekly service,Scheduled,Raymond Miller,"7693 Church St, Gainesville, VA 20155",2024-05-29T00:00:00-04:00,2024-06-07T00:00:00-05:00,Sarah Mitchell,$90.00,$90.00
"=""""865""""",Bi-Weekly Cleanup Service,Scheduled,Thomas Butler,"27335 Forest Dr, Manassas, VA 20110",2023-09-26T00:00:00-04:00,2023-10-05T00:00:00-05:00,Mike Torres,$50.00,$50.00
"=""""866""""",Weekly Pet Waste Removal,Scheduled,Jessica Smith,"29675 Summit Ave, Sterling, VA 20164",2022-09-08T00:00:00-04:00,2022-09-11T00:00:00-05:00,Jeremy Casanave,$45.00,$45.00
"=""""867""""",BW Cleanup,In Progress,Jessica Smith,"29675 Summit Ave, Sterling, VA 20164",2022-09-08T00:00:00-04:00,2022-09-20T00:00:00-05:00,Jeremy Casanave,$50.00,$50.00
"=""""868""""",Bi-weekly service,Scheduled,Jessica Smith,"29675 Summit Ave, Sterling, VA 20164",2022-09-08T00:00:00-04:00,2022-09-19T00:00:00-05:00,Mike Torres,$80.00,$80.00
"=""""869""""",BW Cleanup,Scheduled,Elizabeth Rivera,"5763 Elm St, Leesburg, VA 20175",2023-12-21T00:00:00-04:00,2023-12-29T00:00:00-05:00,Mike Torres,$40.00,$40.00
"=""""870""""",Weekly - 2 dogs,Completed,Angela Phillips,"14960 Dogwood Dr, Lovettsville, VA 20180",2022-03-16T00:00:00-04:00,2022-03-21T00:00:00-05:00,Sarah Mitchell,$55.00,$0.00
"=""""871""""",Weekly yard cleanup,Awaiting Response,Katherine Baker,"5685 Hill Rd, Frederick, MD 21701",2024-10-09T00:00:00-04:00,2024-10-15T00:00:00-05:00,Mike Torres,$65.00,$65.00
"=""""872""""",Weekly - 2 dogs,Scheduled,Helen Jones,"19331 Cedar Ln, Martinsburg, WV 25401",2022-11-10T00:00:00-04:00,2022-11-22T00:00:00-05:00,Jeremy Casanave,$70.00,$70.00
"=""""873""""",BW Cleanup,Scheduled,Helen Jones,"19331 Cedar Ln, Martinsburg, WV 25401",2022-11-10T00:00:00-04:00,2022-11-18T00:00:00-05:00,Mike Torres,$25.00,$25.00
"=""""874""""",Bi-weekly service,Completed,Pamela Ramirez,"20513 Aspen Ct, Woodbridge, VA 22191",2023-09-02T00:00:00-04:00,2023-09-04T00:00:00-05:00,Jeremy Casanave,$55.00,$0.00
"=""""875""""",Monthly Cleanup,Scheduled,Raymond Nelson,"38655 Oak St, Ashburn, VA 20147",2022-08-07T00:00:00-04:00,2022-08-11T00:00:00-05:00,Mike Torres,$90.00,$90.00
"=""""876""""",BW Cleanup,Completed,Joshua Perez,"14414 Hill Rd, Gaithersburg, MD 20877",2023-01-20T00:00:00-04:00,2023-01-21T00:00:00-05:00,Jeremy Casanave,$80.00,$0.00
"=""""877""""",2x monthly service,Scheduled,Christine Roberts,"26610 Mulberry Ln, Herndon, VA 20170",2024-05-10T00:00:00-04:00,2024-05-23T00:00:00-05:00,Mike Torres,$60.00,$60.00
"=""""878""""",2x monthly service,In Progress,Carolyn Anderson,"29399 River Rd, Arlington, VA 22201",2024-11-28T00:00:00-04:00,2024-12-01T00:00:00-05:00,,$65.00,$65.00
"=""""879""""",Weekly Pet Waste Removal,Scheduled,Deborah Rivera,"28768 Pine Rd, Woodbridge, VA 22191",2024-07-28T00:00:00-04:00,2024-08-10T00:00:00-05:00,Sarah Mitchell,$25.00,$25.00
"=""""880""""",WK SVC,Completed,Andrew Scott,"38535 Poplar St, Lovettsville, VA 20180",2023-07-19T00:00:00-04:00,2023-07-20T00:00:00-05:00,Jeremy Casanave,$70.00,$0.00
"=""""881""""",BW Cleanup,Completed,Andrew Scott,"38535 Poplar St, Lovettsville, VA 20180",2023-07-19T00:00:00-04:00,2023-08-02T00:00:00-05:00,Jeremy Casanave,$35.00,$0.00
"=""""882""""",BW Cleanup,Scheduled,Jeffrey Moore,"14444 Aspen Ct, Clifton, VA 20124",2022-07-22T00:00:00-04:00,2022-07-30T00:00:00-05:00,Jeremy Casanave,$30.00,$30.00
"=""""883""""",BW Cleanup,Scheduled,John Rodriguez,"16110 Aspen Ct, Manassas, VA 20110",2024-10-14T00:00:00-04:00,2024-10-16T00:00:00-05:00,Sarah Mitchell,$25.00,$25.00
"=""""884""""",WK SVC,Completed,John Rodriguez,"16110 Aspen Ct, Manassas, VA 20110",2024-10-14T00:00:00-04:00,2024-10-21T00:00:00-05:00,Mike Torres,$40.00,$0.00
"=""""885""""",Every 2 Weeks - Pet Waste Removal,In Progress,John Rodriguez,"16110 Aspen Ct, Manassas, VA 20110",2024-10-14T00:00:00-04:00,2024-10-15T00:00:00-05:00,Sarah Mitchell,$35.00,$35.00
"=""""886""""",Monthly waste removal,Awaiting Response,Amanda Peterson,"28334 Aspen Ct, Alexandria, VA 22301",2022-03-31T00:00:00-04:00,2022-04-09T00:00:00-05:00,Jeremy Casanave,$25.00,$25.00
"=""""887""""",Weekly - 2 dogs,Scheduled,Debra Diaz,"24405 Park Ave, Arlington, VA 22201",2024-07-10T00:00:00-04:00,2024-07-19T00:00:00-05:00,,$40.00,$40.00
"=""""888""""",Weekly Cleanup Service,Scheduled,Steven Gray,"35559 Forest Dr, Woodbridge, VA 22191",2023-11-09T00:00:00-04:00,2023-11-17T00:00:00-05:00,,$100.00,$100.00
"=""""889""""",Weekly yard cleanup,Scheduled,Jason Sullivan,"6490 Cypress Ave, Leesburg, VA 20175",2023-04-25T00:00:00-04:00,2023-04-30T00:00:00-05:00,,$100.00,$100.00
"=""""890""""",Weekly Pet Waste Removal,Scheduled,Jonathan Thompson,"13979 Elm St, Fairfax, VA 22030",2024-12-01T00:00:00-04:00,2024-12-14T00:00:00-05:00,Mike Torres,$100.00,$100.00
"=""""891""""",WK SVC,Scheduled,Justin Anderson,"36804 Cherry St, Sterling, VA 20164",2023-01-04T00:00:00-04:00,2023-01-09T00:00:00-05:00,,$35.00,$35.00
"=""""892""""",BW Cleanup,Scheduled,Nicole Cox,"34511 Spruce St, Centreville, VA 20120",2022-04-01T00:00:00-04:00,2022-04-09T00:00:00-05:00,Sarah Mitchell,$90.00,$90.00
"=""""893""""",Monthly waste removal,In Progress,Eric Jackson,"21192 Poplar St, Bluemont, VA 20135",2022-02-25T00:00:00-04:00,2022-03-10T00:00:00-05:00,,$50.00,$50.00
"=""""894""""",WK SVC,Awaiting Response,Lisa Butler,"6539 Hickory Ln, Gaithersburg, MD 20877",2022-11-03T00:00:00-04:00,2022-11-16T00:00:00-05:00,Sarah Mitchell,$35.00,$35.00
"=""""895""""",Monthly Cleanup,In Progress,Dorothy Lee,"31346 School St, Germantown, MD 20874",2023-08-15T00:00:00-04:00,2023-08-17T00:00:00-05:00,Jeremy Casanave,$45.00,$45.00
"=""""896""""",Bi-weekly service,Scheduled,Timothy Martin,"24099 Union St, Hamilton, VA 20158",2022-03-22T00:00:00-04:00,2022-03-23T00:00:00-05:00,Mike Torres,$35.00,$35.00
"=""""897""""",WK SVC,Scheduled,Timothy Martin,"24099 Union St, Hamilton, VA 20158",2022-03-22T00:00:00-04:00,2022-04-03T00:00:00-05:00,Sarah Mitchell,$80.00,$80.00
"=""""898""""",Monthly Cleanup,In Progress,Nicole Reyes,"12208 Hill Rd, Silver Spring, MD 20901",2023-06-02T00:00:00-04:00,2023-06-07T00:00:00-05:00,Mike Torres,$75.00,$75.00
"=""""899""""",Bi-weekly service,Scheduled,Nicole Reyes,"12208 Hill Rd, Silver Spring, MD 20901",2023-06-02T00:00:00-04:00,2023-06-10T00:00:00-05:00,Sarah Mitchell,$35.00,$35.00
"=""""900""""",Monthly waste removal,Scheduled,Benjamin Gutierrez,"16419 Sycamore Ln, Rockville, MD 20850",2023-07-03T00:00:00-04:00,2023-07-08T00:00:00-05:00,Sarah Mitchell,$60.00,$60.00
"=""""901""""",WK SVC,Scheduled,Gregory Nguyen,"19602 Forest Dr, Ranson, WV 25438",2024-12-18T00:00:00-04:00,2024-12-25T00:00:00-05:00,Jeremy Casanave,$80.00,$80.00
"=""""902""""",Monthly waste removal,In Progress,Cynthia Garcia,"19145 Cedar Ln, Burke, VA 22015",2023-01-18T00:00:00-04:00,2023-01-22T00:00:00-05:00,Mike Torres,$35.00,$35.00
"=""""903""""",Weekly - 2 dogs,Awaiting Response,Patrick Moore,"19085 Cypress Ave, Purcellville, VA 20132",2023-02-02T00:00:00-04:00,2023-02-11T00:00:00-05:00,Jeremy Casanave,$60.00,$60.00
"=""""904""""",WK SVC,Scheduled,Patrick Moore,"19085 Cypress Ave, Purcellville, VA 20132",2023-02-02T00:00:00-04:00,2023-02-04T00:00:00-05:00,Jeremy Casanave,$35.00,$35.00
"=""""905""""",Monthly Cleanup,Scheduled,Janet Lewis,"34585 Poplar St, Frederick, MD 21701",2022-07-07T00:00:00-04:00,2022-07-15T00:00:00-05:00,,$60.00,$60.00
"=""""906""""",Weekly Cleanup Service,Completed,Samuel Adams,"5596 Juniper Rd, Lovettsville, VA 20180",2024-08-03T00:00:00-04:00,2024-08-12T00:00:00-05:00,Mike Torres,$90.00,$0.00
"=""""907""""",2x monthly service,Completed,Nancy Clark,"27298 Lake Dr, Centreville, VA 20120",2024-02-12T00:00:00-04:00,2024-02-21T00:00:00-05:00,Sarah Mitchell,$60.00,$0.00
"=""""908""""",Bi-Weekly Cleanup Service,Scheduled,Anna Nguyen,"1828 Mulberry Ln, Centreville, VA 20120",2024-11-01T00:00:00-04:00,2024-11-06T00:00:00-05:00,,$40.00,$40.00
"=""""909""""",Weekly yard cleanup,Scheduled,Rebecca Martinez,"34157 Spruce St, Herndon, VA 20170",2024-10-05T00:00:00-04:00,2024-10-18T00:00:00-05:00,,$25.00,$25.00
"=""""910""""",Weekly - 2 dogs,Scheduled,Maria Taylor,"3729 Sycamore Ln, McLean, VA 22101",2022-11-12T00:00:00-04:00,2022-11-13T00:00:00-05:00,,$70.00,$70.00
"=""""911""""",Monthly Cleanup,Scheduled,Daniel Ramirez,"36163 Sunset Blvd, Bethesda, MD 20814",2022-10-20T00:00:00-04:00,2022-10-26T00:00:00-05:00,,$90.00,$90.00
"=""""912""""",Bi-weekly service,Completed,Maria Garcia,"34690 Hickory Ln, Round Hill, VA 20141",2025-01-31T00:00:00-04:00,2025-02-14T00:00:00-05:00,Sarah Mitchell,$25.00,$0.00
"=""""913""""",Weekly yard cleanup,Scheduled,Sandra Myers,"29691 Maple Ave, Burke, VA 22015",2025-03-21T00:00:00-04:00,2025-03-25T00:00:00-05:00,Jeremy Casanave,$90.00,$90.00
"=""""914""""",WK SVC,Scheduled,Sandra Myers,"29691 Maple Ave, Burke, VA 22015",2025-03-21T00:00:00-04:00,2025-03-24T00:00:00-05:00,Sarah Mitchell,$80.00,$80.00
"=""""915""""",Bi-weekly service,Scheduled,Helen Sullivan,"30061 Birch St, Sterling, VA 20164",2023-04-13T00:00:00-04:00,2023-04-27T00:00:00-05:00,Mike Torres,$50.00,$50.00
"=""""916""""",WK SVC,In Progress,Eric Moore,"22689 Birch St, Round Hill, VA 20141",2025-01-29T00:00:00-04:00,2025-02-01T00:00:00-05:00,Mike Torres,$35.00,$35.00
"=""""917""""",Every 2 Weeks - Pet Waste Removal,Scheduled,Raymond Wright,"26768 Cypress Ave, Chantilly, VA 20151",2022-10-26T00:00:00-04:00,2022-11-02T00:00:00-05:00,,$55.00,$55.00
"=""""918""""",2x monthly service,Awaiting Response,Ronald Roberts,"13342 Elm St, Bethesda, MD 20814",2022-05-16T00:00:00-04:00,2022-05-26T00:00:00-05:00,Jeremy Casanave,$35.00,$35.00
"=""""919""""",Weekly Pet Waste Removal,Scheduled,John Bailey,"29527 Hill Rd, Hamilton, VA 20158",2022-10-08T00:00:00-04:00,2022-10-22T00:00:00-05:00,Jeremy Casanave,$80.00,$80.00
"=""""920""""",Monthly waste removal,Scheduled,Lisa White,"38700 Spruce St, Rockville, MD 20850",2024-05-09T00:00:00-04:00,2024-05-12T00:00:00-05:00,Sarah Mitchell,$75.00,$75.00
"=""""921""""",Bi-Weekly Cleanup Service,Completed,Anna Jenkins,"31447 Pine Rd, Frederick, MD 21701",2024-01-18T00:00:00-04:00,2024-01-30T00:00:00-05:00,Jeremy Casanave,$70.00,$0.00
"=""""922""""",Weekly Pet Waste Removal,Scheduled,Nancy Lewis,"25879 Grove St, Bluemont, VA 20135",2025-03-12T00:00:00-04:00,2025-03-21T00:00:00-05:00,Sarah Mitchell,$45.00,$45.00
"=""""923""""",Weekly Pet Waste Removal,Completed,Pamela Moore,"36638 Mulberry Ln, Purcellville, VA 20132",2022-02-03T00:00:00-04:00,2022-02-06T00:00:00-05:00,Sarah Mitchell,$50.00,$0.00
"=""""924""""",Bi-Weekly Cleanup Service,In Progress,Nicole Powell,"33350 School St, Manassas, VA 20110",2022-06-22T00:00:00-04:00,2022-06-26T00:00:00-05:00,Sarah Mitchell,$35.00,$35.00
"=""""925""""",2x monthly service,Awaiting Response,Nicole Powell,"33350 School St, Manassas, VA 20110",2022-06-22T00:00:00-04:00,2022-06-27T00:00:00-05:00,,$50.00,$50.00
"=""""926""""",Weekly yard cleanup,Scheduled,Nicole Powell,"33350 School St, Manassas, VA 20110",2022-06-22T00:00:00-04:00,2022-06-28T00:00:00-05:00,Sarah Mitchell,$35.00,$35.00
"=""""927""""",Monthly Cleanup,In Progress,Frank Long,"35749 Willow Dr, Springfield, VA 22150",2024-07-14T00:00:00-04:00,2024-07-27T00:00:00-05:00,Jeremy Casanave,$45.00,$45.00
"=""""928""""",Every 2 Weeks - Pet Waste Removal,Scheduled,Amy Reyes,"33248 Dogwood Dr, Martinsburg, WV 25401",2025-03-27T00:00:00-04:00,2025-04-06T00:00:00-05:00,,$65.00,$65.00
"=""""929""""",BW Cleanup,Scheduled,Amy Reyes,"33248 Dogwood Dr, Martinsburg, WV 25401",2025-03-27T00:00:00-04:00,2025-04-01T00:00:00-05:00,Jeremy Casanave,$35.00,$35.00
"=""""930""""",WK SVC,Scheduled,James Phillips,"2059 Grove St, Woodbridge, VA 22191",2022-03-20T00:00:00-04:00,2022-03-27T00:00:00-05:00,,$90.00,$90.00
"=""""931""""",Weekly Pet Waste Removal,Scheduled,Melissa Wright,"12952 Hill Rd, Charles Town, WV 25414",2024-12-26T00:00:00-04:00,2025-01-06T00:00:00-05:00,Jeremy Casanave,$70.00,$70.00
"=""""932""""",Monthly waste removal,Scheduled,Matthew Cox,"5317 Ridge Rd, Manassas, VA 20110",2024-03-07T00:00:00-04:00,2024-03-21T00:00:00-05:00,Mike Torres,$40.00,$40.00
"=""""933""""",WK SVC,Completed,Carol Howard,"7060 Aspen Ct, Bethesda, MD 20814",2023-06-23T00:00:00-04:00,2023-06-26T00:00:00-05:00,,$55.00,$0.00
"=""""934""""",WK SVC,In Progress,Carol Howard,"7060 Aspen Ct, Bethesda, MD 20814",2023-06-23T00:00:00-04:00,2023-06-29T00:00:00-05:00,Jeremy Casanave,$70.00,$70.00
"=""""935""""",BW Cleanup,Scheduled,Michelle Reed,"598 Valley Rd, Alexandria, VA 22301",2024-09-12T00:00:00-04:00,2024-09-18T00:00:00-05:00,Sarah Mitchell,$90.00,$90.00
"=""""936""""",Weekly yard cleanup,Awaiting Response,Michelle Reed,"598 Valley Rd, Alexandria, VA 22301",2024-09-12T00:00:00-04:00,2024-09-13T00:00:00-05:00,,$70.00,$70.00
"=""""937""""",Weekly - 2 dogs,In Progress,Donald Wright,"5880 Ridge Rd, Haymarket, VA 20169",2023-03-20T00:00:00-04:00,2023-03-26T00:00:00-05:00,Sarah Mitchell,$40.00,$40.00
"=""""938""""",WK SVC,Scheduled,Janet Howard,"1152 Juniper Rd, Purcellville, VA 20132",2022-03-14T00:00:00-04:00,2022-03-19T00:00:00-05:00,Mike Torres,$60.00,$60.00
"=""""939""""",2x monthly service,Scheduled,Shirley Peterson,"17904 Grove St, Round Hill, VA 20141",2022-11-30T00:00:00-04:00,2022-12-11T00:00:00-05:00,Mike Torres,$40.00,$40.00
"=""""940""""",2x monthly service,Completed,Linda Adams,"29080 High St, Germantown, MD 20874",2023-07-27T00:00:00-04:00,2023-08-03T00:00:00-05:00,Jeremy Casanave,$35.00,$0.00
"=""""941""""",Weekly Pet Waste Removal,Scheduled,George Ortiz,"7876 Washington Blvd, Haymarket, VA 20169",2022-03-29T00:00:00-04:00,2022-04-03T00:00:00-05:00,,$40.00,$40.00
"=""""942""""",Monthly Cleanup,Scheduled,Samuel Robinson,"20899 Elm St, Warrenton, VA 20186",2023-02-22T00:00:00-04:00,2023-02-28T00:00:00-05:00,Jeremy Casanave,$60.00,$60.00
"=""""943""""",Weekly yard cleanup,Completed,Andrew Hill,"25385 Mulberry Ln, Clifton, VA 20124",2024-06-22T00:00:00-04:00,2024-06-29T00:00:00-05:00,Jeremy Casanave,$40.00,$0.00
"=""""944""""",Weekly Pet Waste Removal,Completed,Thomas Campbell,"13806 Elm St, Gainesville, VA 20155",2022-10-01T00:00:00-04:00,2022-10-06T00:00:00-05:00,Jeremy Casanave,$55.00,$0.00
"=""""945""""",Weekly Pet Waste Removal,Completed,Benjamin Flores,"34151 Church St, Bluemont, VA 20135",2022-02-19T00:00:00-04:00,2022-03-01T00:00:00-05:00,,$25.00,$0.00
"=""""946""""",Bi-weekly service,Scheduled,Daniel White,"36933 Cypress Ave, Burke, VA 22015",2022-10-19T00:00:00-04:00,2022-10-24T00:00:00-05:00,,$70.00,$70.00
"=""""947""""",Monthly waste removal,In Progress,Raymond Diaz,"28905 Lake Dr, Vienna, VA 22180",2024-06-26T00:00:00-04:00,2024-07-09T00:00:00-05:00,Jeremy Casanave,$65.00,$65.00
"=""""948""""",Weekly Pet Waste Removal,Completed,Michelle White,"6706 Walnut Ave, Fairfax, VA 22030",2025-02-06T00:00:00-04:00,2025-02-15T00:00:00-05:00,Jeremy Casanave,$30.00,$0.00
"=""""949""""",Weekly yard cleanup,Scheduled,Pamela Cox,"32153 Linden Ln, Sterling, VA 20164",2022-02-10T00:00:00-04:00,2022-02-22T00:00:00-05:00,Jeremy Casanave,$60.00,$60.00
"=""""950""""",Weekly Cleanup Service,Scheduled,Pamela Cox,"32153 Linden Ln, Sterling, VA 20164",2022-02-10T00:00:00-04:00,2022-02-11T00:00:00-05:00,Sarah Mitchell,$60.00,$60.00
"=""""951""""",Weekly - 2 dogs,Completed,Carolyn Jenkins,"276 Sunset Blvd, Shepherdstown, WV 25443",2023-05-20T00:00:00-04:00,2023-05-23T00:00:00-05:00,Jeremy Casanave,$90.00,$0.00
"=""""952""""",Monthly waste removal,Scheduled,Margaret Reed,"16027 Hill Rd, Silver Spring, MD 20901",2024-03-24T00:00:00-04:00,2024-04-07T00:00:00-05:00,Jeremy Casanave,$60.00,$60.00
"=""""953""""",Every 2 Weeks - Pet Waste Removal,Scheduled,Robert Garcia,"33094 Magnolia Ave, Silver Spring, MD 20901",2024-11-19T00:00:00-04:00,2024-12-01T00:00:00-05:00,Jeremy Casanave,$45.00,$45.00
"=""""954""""",Bi-Weekly Cleanup Service,Scheduled,Jennifer Sanchez,"37630 Chestnut St, Bluemont, VA 20135",2025-03-14T00:00:00-04:00,2025-03-21T00:00:00-05:00,Sarah Mitchell,$90.00,$90.00
"=""""955""""",Weekly - 2 dogs,Scheduled,Maria Hall,"18265 Linden Ln, Gaithersburg, MD 20877",2024-05-01T00:00:00-04:00,2024-05-04T00:00:00-05:00,Mike Torres,$50.00,$50.00
"=""""956""""",Weekly yard cleanup,Scheduled,Nicole Anderson,"7673 Spring St, Reston, VA 20190",2022-10-13T00:00:00-04:00,2022-10-20T00:00:00-05:00,Mike Torres,$100.00,$100.00
"=""""957""""",Weekly Pet Waste Removal,Awaiting Response,Joseph Carter,"8027 Juniper Rd, Purcellville, VA 20132",2023-02-10T00:00:00-04:00,2023-02-12T00:00:00-05:00,Sarah Mitchell,$60.00,$60.00
"=""""958""""",Monthly waste removal,Completed,Matthew Morris,"29941 Linden Ln, Vienna, VA 22180",2022-12-27T00:00:00-04:00,2023-01-01T00:00:00-05:00,Sarah Mitchell,$25.00,$0.00
"=""""959""""",Bi-weekly service,In Progress,Sarah Baker,"24713 Hill Rd, Gainesville, VA 20155",2024-02-19T00:00:00-04:00,2024-03-01T00:00:00-05:00,Jeremy Casanave,$30.00,$30.00
"=""""960""""",BW Cleanup,Completed,Carolyn Sanders,"1219 Park Ave, Rockville, MD 20850",2024-01-06T00:00:00-04:00,2024-01-11T00:00:00-05:00,,$70.00,$0.00
"=""""961""""",Weekly Cleanup Service,Scheduled,Patrick Jenkins,"27123 Mill Rd, Leesburg, VA 20175",2023-10-17T00:00:00-04:00,2023-10-28T00:00:00-05:00,Sarah Mitchell,$65.00,$65.00
"=""""962""""",Weekly Pet Waste Removal,Scheduled,Patrick Jenkins,"27123 Mill Rd, Leesburg, VA 20175",2023-10-17T00:00:00-04:00,2023-10-21T00:00:00-05:00,Jeremy Casanave,$70.00,$70.00
"=""""963""""",Weekly Cleanup Service,Scheduled,Patrick Jenkins,"27123 Mill Rd, Leesburg, VA 20175",2023-10-17T00:00:00-04:00,2023-10-24T00:00:00-05:00,Sarah Mitchell,$30.00,$30.00
"=""""964""""",Weekly Cleanup Service,Scheduled,Rachel Russell,"23901 Willow Dr, Leesburg, VA 20175",2023-09-24T00:00:00-04:00,2023-10-01T00:00:00-05:00,Sarah Mitchell,$90.00,$90.00
"=""""965""""",Monthly waste removal,Awaiting Response,Rachel Russell,"23901 Willow Dr, Leesburg, VA 20175",2023-09-24T00:00:00-04:00,2023-09-29T00:00:00-05:00,Jeremy Casanave,$80.00,$80.00
"=""""966""""",Weekly Pet Waste Removal,Scheduled,Sandra Gonzalez,"10708 Walnut Ave, Rockville, MD 20850",2024-01-21T00:00:00-04:00,2024-01-26T00:00:00-05:00,,$40.00,$40.00
"=""""967""""",Weekly - 2 dogs,Completed,Alexander Davis,"29785 Park Ave, Ranson, WV 25438",2022-04-08T00:00:00-04:00,2022-04-21T00:00:00-05:00,Mike Torres,$40.00,$0.00
"=""""968""""",Weekly Cleanup Service,In Progress,Betty Phillips,"12009 Creek Rd, Martinsburg, WV 25401",2024-05-29T00:00:00-04:00,2024-06-08T00:00:00-05:00,Mike Torres,$65.00,$65.00
"=""""969""""",Weekly Cleanup Service,Scheduled,Kenneth Myers,"32397 Cypress Ave, Silver Spring, MD 20901",2024-02-22T00:00:00-04:00,2024-02-27T00:00:00-05:00,Jeremy Casanave,$65.00,$65.00
"=""""970""""",Monthly waste removal,Completed,Benjamin Foster,"15514 Grove St, Bluemont, VA 20135",2022-08-18T00:00:00-04:00,2022-08-29T00:00:00-05:00,Jeremy Casanave,$30.00,$0.00
"=""""971""""",Every 2 Weeks - Pet Waste Removal,Scheduled,Dorothy Cox,"11885 Valley Rd, Bluemont, VA 20135",2022-06-22T00:00:00-04:00,2022-06-25T00:00:00-05:00,Jeremy Casanave,$65.00,$65.00
"=""""972""""",BW Cleanup,In Progress,Dorothy Cox,"11885 Valley Rd, Bluemont, VA 20135",2022-06-22T00:00:00-04:00,2022-06-29T00:00:00-05:00,,$30.00,$30.00
"=""""973""""",2x monthly service,Scheduled,Scott Sanders,"38018 Cherry St, Charles Town, WV 25414",2022-08-30T00:00:00-04:00,2022-09-09T00:00:00-05:00,Jeremy Casanave,$70.00,$70.00
"=""""974""""",Weekly Pet Waste Removal,Scheduled,Scott Sanders,"38018 Cherry St, Charles Town, WV 25414",2022-08-30T00:00:00-04:00,2022-09-02T00:00:00-05:00,Sarah Mitchell,$30.00,$30.00
"=""""975""""",Monthly Cleanup,Awaiting Response,Scott Sanders,"38018 Cherry St, Charles Town, WV 25414",2022-08-30T00:00:00-04:00,2022-09-11T00:00:00-05:00,Mike Torres,$50.00,$50.00
"=""""976""""",Weekly Cleanup Service,Scheduled,Amanda Stewart,"36355 Aspen Ct, Gainesville, VA 20155",2025-04-04T00:00:00-04:00,2025-04-10T00:00:00-05:00,Jeremy Casanave,$40.00,$40.00
"=""""977""""",BW Cleanup,Scheduled,Amanda Stewart,"36355 Aspen Ct, Gainesville, VA 20155",2025-04-04T00:00:00-04:00,2025-04-16T00:00:00-05:00,Jeremy Casanave,$60.00,$60.00
"=""""978""""",Monthly waste removal,Scheduled,Nicole Collins,"25248 Spruce St, Clifton, VA 20124",2024-07-16T00:00:00-04:00,2024-07-20T00:00:00-05:00,,$65.00,$65.00
"=""""979""""",2x monthly service,Scheduled,Sarah King,"39548 Chestnut St, Shepherdstown, WV 25443",2022-06-01T00:00:00-04:00,2022-06-14T00:00:00-05:00,Jeremy Casanave,$60.00,$60.00
"=""""980""""",2x monthly service,Scheduled,Raymond Gray,"7175 Mill Rd, Ranson, WV 25438",2023-05-25T00:00:00-04:00,2023-06-04T00:00:00-05:00,Mike Torres,$75.00,$75.00
"=""""981""""",Every 2 Weeks - Pet Waste Removal,Scheduled,Joshua Sullivan,"32579 River Rd, Haymarket, VA 20169",2022-03-06T00:00:00-04:00,2022-03-14T00:00:00-05:00,Jeremy Casanave,$75.00,$75.00
"=""""982""""",Every 2 Weeks - Pet Waste Removal,Awaiting Response,Joshua Sullivan,"32579 River Rd, Haymarket, VA 20169",2022-03-06T00:00:00-04:00,2022-03-15T00:00:00-05:00,Jeremy Casanave,$90.00,$90.00
"=""""983""""",Bi-weekly service,Scheduled,William Peterson,"8408 Main St, Silver Spring, MD 20901",2025-01-13T00:00:00-04:00,2025-01-27T00:00:00-05:00,Mike Torres,$75.00,$75.00
"=""""984""""",2x monthly service,Scheduled,Paul Hernandez,"21494 Juniper Rd, Alexandria, VA 22301",2025-01-07T00:00:00-04:00,2025-01-20T00:00:00-05:00,Sarah Mitchell,$70.00,$70.00
"=""""985""""",BW Cleanup,Scheduled,Paul Hernandez,"21494 Juniper Rd, Alexandria, VA 22301",2025-01-07T00:00:00-04:00,2025-01-21T00:00:00-05:00,Mike Torres,$65.00,$65.00
"=""""986""""",BW Cleanup,Scheduled,Stephen Murphy,"21551 Summit Ave, Bluemont, VA 20135",2022-10-04T00:00:00-04:00,2022-10-14T00:00:00-05:00,Sarah Mitchell,$30.00,$30.00
"=""""987""""",Weekly Cleanup Service,Completed,Ashley Sullivan,"31195 Washington Blvd, Lovettsville, VA 20180",2024-05-12T00:00:00-04:00,2024-05-20T00:00:00-05:00,Jeremy Casanave,$45.00,$0.00
"=""""988""""",Bi-Weekly Cleanup Service,Completed,Ashley Sullivan,"31195 Washington Blvd, Lovettsville, VA 20180",2024-05-12T00:00:00-04:00,2024-05-19T00:00:00-05:00,Jeremy Casanave,$30.00,$0.00
"=""""989""""",Monthly Cleanup,Scheduled,Ashley Sullivan,"31195 Washington Blvd, Lovettsville, VA 20180",2024-05-12T00:00:00-04:00,2024-05-16T00:00:00-05:00,Sarah Mitchell,$75.00,$75.00
"=""""990""""",2x monthly service,Scheduled,Debra Scott,"3376 Ridge Rd, Ranson, WV 25438",2024-05-17T00:00:00-04:00,2024-05-19T00:00:00-05:00,Sarah Mitchell,$50.00,$50.00
"=""""991""""",Weekly yard cleanup,Scheduled,Laura Flores,"27962 Hill Rd, Leesburg, VA 20175",2023-01-13T00:00:00-04:00,2023-01-24T00:00:00-05:00,,$35.00,$35.00
"=""""992""""",WK SVC,Scheduled,Stephanie Moore,"5281 Sunset Blvd, Ashburn, VA 20147",2024-11-24T00:00:00-04:00,2024-11-30T00:00:00-05:00,,$35.00,$35.00
"=""""993""""",2x monthly service,Scheduled,Stephanie Moore,"5281 Sunset Blvd, Ashburn, VA 20147",2024-11-24T00:00:00-04:00,2024-11-26T00:00:00-05:00,Sarah Mitchell,$25.00,$25.00
"=""""994""""",2x monthly service,In Progress,Jacob Bennett,"12937 Washington Blvd, Herndon, VA 20170",2024-07-02T00:00:00-04:00,2024-07-04T00:00:00-05:00,,$80.00,$80.00
"=""""995""""",Monthly waste removal,Scheduled,Samantha Stewart,"13462 Sycamore Ln, Hamilton, VA 20158",2024-05-30T00:00:00-04:00,2024-06-08T00:00:00-05:00,Mike Torres,$65.00,$65.00
"=""""996""""",Bi-weekly service,Awaiting Response,Stephen Hall,"20400 Hill Rd, Vienna, VA 22180",2024-01-12T00:00:00-04:00,2024-01-22T00:00:00-05:00,Jeremy Casanave,$40.00,$40.00
"=""""997""""",WK SVC,Scheduled,Katherine Cox,"2833 Main St, Springfield, VA 22150",2025-01-21T00:00:00-04:00,2025-01-29T00:00:00-05:00,,$50.00,$50.00
"=""""998""""",Bi-weekly service,Scheduled,Sandra Flores,"28971 Cherry St, Charles Town, WV 25414",2023-07-26T00:00:00-04:00,2023-07-29T00:00:00-05:00,Sarah Mitchell,$100.00,$100.00
"=""""999""""",Weekly - 2 dogs,Scheduled,Jason Miller,"31236 Hawthorn Dr, Lovettsville, VA 20180",2023-10-19T00:00:00-04:00,2023-10-26T00:00:00-05:00,Sarah Mitchell,$55.00,$55.00
"=""""1000""""",WK SVC,Scheduled,Angela Foster,"38525 Sycamore Ln, Martinsburg, WV 25401",2024-09-12T00:00:00-04:00,2024-09-17T00:00:00-05:00,Jeremy Casanave,$55.00,$55.00
"=""""1001""""",Bi-Weekly Cleanup Service,Scheduled,Debra Moore,"25091 Main St, Germantown, MD 20874",2024-12-03T00:00:00-04:00,2024-12-17T00:00:00-05:00,Mike Torres,$75.00,$75.00
"=""""1002""""",BW Cleanup,Awaiting Response,James Williams,"24964 Lake Dr, Martinsburg, WV 25401",2022-01-23T00:00:00-04:00,2022-02-03T00:00:00-05:00,Sarah Mitchell,$55.00,$55.00
"=""""1003""""",Monthly Cleanup,Scheduled,James Williams,"24964 Lake Dr, Martinsburg, WV 25401",2022-01-23T00:00:00-04:00,2022-02-05T00:00:00-05:00,Jeremy Casanave,$80.00,$80.00
"=""""1004""""",Weekly - 2 dogs,In Progress,James Williams,"24964 Lake Dr, Martinsburg, WV 25401",2022-01-23T00:00:00-04:00,2022-02-05T00:00:00-05:00,Jeremy Casanave,$30.00,$30.00
"=""""1005""""",BW Cleanup,Awaiting Response,George Flores,"339 Valley Rd, Purcellville, VA 20132",2024-01-28T00:00:00-04:00,2024-02-07T00:00:00-05:00,Mike Torres,$25.00,$25.00
"=""""1006""""",Bi-Weekly Cleanup Service,Scheduled,George Flores,"339 Valley Rd, Purcellville, VA 20132",2024-01-28T00:00:00-04:00,2024-01-31T00:00:00-05:00,Sarah Mitchell,$65.00,$65.00
"=""""1007""""",2x monthly service,Scheduled,Anna Adams,"2849 Sycamore Ln, Gaithersburg, MD 20877",2025-01-27T00:00:00-04:00,2025-01-29T00:00:00-05:00,Sarah Mitchell,$50.00,$50.00
"=""""1008""""",Weekly Cleanup Service,Awaiting Response,Deborah James,"18471 Washington Blvd, Reston, VA 20190",2022-11-30T00:00:00-04:00,2022-12-05T00:00:00-05:00,Mike Torres,$60.00,$60.00
"=""""1009""""",WK SVC,Awaiting Response,Michael Russell,"36377 Creek Rd, Ashburn, VA 20147",2024-11-01T00:00:00-04:00,2024-11-11T00:00:00-05:00,Mike Torres,$70.00,$70.00
"=""""1010""""",Bi-weekly service,Scheduled,Brandon Adams,"31916 Sycamore Ln, Bluemont, VA 20135",2022-07-04T00:00:00-04:00,2022-07-12T00:00:00-05:00,Jeremy Casanave,$70.00,$70.00
"=""""1011""""",Bi-Weekly Cleanup Service,Completed,Kathleen Rodriguez,"6094 Lake Dr, Hamilton, VA 20158",2022-06-26T00:00:00-04:00,2022-06-28T00:00:00-05:00,Mike Torres,$40.00,$0.00
"=""""1012""""",Weekly yard cleanup,Scheduled,Kathleen Rodriguez,"6094 Lake Dr, Hamilton, VA 20158",2022-06-26T00:00:00-04:00,2022-07-10T00:00:00-05:00,Mike Torres,$100.00,$100.00
"=""""1013""""",Weekly - 2 dogs,Scheduled,Sandra Murphy,"30402 Elm St, Purcellville, VA 20132",2023-06-10T00:00:00-04:00,2023-06-13T00:00:00-05:00,Jeremy Casanave,$90.00,$90.00
"=""""1014""""",Monthly waste removal,Scheduled,Sandra Murphy,"30402 Elm St, Purcellville, VA 20132",2023-06-10T00:00:00-04:00,2023-06-24T00:00:00-05:00,,$25.00,$25.00
"=""""1015""""",Monthly Cleanup,Scheduled,Sandra Murphy,"30402 Elm St, Purcellville, VA 20132",2023-06-10T00:00:00-04:00,2023-06-21T00:00:00-05:00,Mike Torres,$80.00,$80.00
"=""""1016""""",Weekly Cleanup Service,Awaiting Response,Carolyn Adams,"30792 Birch St, Silver Spring, MD 20901",2023-06-11T00:00:00-04:00,2023-06-24T00:00:00-05:00,Jeremy Casanave,$60.00,$60.00
"=""""1017""""",Bi-weekly service,Scheduled,Patrick Gomez,"5516 Spring St, Germantown, MD 20874",2023-12-22T00:00:00-04:00,2024-01-05T00:00:00-05:00,Jeremy Casanave,$30.00,$30.00
"=""""1018""""",Monthly Cleanup,In Progress,Cynthia Nguyen,"15956 Summit Ave, Silver Spring, MD 20901",2025-01-22T00:00:00-04:00,2025-02-03T00:00:00-05:00,Sarah Mitchell,$50.00,$50.00
"=""""1019""""",Every 2 Weeks - Pet Waste Removal,In Progress,Stephen Lewis,"12894 Aspen Ct, Bethesda, MD 20814",2023-09-03T00:00:00-04:00,2023-09-16T00:00:00-05:00,Jeremy Casanave,$65.00,$65.00
"=""""1020""""",Weekly - 2 dogs,Awaiting Response,Michael Cook,"22091 Creek Rd, Shepherdstown, WV 25443",2022-01-20T00:00:00-04:00,2022-01-27T00:00:00-05:00,,$90.00,$90.00
"=""""1021""""",Every 2 Weeks - Pet Waste Removal,Awaiting Response,Jennifer Bailey,"15407 Park Ave, Ashburn, VA 20147",2022-02-09T00:00:00-04:00,2022-02-10T00:00:00-05:00,Jeremy Casanave,$35.00,$35.00
"=""""1022""""",Weekly yard cleanup,Awaiting Response,Jennifer Bailey,"15407 Park Ave, Ashburn, VA 20147",2022-02-09T00:00:00-04:00,2022-02-20T00:00:00-05:00,Jeremy Casanave,$65.00,$65.00
"=""""1023""""",WK SVC,Scheduled,Michael Morales,"24410 Mill Rd, Charles Town, WV 25414",2022-10-04T00:00:00-04:00,2022-10-13T00:00:00-05:00,Jeremy Casanave,$75.00,$75.00
"=""""1024""""",Bi-weekly service,Awaiting Response,Mary Lee,"22202 Spring St, Sterling, VA 20164",2023-11-27T00:00:00-04:00,2023-12-10T00:00:00-05:00,Sarah Mitchell,$30.00,$30.00
"=""""1025""""",2x monthly service,Scheduled,Patrick Johnson,"8361 Cedar Ln, Chantilly, VA 20151",2025-01-16T00:00:00-04:00,2025-01-21T00:00:00-05:00,,$40.00,$40.00
"=""""1026""""",WK SVC,Awaiting Response,Brandon Thompson,"37264 Summit Ave, Burke, VA 22015",2024-04-14T00:00:00-04:00,2024-04-20T00:00:00-05:00,,$50.00,$50.00
"=""""1027""""",Monthly Cleanup,Completed,Pamela Stewart,"31393 Main St, Shepherdstown, WV 25443",2023-03-23T00:00:00-04:00,2023-04-05T00:00:00-05:00,Jeremy Casanave,$25.00,$0.00
"=""""1028""""",2x monthly service,Scheduled,John Smith,"21601 Oak St, Centreville, VA 20120",2023-03-12T00:00:00-04:00,2023-03-26T00:00:00-05:00,Jeremy Casanave,$55.00,$55.00
"=""""1029""""",Weekly Cleanup Service,Completed,Susan Rogers,"37631 River Rd, Vienna, VA 22180",2022-03-07T00:00:00-04:00,2022-03-12T00:00:00-05:00,Sarah Mitchell,$50.00,$0.00
"=""""1030""""",BW Cleanup,Scheduled,Ashley Smith,"16698 Church St, Bethesda, MD 20814",2024-06-28T00:00:00-04:00,2024-07-05T00:00:00-05:00,Jeremy Casanave,$30.00,$30.00
"=""""1031""""",BW Cleanup,Scheduled,Ashley Smith,"16698 Church St, Bethesda, MD 20814",2024-06-28T00:00:00-04:00,2024-07-05T00:00:00-05:00,Sarah Mitchell,$60.00,$60.00
"=""""1032""""",WK SVC,Scheduled,Ryan Nelson,"5849 Forest Dr, Vienna, VA 22180",2022-04-06T00:00:00-04:00,2022-04-07T00:00:00-05:00,,$30.00,$30.00
"=""""1033""""",WK SVC,Scheduled,Ryan Nelson,"5849 Forest Dr, Vienna, VA 22180",2022-04-06T00:00:00-04:00,2022-04-14T00:00:00-05:00,Jeremy Casanave,$55.00,$55.00
"=""""1034""""",Bi-weekly service,Scheduled,Frank Jackson,"16866 Poplar St, Lovettsville, VA 20180",2022-08-23T00:00:00-04:00,2022-08-28T00:00:00-05:00,Jeremy Casanave,$70.00,$70.00
"=""""1035""""",Bi-weekly service,Scheduled,Sharon Ramirez,"38670 Ridge Rd, Bluemont, VA 20135",2025-02-12T00:00:00-04:00,2025-02-16T00:00:00-05:00,,$60.00,$60.00
"=""""1036""""",Monthly waste removal,In Progress,Kathleen Ward,"39988 River Rd, Clifton, VA 20124",2023-09-29T00:00:00-04:00,2023-10-06T00:00:00-05:00,Mike Torres,$45.00,$45.00
"=""""1037""""",Weekly - 2 dogs,In Progress,Christopher Smith,"8453 Cypress Ave, Germantown, MD 20874",2022-07-01T00:00:00-04:00,2022-07-04T00:00:00-05:00,Jeremy Casanave,$50.00,$50.00
"=""""1038""""",Bi-weekly service,Scheduled,Christopher Smith,"8453 Cypress Ave, Germantown, MD 20874",2022-07-01T00:00:00-04:00,2022-07-12T00:00:00-05:00,Sarah Mitchell,$35.00,$35.00
"=""""1039""""",Every 2 Weeks - Pet Waste Removal,Scheduled,Maria Howard,"768 Hill Rd, McLean, VA 22101",2022-11-02T00:00:00-04:00,2022-11-07T00:00:00-05:00,Jeremy Casanave,$65.00,$65.00
"=""""1040""""",Weekly Cleanup Service,Scheduled,Maria Howard,"768 Hill Rd, McLean, VA 22101",2022-11-02T00:00:00-04:00,2022-11-04T00:00:00-05:00,Sarah Mitchell,$60.00,$60.00
"=""""1041""""",WK SVC,Scheduled,Amanda Taylor,"2815 Hill Rd, McLean, VA 22101",2024-03-21T00:00:00-04:00,2024-04-04T00:00:00-05:00,Jeremy Casanave,$55.00,$55.00
"=""""1042""""",Monthly Cleanup,In Progress,Maria Howard,"18181 Elm St, Germantown, MD 20874",2022-08-31T00:00:00-04:00,2022-09-10T00:00:00-05:00,,$25.00,$25.00
"=""""1043""""",BW Cleanup,Scheduled,Brenda Mitchell,"15426 Willow Dr, Clifton, VA 20124",2022-05-04T00:00:00-04:00,2022-05-07T00:00:00-05:00,Sarah Mitchell,$45.00,$45.00
"=""""1044""""",Weekly Pet Waste Removal,Scheduled,Sharon Turner,"37295 Birch St, Alexandria, VA 22301",2023-01-24T00:00:00-04:00,2023-02-04T00:00:00-05:00,Jeremy Casanave,$35.00,$35.00
"=""""1045""""",Monthly Cleanup,Scheduled,Elizabeth Nguyen,"22613 Linden Ln, Herndon, VA 20170",2024-11-20T00:00:00-04:00,2024-11-23T00:00:00-05:00,Jeremy Casanave,$40.00,$40.00
"=""""1046""""",Every 2 Weeks - Pet Waste Removal,Awaiting Response,Debra Cruz,"5646 Hawthorn Dr, Haymarket, VA 20169",2022-10-02T00:00:00-04:00,2022-10-09T00:00:00-05:00,Jeremy Casanave,$40.00,$40.00
"=""""1047""""",Every 2 Weeks - Pet Waste Removal,Awaiting Response,Christine Davis,"13358 Cedar Ln, Manassas, VA 20110",2022-02-27T00:00:00-04:00,2022-03-06T00:00:00-05:00,Sarah Mitchell,$55.00,$55.00
"=""""1048""""",2x monthly service,Awaiting Response,Christine Davis,"13358 Cedar Ln, Manassas, VA 20110",2022-02-27T00:00:00-04:00,2022-03-09T00:00:00-05:00,,$30.00,$30.00
"=""""1049""""",Every 2 Weeks - Pet Waste Removal,Awaiting Response,Frank Wood,"38558 High St, Charles Town, WV 25414",2025-03-01T00:00:00-04:00,2025-03-04T00:00:00-05:00,Sarah Mitchell,$100.00,$100.00
"=""""1050""""",Every 2 Weeks - Pet Waste Removal,Scheduled,Nancy Roberts,"38341 Valley Rd, Germantown, MD 20874",2023-09-25T00:00:00-04:00,2023-10-01T00:00:00-05:00,Sarah Mitchell,$75.00,$75.00
"=""""1051""""",Monthly waste removal,Scheduled,Nancy Roberts,"38341 Valley Rd, Germantown, MD 20874",2023-09-25T00:00:00-04:00,2023-10-02T00:00:00-05:00,Jeremy Casanave,$55.00,$55.00
"=""""1052""""",Weekly Cleanup Service,Scheduled,Raymond Rogers,"32585 Sycamore Ln, Sterling, VA 20164",2024-01-25T00:00:00-04:00,2024-01-29T00:00:00-05:00,Mike Torres,$35.00,$35.00
"=""""1053""""",Weekly Cleanup Service,Scheduled,Raymond Rogers,"32585 Sycamore Ln, Sterling, VA 20164",2024-01-25T00:00:00-04:00,2024-01-27T00:00:00-05:00,Sarah Mitchell,$100.00,$100.00
"=""""1054""""",Monthly Cleanup,Awaiting Response,Christopher Clark,"33227 Poplar St, Martinsburg, WV 25401",2024-10-15T00:00:00-04:00,2024-10-28T00:00:00-05:00,Mike Torres,$100.00,$100.00
"=""""1055""""",Weekly yard cleanup,Awaiting Response,Karen Murphy,"34122 Cedar Ln, Warrenton, VA 20186",2022-09-20T00:00:00-04:00,2022-09-21T00:00:00-05:00,Jeremy Casanave,$30.00,$30.00
"=""""1056""""",WK SVC,Awaiting Response,Jason Brown,"14361 Willow Dr, Sterling, VA 20164",2023-02-10T00:00:00-04:00,2023-02-14T00:00:00-05:00,Jeremy Casanave,$60.00,$60.00
"=""""1057""""",Weekly Cleanup Service,Scheduled,Ronald Thompson,"22642 Hill Rd, Springfield, VA 22150",2022-12-13T00:00:00-04:00,2022-12-24T00:00:00-05:00,Sarah Mitchell,$25.00,$25.00
"=""""1058""""",BW Cleanup,Scheduled,Nicole James,"23302 Mill Rd, Alexandria, VA 22301",2024-08-19T00:00:00-04:00,2024-08-26T00:00:00-05:00,Sarah Mitchell,$35.00,$35.00
"=""""1059""""",2x monthly service,Completed,Angela White,"10480 Valley Rd, Bethesda, MD 20814",2024-03-22T00:00:00-04:00,2024-03-27T00:00:00-05:00,,$80.00,$0.00
"=""""1060""""",Monthly waste removal,Scheduled,Nicole Nguyen,"12167 Sunset Blvd, Reston, VA 20190",2023-11-23T00:00:00-04:00,2023-11-24T00:00:00-05:00,,$80.00,$80.00
"=""""1061""""",Every 2 Weeks - Pet Waste Removal,Scheduled,Ashley Rodriguez,"32329 High St, Charles Town, WV 25414",2023-09-17T00:00:00-04:00,2023-09-18T00:00:00-05:00,Mike Torres,$45.00,$45.00
"=""""1062""""",Every 2 Weeks - Pet Waste Removal,Completed,Mark Roberts,"15123 Chestnut St, Charles Town, WV 25414",2023-07-21T00:00:00-04:00,2023-07-25T00:00:00-05:00,,$30.00,$0.00
"=""""1063""""",Weekly yard cleanup,Completed,Mark Roberts,"15123 Chestnut St, Charles Town, WV 25414",2023-07-21T00:00:00-04:00,2023-07-29T00:00:00-05:00,Jeremy Casanave,$60.00,$0.00
"=""""1064""""",Bi-Weekly Cleanup Service,Scheduled,Mark Roberts,"15123 Chestnut St, Charles Town, WV 25414",2023-07-21T00:00:00-04:00,2023-07-27T00:00:00-05:00,Mike Torres,$55.00,$55.00
"=""""1065""""",Weekly Pet Waste Removal,Scheduled,Benjamin Foster,"5178 Chestnut St, Lovettsville, VA 20180",2022-07-07T00:00:00-04:00,2022-07-08T00:00:00-05:00,Jeremy Casanave,$90.00,$90.00
"=""""1066""""",WK SVC,Scheduled,Stephen Bailey,"9084 Maple Ave, Round Hill, VA 20141",2024-10-13T00:00:00-04:00,2024-10-24T00:00:00-05:00,Jeremy Casanave,$70.00,$70.00
"=""""1067""""",Bi-Weekly Cleanup Service,Completed,Stephen Bailey,"9084 Maple Ave, Round Hill, VA 20141",2024-10-13T00:00:00-04:00,2024-10-21T00:00:00-05:00,,$60.00,$0.00
"=""""1068""""",WK SVC,Scheduled,Barbara Sanchez,"30427 Spruce St, Charles Town, WV 25414",2022-06-01T00:00:00-04:00,2022-06-07T00:00:00-05:00,,$35.00,$35.00
"=""""1069""""",Bi-Weekly Cleanup Service,Scheduled,Nancy Taylor,"22324 Chestnut St, Frederick, MD 21701",2023-05-01T00:00:00-04:00,2023-05-02T00:00:00-05:00,Jeremy Casanave,$90.00,$90.00
"=""""1070""""",Every 2 Weeks - Pet Waste Removal,Awaiting Response,Nancy Taylor,"22324 Chestnut St, Frederick, MD 21701",2023-05-01T00:00:00-04:00,2023-05-03T00:00:00-05:00,Mike Torres,$100.00,$100.00
"=""""1071""""",Weekly yard cleanup,Scheduled,Joseph James,"2123 Magnolia Ave, McLean, VA 22101",2022-10-24T00:00:00-04:00,2022-11-06T00:00:00-05:00,Jeremy Casanave,$80.00,$80.00
"=""""1072""""",Weekly - 2 dogs,Scheduled,Ronald Hall,"17252 School St, Centreville, VA 20120",2022-09-06T00:00:00-04:00,2022-09-13T00:00:00-05:00,,$75.00,$75.00
